model_type,sequence_window,hidden_dim,learning_rate,dropout,num_layers,batch_size,weight_decay,random_seed,epochs_ran,best_epoch,final_train_loss,best_val_loss,is_default_config,validation_delta_n,validation_delta_MAE,validation_delta_RMSE,validation_delta_R2,validation_reconstructed_level_n,validation_reconstructed_level_MAE,validation_reconstructed_level_RMSE,validation_reconstructed_level_R2,asean_validation_delta_n,asean_validation_delta_MAE,asean_validation_delta_RMSE,asean_validation_delta_R2,asean_validation_reconstructed_level_n,asean_validation_reconstructed_level_MAE,asean_validation_reconstructed_level_RMSE,asean_validation_reconstructed_level_R2,test_delta_n,test_delta_MAE,test_delta_RMSE,test_delta_R2,test_reconstructed_level_n,test_reconstructed_level_MAE,test_reconstructed_level_RMSE,test_reconstructed_level_R2,asean_test_delta_n,asean_test_delta_MAE,asean_test_delta_RMSE,asean_test_delta_R2,asean_test_reconstructed_level_n,asean_test_reconstructed_level_MAE,asean_test_reconstructed_level_RMSE,asean_test_reconstructed_level_R2
LSTM,3,24,0.003,0.05,2,256,0.001,214,18,12,0.07994175422936678,0.16769570112228394,False,789,0.2951945032026378,0.4095066521234224,0.22643168303031247,789,0.2951945032026378,0.4095066521234224,0.5359452455596392,30,0.1926378126998742,0.3024035041128899,0.46163245479380965,30,0.1926378126998742,0.3024035041128899,0.2345802699114634,526,0.4082667992079893,0.5187367466215603,0.15384494895213663,526,0.40826679920798925,0.5187367466215603,0.2126960842107526,20,0.2220575190037489,0.2497664715242622,-1.0138851736873877,20,0.2220575190037489,0.2497664715242622,-1.0014556243673227
LSTM,7,48,0.003,0.15,1,256,0.0001,327,12,6,0.07916360031813383,0.15961778163909912,False,787,0.2900154864801688,0.39952194061726526,0.26533361225799923,787,0.2900154864801688,0.39952194061726526,0.5594005808488922,30,0.20479972669283547,0.3072875475782379,0.44410194386305735,30,0.20479972669283547,0.3072875475782379,0.2096564069029837,526,0.3993384101255425,0.487744856137251,0.25193158335527754,526,0.3993384101255425,0.487744856137251,0.3039606713056926,20,0.23707994372546679,0.265354330231242,-1.2731012760030787,20,0.23707994372546679,0.265354330231242,-1.2590718642030745
LSTM,7,48,0.001,0.05,2,256,0.001,318,12,6,0.10747969187796116,0.16859139502048492,False,787,0.298767055805711,0.41059882868554454,0.22403110319617836,787,0.298767055805711,0.41059882868554454,0.5346303425397015,30,0.2084280325492223,0.31668878672632705,0.40956702409544654,30,0.2084280325492223,0.31668878672632705,0.16055666230929722,526,0.3683647279315575,0.4776911110187505,0.2824531814011929,526,0.3683647279315575,0.4776911110187505,0.3323594542804401,20,0.17197564867138862,0.1942679026387503,-0.21834007686156354,20,0.17197564867138862,0.1942679026387503,-0.21082057263569176
GRU,3,16,0.001,0.15,2,256,0.0001,49,22,16,0.13709862157702446,0.16358889639377594,False,789,0.2930064086166172,0.4044612516776787,0.24537603149696674,789,0.2930064086166172,0.4044612516776787,0.5473097427641832,30,0.20913042689959208,0.3354414935690949,0.33757182065428815,30,0.20913042689959208,0.3354414935690949,0.05819806050224474,526,0.35548350336887086,0.4634135345472227,0.3247052849628733,526,0.35548350336887086,0.4634135345472227,0.3716728715356449,20,0.19218676691055298,0.2083278391990751,-0.40107391058991526,20,0.19218676691055298,0.2083278391990751,-0.39242658675027053
LSTM,3,24,0.001,0.15,2,256,0.001,210,30,24,0.11129871693750222,0.16081732511520386,False,789,0.29135847924187,0.40102034520649044,0.2581611642723203,789,0.29135847924187,0.40102034520649044,0.5549793971701387,30,0.21006129358510175,0.32106520795008564,0.3931355118174069,30,0.21006129358510175,0.32106520795008564,0.13719529180174428,526,0.37741759024611443,0.4794725566440062,0.2770913309156553,526,0.37741759024611443,0.4794725566440062,0.3273705271589715,20,0.19086415835171933,0.21654484602834573,-0.5137777956154774,20,0.19086415835171933,0.21654484602834573,-0.5044348717903959
LSTM,7,16,0.001,0.15,2,256,0.0001,289,19,13,0.12823684886097908,0.18440115451812744,False,787,0.31367830695009297,0.42941954786805603,0.15126419822682702,787,0.31367830695009297,0.42941954786805603,0.4909900500234483,30,0.21011935348113378,0.3231529650240967,0.3852174631219094,30,0.21011935348113372,0.3231529650240967,0.12593786971287313,526,0.36652192768159925,0.4701085073705008,0.3050522639440417,526,0.3665219276815993,0.47010850737050075,0.35338674255012026,20,0.244186474916339,0.268522501962428,-1.327704239860576,20,0.244186474916339,0.268522501962428,-1.3133378226338692
GRU,3,48,0.003,0.15,2,256,0.001,90,11,5,0.11708835667620103,0.16548223793506622,False,789,0.3026787291127617,0.4067950802971627,0.2366422200257544,789,0.3026787291127617,0.4067950802971627,0.5420704295080785,30,0.210919221435984,0.31043493272179223,0.4326560812237946,30,0.210919221435984,0.31043493272179223,0.19338334369554322,526,0.3747759848735632,0.4754225776829619,0.28925219321713325,526,0.3747759848735632,0.4754225776829619,0.33868558637592094,20,0.18940836669802666,0.2125367756526508,-0.4582587899595205,20,0.18940836669802666,0.2125367756526508,-0.4492585253029051
LSTM,7,16,0.003,0.15,1,256,0.001,296,15,9,0.09356165826320648,0.17202715575695038,False,787,0.307801516454132,0.4147615649753241,0.20821747858021,787,0.307801516454132,0.4147615649753241,0.5251464816516543,30,0.21127020500500995,0.32948571309790087,0.36088588641922625,30,0.21127020500500995,0.32948571309790087,0.09134464610898085,526,0.3641909657716751,0.4585058563560406,0.33893266558621693,526,0.3641909657716751,0.4585058563560406,0.38491072015725514,20,0.21372383138239384,0.2451746973862865,-0.9405182135849259,20,0.21372383138239384,0.2451746973862865,-0.9285414796790519
LSTM,7,48,0.003,0.15,2,256,0.001,330,10,4,0.1000650055706501,0.1636437624692917,False,787,0.30013806524414577,0.40452906702804475,0.246803371677492,787,0.30013806524414577,0.40452906702804475,0.5482874914620277,30,0.21166589992443716,0.3206479373261089,0.39471190293690994,30,0.21166589992443716,0.3206479373261089,0.1394365132051293,526,0.4024807900072504,0.4934043424753463,0.2344706283684459,526,0.4024807900072504,0.4934043424753463,0.28771414743571366,20,0.24252903030514722,0.25557532891278933,-1.1086489513694957,20,0.24252903030514722,0.25557532891278933,-1.095634527070536
GRU,7,16,0.001,0.15,2,256,0.001,146,20,14,0.1295761503279209,0.17128919064998627,False,787,0.30580566913567325,0.4138709807539543,0.2116140901511273,787,0.30580566913567325,0.4138709807539543,0.5271835220147336,30,0.2129562400480111,0.31885443649109024,0.40146416013823627,30,0.2129562400480111,0.31885443649109024,0.1490364806076,526,0.3689466121152553,0.4751811170674452,0.2899739680332313,526,0.3689466121152553,0.4751811170674452,0.3393571608566598,20,0.21315980820059774,0.2294870692991347,-0.7001328818258576,20,0.21315980820059774,0.2294870692991347,-0.6896397882863552
LSTM,7,48,0.001,0.15,2,256,0.001,322,17,11,0.10564702935516834,0.16322480142116547,False,787,0.29567621621500884,0.40401088348617253,0.24873175781232992,787,0.29567621621500884,0.40401088348617253,0.5494439970883707,30,0.21351227590839067,0.31142096330871577,0.4290462626429813,30,0.21351227590839067,0.31142096330871577,0.18825111314339027,526,0.3882898055560915,0.47522664317254854,0.2898379093091864,526,0.3882898055560915,0.47522664317254854,0.33923056518594297,20,0.2642070736825467,0.2792536279058212,-1.5174686752878386,20,0.2642070736825467,0.2792536279058212,-1.5019310460972348
LSTM,5,48,0.001,0.15,1,256,0.001,272,12,6,0.11200500652194023,0.16966716945171356,False,789,0.2995397981724812,0.41190676948666594,0.21733734639987645,789,0.2995397981724812,0.41190676948666594,0.530489657398574,30,0.2136366960018873,0.33748815558341255,0.3294636846386212,30,0.21363669600188726,0.33748815558341255,0.04667038329381279,526,0.3635039606162351,0.4647297478324757,0.32086381696819866,526,0.3635039606162351,0.4647297478324757,0.3680985824135259,20,0.2074087847113609,0.22777959062028535,-0.6749276176126495,20,0.2074087847113609,0.22777959062028535,-0.664590089086861
LSTM,7,24,0.003,0.15,2,256,0.001,314,11,5,0.10533679649233818,0.17109067738056183,False,787,0.29832955624809276,0.4136310903625746,0.21252776326197154,787,0.29832955624809276,0.4136310903625746,0.5277314766355639,30,0.21386713920136294,0.3553511495502038,0.25660320907082523,30,0.21386713920136294,0.3553511495502038,-0.05691841220437399,526,0.3508818600675509,0.46711440395632736,0.3138762663268517,526,0.3508818600675509,0.46711440395632736,0.36159702460222953,20,0.1524515997208655,0.17575309628922697,0.002822668725201649,20,0.1524515997208655,0.17575309628922697,0.0089771729550715
LSTM,5,48,0.003,0.05,2,256,0.001,278,11,5,0.08330303125760773,0.17360877990722656,False,789,0.30281819893380085,0.41666387111046077,0.1991550504734202,789,0.3028181989338008,0.4166638711104608,0.5195823067661614,30,0.21389679232835765,0.32014537013676675,0.39660781125347455,30,0.21389679232835765,0.32014537013676675,0.1421320056152109,526,0.3878227897470554,0.47564004335061105,0.2886018303466955,526,0.3878227897470554,0.47564004335061105,0.3380804570512831,20,0.2369149741709232,0.26168711731415045,-1.2107066302312974,20,0.2369149741709232,0.26168711731415045,-1.1970623135385323
LSTM,3,24,0.003,0.15,1,256,0.0001,215,17,11,0.08727499439070623,0.16493777930736542,False,789,0.3006250636173018,0.4061253300023785,0.23915374611153906,789,0.3006250636173018,0.4061253300023785,0.543577065179993,30,0.21525944970324634,0.32995186981600266,0.35907616854815627,30,0.21525944970324634,0.32995186981600266,0.08877169427199694,526,0.40208183325014074,0.5042214245421299,0.20053673383239856,526,0.40208183325014074,0.5042214245421299,0.2561403974319473,20,0.248066510490235,0.29720361149665564,-1.8515079876585818,20,0.248066510490235,0.29720361149665564,-1.8339086927075856
GRU,7,24,0.001,0.15,2,256,0.0001,161,19,13,0.12512986920773983,0.15684080123901367,False,787,0.29897813345895186,0.3960313177180279,0.2781150907556742,787,0.29897813345895186,0.3960313177180279,0.5670659812209937,30,0.21587364273667337,0.3194105358856715,0.3993745817584571,30,0.21587364273667337,0.3194105358856715,0.1460656393418308,526,0.37759294784635644,0.47474059567945665,0.29128983121973917,526,0.37759294784635644,0.47474059567945665,0.34058150412341415,20,0.2245421112060547,0.23931442490797875,-0.8488606586841299,20,0.2245421112060547,0.23931442490797875,-0.8374496283814608
GRU,7,24,0.003,0.15,2,256,0.0001,169,13,7,0.09885425269603729,0.1640247106552124,False,787,0.29737277351211866,0.4049996377246977,0.24505003210975174,787,0.29737277351211866,0.4049996377246977,0.5472359660240729,30,0.2161802906254927,0.30895614913265396,0.4380483906202205,30,0.2161802906254927,0.30895614913265396,0.2010498162374299,526,0.40191029410262524,0.4995675136784087,0.21522655097769838,526,0.4019102941026253,0.4995675136784087,0.2698085195407739,20,0.22762626630514865,0.2477267804136701,-0.9811271249333942,20,0.22762626630514865,0.2477267804136701,-0.9688997558507808
LSTM,7,24,0.001,0.15,2,256,0.0001,305,16,10,0.1254488192498684,0.17159369587898254,False,787,0.30531694351937594,0.414238689833023,0.21021256430571178,787,0.30531694351937594,0.414238689833023,0.5263429888370647,30,0.21645301812688506,0.34543002778214343,0.2975338401712132,30,0.21645301812688506,0.34543002778214343,0.0012743835690295358,526,0.3608300088276881,0.4704029033465035,0.30418159738964945,526,0.3608300088276881,0.4704029033465035,0.3525766319365028,20,0.15671786238849167,0.19548448372452898,-0.23364729497868764,20,0.15671786238849167,0.19548448372452898,-0.2260333157425094
GRU,7,48,0.003,0.15,2,256,0.001,186,10,4,0.10247111059725285,0.16404716670513153,False,787,0.29402807806551534,0.40502736893604613,0.244946642417897,787,0.29402807806551534,0.40502736893604613,0.547173960413176,30,0.2170610242287318,0.32980858889926945,0.3596326873835627,30,0.2170610242287318,0.32980858889926945,0.0895629204530306,526,0.3793338668418928,0.4817728251338005,0.27013838710037164,526,0.3793338668418928,0.4817728251338005,0.3209011692259822,20,0.20286207167506215,0.22883293704178514,-0.690454543295629,20,0.20286207167506215,0.22883293704178514,-0.6800211837407992
GRU,5,48,0.001,0.15,1,256,0.001,128,11,5,0.1207504194568504,0.16704970598220825,False,789,0.2990093377543889,0.40871714172046947,0.2294116174984384,789,0.2990093377543889,0.40871714172046947,0.5377328740437938,30,0.2179917581920822,0.3439628257096414,0.3034885683473527,30,0.2179917581920822,0.3439628257096414,0.009740470490345876,526,0.35342421524422135,0.45225491645487886,0.3568348309246927,526,0.35342421524422135,0.45225491645487886,0.4015677676506597,20,0.174457148809731,0.19590383094166186,-0.2389457353111999,20,0.174457148809731,0.19590383094166186,-0.23129905449585886
LSTM,7,48,0.001,0.05,1,256,0.0001,315,16,10,0.09385805837810039,0.16918863356113434,False,787,0.3016320462785803,0.4113254710512185,0.22128218739990613,787,0.3016320462785803,0.4113254710512185,0.5329817429530845,30,0.2184672648270925,0.3248203717470872,0.37885677771349646,30,0.2184672648270925,0.3248203717470872,0.11689461635958831,526,0.3580808016414198,0.44513788084503964,0.3769182495847415,526,0.3580808016414198,0.44513788084503964,0.4202543595866297,20,0.2186131314516067,0.23835815259882928,-0.8341145198878595,20,0.2186131314516067,0.23835815259882928,-0.8227945016557112
GRU,3,48,0.003,0.15,1,256,0.0001,87,9,3,0.11712813967218001,0.16708923876285553,False,789,0.3015245852704586,0.4087654827570268,0.22922932397413676,789,0.3015245852704586,0.4087654827570268,0.537623518250905,30,0.21921132747928296,0.3363630374684086,0.3339271004888098,30,0.21921132747928296,0.3363630374684086,0.05301620890262759,526,0.349078371701585,0.44694273535663553,0.3718553160555832,526,0.34907837170158507,0.44694273535663553,0.4155435593757809,20,0.1913308385848999,0.20731066317349803,-0.3874256183136875,20,0.1913308385848999,0.20731066317349803,-0.37886253071759746
GRU,7,48,0.001,0.05,2,256,0.001,174,13,7,0.10765388906002045,0.1606713980436325,False,787,0.2966198093515491,0.4008383670091025,0.2604841785769004,787,0.296619809351549,0.4008383670091025,0.5564922435426614,30,0.2201469234863917,0.3225467159134643,0.3875220172810606,30,0.2201469234863917,0.3225467159134643,0.129214351065025,526,0.3585474339113942,0.45249883402598406,0.35614087897188396,526,0.3585474339113942,0.45249883402598406,0.4009220809184949,20,0.1814079007357359,0.20775983505956847,-0.393444292854372,20,0.1814079007357359,0.20775983505956847,-0.38484405844722125
GRU,5,16,0.001,0.15,2,256,0.001,98,20,14,0.13297230716456065,0.17427285015583038,False,789,0.30408141248545717,0.4174599993309755,0.19609174490313552,789,0.30408141248545717,0.4174599993309755,0.5177446649147437,30,0.2202817833840847,0.3462128718288135,0.2943462505164731,30,0.2202817833840847,0.3462128718288135,-0.0032575464012840616,526,0.36947064051474,0.47921557661392766,0.27786602930081616,526,0.36947064051474,0.47921557661392766,0.3280913443087805,20,0.1628303725749254,0.20089550227004688,-0.30288731230754196,20,0.1628303725749254,0.20089550227004688,-0.2948459888406423
GRU,3,48,0.003,0.05,2,256,0.0001,85,11,5,0.09912184812128544,0.16546383500099182,False,789,0.2944807249604995,0.40677247220931656,0.23672706657880127,789,0.2944807249604995,0.40677247220931656,0.5421213279813943,30,0.22032336585968737,0.3449723667207569,0.29939400524136806,30,0.22032336585968731,0.3449723667207569,0.003919058305826284,526,0.3583139821250176,0.45299343858160884,0.3547325672826326,526,0.3583139821250176,0.45299343858160884,0.39961171905724224,20,0.15491459355205295,0.18399682673654227,-0.0929167794585879,20,0.15491459355205295,0.18399682673654227,-0.08617137848414469
LSTM,7,24,0.003,0.15,2,256,0.0001,313,10,4,0.11592737957835197,0.16546230018138885,False,787,0.29782858844853116,0.40677057681574275,0.23843326821316824,787,0.29782858844853116,0.40677057681574275,0.5432677127078228,30,0.22058454608917233,0.3222807304073986,0.38853175067374723,30,0.22058454608917233,0.3222807304073986,0.1306499314000087,526,0.36098601935458274,0.4708133106582045,0.3029669214952647,526,0.36098601935458274,0.4708133106582045,0.351446438259966,20,0.21410703004598625,0.23855609052963073,-0.8371619639762242,20,0.21410703004598625,0.23855609052963073,-0.8258231371461029
GRU,3,48,0.001,0.05,1,256,0.001,76,14,8,0.1159314267958204,0.16615386307239532,False,789,0.300784413089997,0.40761973252199873,0.23354413558009346,789,0.300784413089997,0.4076197325219987,0.5402119242085098,30,0.2207299887955189,0.33915283122559875,0.32283246888028316,30,0.22072998879551883,0.33915283122559875,0.03724250558999975,526,0.3374280089670261,0.44003015213590013,0.3911352988055147,526,0.3374280089670261,0.44003015213590013,0.4334825953675564,20,0.1599415870130062,0.17964466836668772,-0.04182576187829601,20,0.1599415870130062,0.17964466836668772,-0.03539569085966354
GRU,7,48,0.001,0.05,2,256,0.0001,173,14,8,0.10290934853255748,0.16228000819683075,False,787,0.2932482806901617,0.4028399355268399,0.2530802604691891,787,0.2932482806901617,0.4028399355268399,0.552051912431657,30,0.22074228412111602,0.3282639910324797,0.36561672698044023,30,0.22074228412111602,0.3282639910324797,0.09807068065118085,526,0.3662107946198476,0.45530719680198156,0.3481240578207966,526,0.3662107946198476,0.45530719680198156,0.3934628396404136,20,0.23913870507180696,0.2639444379507501,-1.2490103638800547,20,0.23913870507180696,0.2639444379507501,-1.2351296393956486
GRU,5,48,0.001,0.05,1,256,0.001,124,12,6,0.10748686573722145,0.18390756845474243,False,789,0.3136070963959428,0.42884447562696815,0.15164740640482144,789,0.3136070963959428,0.4288444756269682,0.4910830163755524,30,0.22090995501677194,0.3517533561597595,0.27158021689961875,30,0.22090995501677194,0.3517533561597595,-0.03562497170647294,526,0.36358994770118036,0.4612211003668445,0.331079880652972,526,0.36358994770118036,0.4612211003668445,0.3776041061742289,20,0.1942949400424957,0.22317912334686896,-0.6079537843823801,20,0.1942949400424957,0.22317912334686896,-0.5980296133678173
GRU,5,16,0.003,0.15,1,256,0.0001,103,12,6,0.10960707170042125,0.17378097772598267,False,789,0.3028484079188872,0.4168704670341233,0.1983606820067254,789,0.3028484079188872,0.4168704670341233,0.5191057742406422,30,0.22114082745611668,0.34543304974242667,0.2975215492066171,30,0.22114082745611668,0.34543304974242667,0.0012569089889077345,526,0.34145973516405764,0.44126068082610087,0.38772520033451696,526,0.34145973516405764,0.44126068082610087,0.43030967348270965,20,0.1420177525639534,0.16943593577579788,0.07321823838018648,20,0.1420177525639534,0.16943593577579788,0.07893826639643053
GRU,3,24,0.001,0.05,2,256,0.001,62,18,12,0.11919851197550695,0.17949794232845306,False,789,0.3101957103131086,0.4236719590334093,0.17198883285579347,789,0.3101957103131086,0.4236719590334093,0.5032856046274217,30,0.22130310366749764,0.33095316332464086,0.35518028746145913,30,0.22130310366749764,0.33095316332464086,0.08323275665142638,526,0.3395795527069967,0.4299176824794991,0.4187987503910735,526,0.3395795527069967,0.4299176824794991,0.4592220195198856,20,0.15643088691532608,0.1840032171629642,-0.09299269734992444,20,0.15643088691532608,0.1840032171629642,-0.08624682781590942
LSTM,7,24,0.003,0.05,2,256,0.001,310,11,5,0.09202913083136081,0.17498745024204254,False,787,0.30537400035183343,0.41831501205779553,0.19459225373488198,787,0.30537400035183343,0.41831501205779553,0.516975063640949,30,0.22130371131300927,0.3438029362275123,0.3041359578910544,30,0.22130371131300927,0.3438029362275123,0.010660891370494863,526,0.3505856479286808,0.4606659779134872,0.3326891266776013,526,0.3505856479286808,0.4606659779134872,0.37910142713814676,20,0.1659849112063646,0.19377899027124407,-0.2122154214224823,20,0.1659849112063646,0.19377899027124407,-0.20473371811388397
GRU,7,16,0.001,0.05,2,256,0.001,142,15,9,0.12967853173613547,0.16315779089927673,False,787,0.2994104930772866,0.4039279599633033,0.24904012285135835,787,0.2994104930772866,0.4039279599633033,0.5496289319912726,30,0.22143374132514002,0.34635088899826233,0.2937835230520457,30,0.22143374132513996,0.34635088899826233,-0.004057599650724608,526,0.36659065416749886,0.48317564537762436,0.265881794654408,526,0.3665906541674989,0.48317564537762436,0.3169406280740078,20,0.18887005278170108,0.20200161641925543,-0.317273990751628,20,0.18887005278170108,0.20200161641925543,-0.30914387377673225
LSTM,7,48,0.001,0.05,2,256,0.0001,317,11,5,0.11266389787197113,0.15269847214221954,False,787,0.2920959849483327,0.39076651712177013,0.2971808447325912,787,0.2920959849483327,0.39076651712177013,0.5785002325601982,30,0.22147958531379694,0.3262902104300242,0.3732226114443551,30,0.22147958531379694,0.3262902104300242,0.10888428575292353,526,0.3813717074539838,0.47590233744366023,0.28781700581461933,526,0.38137170745398385,0.47590233744366023,0.3373502180406597,20,0.21602143698036674,0.2562870763353726,-1.120409986946854,20,0.21602143698036674,0.2562870763353726,-1.1073229744121433
GRU,5,16,0.003,0.15,1,256,0.001,104,10,4,0.11419943855567412,0.17514842748641968,False,789,0.31101595127763854,0.41850736579110065,0.19205282967363557,789,0.31101595127763854,0.41850736579110065,0.515321766026675,30,0.22168307501400503,0.34196961243721397,0.3115375390085129,30,0.2216830750140051,0.341969612437214,0.021184029831569084,526,0.3410689472281675,0.44590194799700644,0.3747774078139494,526,0.3410689472281675,0.44590194799700644,0.4182624160212719,20,0.1658409688236192,0.18755540335900953,-0.13560053473161804,20,0.1658409688236192,0.18755540335900953,-0.12859169279824467
GRU,7,16,0.003,0.05,2,256,0.0001,149,12,6,0.11008387804031372,0.16933083534240723,False,787,0.30836086287587083,0.41149828961514445,0.22062769272442972,787,0.30836086287587083,0.41149828961514445,0.5325892246908313,30,0.2222059789021809,0.3151675081113939,0.41522592787313495,30,0.2222059789021809,0.3151675081113939,0.16860216326990274,526,0.39466976140042903,0.48850533106177096,0.24959703995535032,526,0.39466976140042903,0.48850533106177096,0.3017884983002056,20,0.22434434869587427,0.2460473325885202,-0.9543563303713125,20,0.22434434869587427,0.2460473325885202,-0.9422941886391429
GRU,7,16,0.001,0.05,2,256,0.0001,141,15,9,0.1254120275378227,0.15582090616226196,False,787,0.2926024377546362,0.39474158125345266,0.28280929149193557,787,0.2926024377546362,0.39474158125345266,0.5698812211071307,30,0.22251121784448621,0.31619983881420927,0.4113888006937817,30,0.22251121784448621,0.31619983881420927,0.16314675854484428,526,0.38512084015965914,0.48833251275000134,0.2501278854771618,526,0.38512084015965914,0.48833251275000134,0.3022824228563301,20,0.23445723855197437,0.2553203864893561,-1.1044441953805975,20,0.23445723855197437,0.2553203864893561,-1.0914557225224777
GRU,7,24,0.001,0.15,1,256,0.001,160,20,14,0.11126008369028569,0.16416563093662262,False,787,0.30004435655569334,0.40517358071000426,0.24440140707987523,787,0.30004435655569334,0.40517358071000426,0.5468469679479682,30,0.22319505702058473,0.3178792317991425,0.4051197614894261,30,0.22319505702058473,0.3178792317991425,0.1542338024455413,526,0.36475716282682275,0.46686689409119764,0.3146031863252854,526,0.36475716282682275,0.46686689409119764,0.362273386411479,20,0.20390002169609067,0.22274118971520956,-0.6016495553536025,20,0.20390002169609067,0.22274118971520956,-0.5917642935711358
LSTM,5,48,0.003,0.15,1,256,0.001,280,10,4,0.09404348819093271,0.17270752787590027,False,789,0.304903486040533,0.41558093842616517,0.20331252224299834,789,0.304903486040533,0.41558093842616517,0.5220763263618475,30,0.2245683735350768,0.3246114892710499,0.3796553989061302,30,0.2245683735350768,0.3246114892710499,0.11803004962103159,526,0.3715562511846254,0.45514019530313493,0.3486021714771794,526,0.3715562511846254,0.45514019530313493,0.39390769989787633,20,0.24476706997752196,0.2677602657798503,-1.3145080112680603,20,0.24476706997752196,0.2677602657798503,-1.3002230401815167
GRU,3,48,0.001,0.15,1,256,0.001,80,17,11,0.11291187691191833,0.17434941232204437,False,789,0.30777628604253743,0.4175516968974099,0.1957385396768967,789,0.30777628604253743,0.4175516968974099,0.5175327811535636,30,0.2245692448000113,0.33087053446521875,0.3555022306969543,30,0.2245692448000113,0.33087053446521875,0.08369047685876574,526,0.35459756740463094,0.4503546305282161,0.3622283820309521,526,0.35459756740463094,0.4503546305282161,0.40658619057528667,20,0.18089675889015194,0.2131992918622506,-0.46736428118704465,20,0.18089675889015194,0.2131992918622506,-0.45830781811664933
LSTM,3,48,0.003,0.05,2,256,0.0001,229,12,6,0.09579418071856101,0.1573331505060196,False,789,0.29196037024926247,0.3966524501361493,0.27423330511846855,789,0.29196037024926247,0.3966524501361493,0.5646208899899414,30,0.22477267430921394,0.32797013158621596,0.36675200883740067,30,0.22477267430921394,0.32797013158621596,0.09968475850610858,526,0.3748602256773769,0.4771238443735963,0.28415636860028504,526,0.3748602256773769,0.4771238443735963,0.33394418269340254,20,0.19334311284720893,0.22592317256382966,-0.6477373403802447,20,0.19334311284720893,0.22592317256382966,-0.637567628220703
LSTM,5,16,0.001,0.05,2,256,0.001,238,14,8,0.12591250985860825,0.17992226779460907,False,789,0.31555039144232777,0.4241724392936299,0.17003143161099477,789,0.31555039144232777,0.4241724392936299,0.5021113820874468,30,0.22481703880528606,0.3525225963693726,0.2683908089688112,30,0.22481703880528606,0.3525225963693726,-0.04015948679617076,526,0.34521964899900975,0.4495010616229971,0.36464366143133353,526,0.34521964899900975,0.4495010616229971,0.4088334842920712,20,0.18998730155527593,0.2213115165269391,-0.5811550367661908,20,0.18998730155527593,0.2213115165269391,-0.5713962656262401
LSTM,3,48,0.001,0.15,1,256,0.0001,223,17,11,0.10854357356826465,0.16256140172481537,False,789,0.2981805097138927,0.4031890267482576,0.2501158749783102,789,0.2981805097138927,0.4031890267482576,0.5501531204653757,30,0.2248339285294215,0.35121426284005036,0.27381124224075337,30,0.2248339285294215,0.35121426284005036,-0.03245302936032379,526,0.39087181417309735,0.4810427790615554,0.2723486773728545,526,0.3908718141730974,0.4810427790615554,0.3229577310634394,20,0.19589407748579976,0.2223551970295993,-0.5961033036990249,20,0.19589407748579976,0.2223551970295993,-0.5862522729687467
GRU,7,24,0.001,0.05,2,256,0.001,158,18,12,0.10824323892593384,0.1615445762872696,False,787,0.29758708978922427,0.401926074564839,0.2564652603094817,787,0.29758708978922427,0.401926074564839,0.5540819889239863,30,0.22497976083358132,0.3291567908263695,0.36216129186453083,30,0.22497976083358132,0.3291567908263695,0.09315794354934681,526,0.3644888517156866,0.4603227916769622,0.3336830207948712,526,0.3644888517156867,0.46032279167696216,0.38002619468451726,20,0.1827847110927105,0.20612311637643876,-0.37157584271459543,20,0.1827847110927105,0.20612311637643876,-0.36311057875318675
LSTM,5,16,0.003,0.05,2,256,0.001,246,10,4,0.10912142456932501,0.1694726198911667,False,789,0.3048416662957656,0.4116705203470839,0.2182348813107854,789,0.3048416662957656,0.4116705203470839,0.5310280782898471,30,0.22520797218978403,0.3395740565543529,0.3211493501048802,30,0.22520797218978403,0.3395740565543529,0.03484954499969806,526,0.3542912396278105,0.4504345650216202,0.3620019627959359,526,0.3542912396278105,0.4504345650216202,0.4063755190794214,20,0.1549007819712162,0.1828339148653867,-0.07914535211483376,20,0.1549007819712162,0.1828339148653867,-0.07248494736441247
LSTM,7,16,0.003,0.05,1,256,0.0001,291,13,7,0.08581971898674964,0.16830970346927643,False,787,0.3012338233743114,0.4102556583607257,0.22532763986428095,787,0.30123382337431137,0.4102556583607257,0.5354079108515306,30,0.22560581712673106,0.32647168334443516,0.3725252276674478,30,0.22560581712673106,0.32647168334443516,0.10789278597355978,526,0.36310061343076566,0.45266447793161463,0.35566940434205674,526,0.36310061343076566,0.45266447793161463,0.40048339793504106,20,0.2388373671241105,0.2631638276188373,-1.2357272300248403,20,0.2388373671241105,0.2631638276188373,-1.2219284880534076
LSTM,5,48,0.001,0.05,1,256,0.0001,267,10,4,0.1102138612080704,0.15969304740428925,False,789,0.29347053424252906,0.3996161065453931,0.2633474093648577,789,0.29347053424252906,0.3996161065453931,0.5580905660741506,30,0.22561010852456093,0.33229272518282166,0.3499497950990976,30,0.22561010852456093,0.33229272518282166,0.07579634617706255,526,0.36631978262105375,0.4727331539388658,0.29727072459365056,526,0.36631978262105375,0.4727331539388658,0.3461464189311283,20,0.19096262699365615,0.22232233443520838,-0.5956315520139408,20,0.19096262699365615,0.22232233443520838,-0.5857834328999321
LSTM,3,16,0.001,0.05,2,256,0.0001,189,30,28,0.11193483136594296,0.1668339967727661,False,789,0.3041263581574039,0.408453158022208,0.23040671683035474,789,0.3041263581574039,0.408453158022208,0.5383298227113984,30,0.2256296858966351,0.3251503045839116,0.37759429762426844,30,0.2256296858966351,0.3251503045839116,0.11509969544033227,526,0.34405308330376344,0.4374313348021313,0.398305968897415,526,0.34405308330376344,0.4374313348021313,0.4401545364440703,20,0.17482266695499418,0.22246355562007605,-0.5976593154144774,20,0.17482266695499418,0.22246355562007605,-0.5877986810957658
LSTM,7,48,0.003,0.05,2,256,0.0001,325,9,3,0.09136320166289806,0.15720658004283905,False,787,0.2949722296712208,0.3964928446865349,0.2764315699162492,787,0.2949722296712208,0.3964928446865349,0.5660563279738113,30,0.22577861034472782,0.3261565795800781,0.3737358946588236,30,0.22577861034472782,0.3261565795800781,0.10961404203740943,526,0.39501464903581274,0.48878888996748404,0.24872562592959235,526,0.39501464903581274,0.48878888996748404,0.3009776922027848,20,0.24148153924345978,0.2631519003447465,-1.2355245765871206,20,0.24148153924345978,0.2631519003447465,-1.2217270853776139
LSTM,5,24,0.001,0.05,1,256,0.0001,251,13,7,0.1145288913764737,0.17507031559944153,False,789,0.3107417439683535,0.4184140478850299,0.19241309827819442,789,0.3107417439683535,0.41841404788502995,0.5155378870274367,30,0.2260048466702302,0.33868047150368064,0.3247174239090218,30,0.2260048466702302,0.33868047150368064,0.03992242525115541,526,0.3711753366297189,0.4783922891465787,0.28034513550629836,526,0.3711753366297189,0.4783922891465787,0.3303980255970579,20,0.18306731642335652,0.2182822340778622,-0.5381660008231255,20,0.18306731642335652,0.2182822340778622,-0.5286725548116666
GRU,5,48,0.001,0.15,2,256,0.0001,129,14,8,0.11910852620547469,0.16189782321453094,False,789,0.29682175450315945,0.4023652822589479,0.25317688040492226,789,0.29682175450315945,0.4023652822589479,0.5519893824870049,30,0.22616650235056873,0.35086951937441496,0.27523616137040374,30,0.22616650235056873,0.35086951937441496,-0.030427162041005262,526,0.3758210506971798,0.467665123128745,0.3122574584399159,526,0.3758210506971798,0.467665123128745,0.3600908068154105,20,0.21559568734169013,0.23550401957664177,-0.7904536203916992,20,0.21559568734169013,0.23550401957664177,-0.7794030739798596
LSTM,3,16,0.001,0.15,2,256,0.0001,193,30,25,0.12551300041377544,0.17943160235881805,False,789,0.3190972016013224,0.42359368257106306,0.1722947667093676,789,0.3190972016013224,0.42359368257106306,0.5034691308347146,30,0.2263991065005461,0.33714329321879105,0.3308333599159784,30,0.2263991065005461,0.33714329321879105,0.048617708110174296,526,0.3699149108866775,0.46927396634551233,0.3075174293666555,526,0.3699149108866775,0.46927396634551233,0.3556804526543008,20,0.20613522322624922,0.2546355349414546,-1.093169741661205,20,0.20613522322624922,0.2546355349414546,-1.0802508538918443
LSTM,3,48,0.001,0.05,2,256,0.001,222,18,12,0.10451669121781985,0.15641795098781586,False,789,0.2853802039951313,0.39549710765097923,0.2784550761942758,789,0.2853802039951313,0.39549710765097923,0.5671534820014159,30,0.226509407115976,0.3493705211151444,0.2814156608739917,30,0.226509407115976,0.3493705211151444,-0.021641508291563305,526,0.3805817320295273,0.4747447754694427,0.29127735167729496,526,0.3805817320295273,0.47474477546944266,0.34056989254865444,20,0.2180667089387775,0.235441919851824,-0.7895095004739534,20,0.2180667089387775,0.235441919851824,-0.7784647810999386
GRU,7,48,0.001,0.15,1,256,0.0001,175,13,7,0.11020705737173557,0.16205309331417084,False,787,0.29624557091721737,0.40255818560365286,0.25412470004559795,787,0.29624557091721737,0.40255818560365286,0.5526782912593566,30,0.2266128969311714,0.3299767759181764,0.3589794058481096,30,0.2266128969311714,0.3299767759181764,0.08863412268096793,526,0.35675876682214863,0.45379860911404535,0.3524366750514738,526,0.35675876682214863,0.45379860911404535,0.39747550898370665,20,0.20588774793744086,0.224301076004754,-0.6241612378022727,20,0.20588774793744086,0.224301076004754,-0.6141370355921545
GRU,7,48,0.001,0.15,1,256,0.001,176,12,6,0.10976272821426392,0.16320036351680756,False,787,0.29304379614267445,0.403980658274963,0.24884416266490395,787,0.29304379614267445,0.403980658274963,0.5495114093364062,30,0.22669076800147694,0.34089675325616764,0.31585058090530294,30,0.22669076800147694,0.34089675325616764,0.027316062480820413,526,0.3647299163983462,0.4643461772062522,0.32198442175021413,526,0.3647299163983462,0.4643461772062522,0.3691412477404542,20,0.20952005038261418,0.23740105962186417,-0.8194148438585718,20,0.20952005038261418,0.23740105962186417,-0.8081855509322069
GRU,5,48,0.001,0.05,2,256,0.0001,125,11,5,0.11551361463286659,0.1659400463104248,False,789,0.30312505970413695,0.4073573617367493,0.2345305005266477,789,0.30312505970413695,0.4073573617367493,0.5408036332185877,30,0.22680149159034094,0.3533065146401333,0.2651333752652725,30,0.22680149159034094,0.3533065146401333,-0.04479071698146897,526,0.3649493577553973,0.45584094812118475,0.34659478883785655,526,0.3649493577553973,0.45584094812118475,0.39203993321555364,20,0.1788573620915413,0.21160242217514108,-0.4454653880252828,20,0.1788573620915413,0.21160242217514108,-0.4365440832926941
LSTM,3,24,0.001,0.15,1,256,0.0001,207,20,14,0.11444041350235541,0.17467491328716278,False,789,0.30430640659722086,0.4179412804195146,0.1942370576582214,789,0.30430640659722086,0.4179412804195146,0.5166320593243625,30,0.2269144374231497,0.33425621550466733,0.3422449122439416,30,0.2269144374231497,0.33425621550466733,0.06484199090830522,526,0.3388806820030221,0.4449543825404069,0.37743184720847645,526,0.3388806820030221,0.4449543825404069,0.4207322358574218,20,0.13726734524071216,0.164453845156681,0.12691909052869044,20,0.13726734524071216,0.164453845156681,0.1323076808845205
GRU,7,48,0.003,0.05,1,256,0.001,180,8,2,0.09832791350781918,0.1629953384399414,False,787,0.3001301636740736,0.4037268197445382,0.2497878335369509,787,0.3001301636740736,0.4037268197445382,0.5500773544307116,30,0.2271247119322419,0.3462165624660952,0.2943312058654577,30,0.2271247119322419,0.3462165624660952,-0.003278936012939049,526,0.34220390874294726,0.4347563568769497,0.40564242088082514,526,0.34220390874294726,0.4347563568769497,0.4469807290755339,20,0.2092387994498015,0.23705819072173626,-0.8141632220871029,20,0.2092387994498015,0.23705819072173626,-0.8029663417792285
LSTM,7,24,0.003,0.05,1,256,0.001,308,10,4,0.09026915691792965,0.17236676812171936,False,787,0.30496886702079745,0.4151707739833112,0.2066543425473888,787,0.30496886702079745,0.41517077398331126,0.5242090264480319,30,0.2271307094156742,0.3361645167233026,0.3347130980739146,30,0.2271307094156742,0.3361645167233026,0.05413369465153317,526,0.38374345966087153,0.47960090932483146,0.27670424021045004,526,0.3837434596608715,0.47960090932483146,0.3270103590933241,20,0.1581855952296406,0.18495288046609148,-0.10430395190252373,20,0.1581855952296406,0.18495288046609148,-0.09748827014774752
LSTM,3,16,0.001,0.05,1,256,0.001,188,25,19,0.10679644377281268,0.17278558015823364,False,789,0.30970381145438014,0.4156748265013929,0.20295250619665628,789,0.30970381145438014,0.4156748265013929,0.521860356867861,30,0.2271640464246273,0.3372692878118117,0.3303331148612745,30,0.2271640464246273,0.3372692878118117,0.04790648872453518,526,0.3503306458998089,0.44524217787463194,0.37662623584379606,526,0.3503306458998089,0.44524217787463194,0.4199826557642323,20,0.19511449124515054,0.23191563994001266,-0.7363069462956684,20,0.19511449124515054,0.23191563994001266,-0.725590589124103
LSTM,7,48,0.003,0.15,1,256,0.001,328,11,5,0.08744381554424763,0.1614220291376114,False,787,0.29569567150746623,0.4017735942548112,0.2570293088206156,787,0.29569567150746623,0.4017735942548112,0.5544202641609173,30,0.22725861032704514,0.32557666517728856,0.37596094070269825,30,0.22725861032704514,0.32557666517728856,0.1127774833657399,526,0.3892834071992921,0.47679715372065384,0.28513632113613185,526,0.3892834071992921,0.47679715372065384,0.3348559783126621,20,0.25561739017516383,0.2766015435727946,-1.46987870780965,20,0.25561739017516383,0.2766015435727946,-1.4546348003543463
LSTM,5,24,0.003,0.15,1,256,0.001,264,9,3,0.10431111299178818,0.17104031145572662,False,789,0.30307311316010166,0.41357021014613227,0.21100318637134086,789,0.30307311316010166,0.41357021014613227,0.5266898675000649,30,0.2274097440063953,0.334689939027459,0.3405368276693842,30,0.2274097440063953,0.334689939027459,0.06241353539372663,526,0.360357665508079,0.46973211007837845,0.3061646527860229,526,0.360357665508079,0.46973211007837845,0.35442176336585296,20,0.178464073510468,0.19917324033535797,-0.28064395943182086,20,0.178464073510468,0.19917324033535797,-0.27273992028243077
LSTM,5,48,0.003,0.15,2,256,0.001,282,8,2,0.11153645102273334,0.16994552314281464,False,789,0.3035150229837391,0.41224450116400385,0.21605337461091734,789,0.3035150229837391,0.41224450116400385,0.5297194174596274,30,0.2275591232463717,0.37775125011779526,0.15992694889121895,30,0.2275591232463717,0.37775125011779526,-0.194367108047105,526,0.3808317938842758,0.4885321092436136,0.24951476868257072,526,0.3808317938842758,0.4885321092436136,0.30171194909668053,20,0.17270554020181297,0.18800527323698435,-0.14105476482563284,20,0.17270554020181297,0.18800527323698435,-0.13401225979028997
LSTM,7,16,0.001,0.05,1,256,0.001,284,15,9,0.10682361274957657,0.18663856387138367,False,787,0.32078456161717445,0.43201684447635075,0.14096617979109904,787,0.32078456161717445,0.43201684447635075,0.48481404821242957,30,0.22763582258224485,0.33960278089176027,0.32103449822225505,30,0.22763582258224485,0.33960278089176027,0.03468625525873592,526,0.35120248134065946,0.4565053320347899,0.34468873686874113,526,0.35120248134065946,0.4565053320347899,0.3902664495294088,20,0.14754675685763358,0.17681102622187547,-0.009218300551431913,20,0.14754675685763358,0.17681102622187547,-0.002989480355865215
GRU,3,48,0.003,0.15,2,256,0.0001,89,13,7,0.10897817276418209,0.16215166449546814,False,789,0.2951520095141734,0.4026806137831235,0.2520058591374317,789,0.2951520095141734,0.4026806137831235,0.5512869002694569,30,0.22771064983084796,0.333019708967234,0.34710234844398313,30,0.22771064983084796,0.333019708967234,0.07174801178245382,526,0.34673868308467043,0.44836971610347304,0.36783788288189767,526,0.34673868308467043,0.44836971610347304,0.4118055436715111,20,0.1698924093130976,0.19249684525967162,-0.19622716462637935,20,0.1698924093130976,0.19249684525967162,-0.18884413964809754
GRU,3,16,0.001,0.05,1,256,0.001,44,30,26,0.11092201713472605,0.185899555683136,False,789,0.31017511452184887,0.431160703189042,0.1424586012220188,789,0.31017511452184887,0.431160703189042,0.48557075761421953,30,0.2279020804385344,0.32232364975072014,0.3883688767520953,30,0.2279020804385344,0.32232364975072014,0.13041836671105356,526,0.3635902364699899,0.45366035077086675,0.3528311998117978,526,0.36359023646998995,0.45366035077086675,0.39784259405670164,20,0.18917168668806555,0.23196475738442454,-0.7370424895387502,20,0.18917168668806555,0.23196475738442454,-0.7263215926490636
LSTM,5,24,0.003,0.15,2,256,0.001,266,10,4,0.11298876696012237,0.17542119324207306,False,789,0.3069738637582506,0.4188331088433436,0.19079461716666757,789,0.3069738637582506,0.4188331088433436,0.5145669787853333,30,0.22794112733503177,0.3480222508086194,0.28695119642683475,30,0.22794112733503177,0.3480222508086194,-0.013771405113018442,526,0.35575198788725604,0.45639734185653696,0.34499873898641753,526,0.35575198788725604,0.45639734185653696,0.3905548906145827,20,0.18516151567250488,0.20769006566537618,-0.3925085639626462,20,0.18516151567250488,0.20769006566537618,-0.3839141048045327
GRU,7,48,0.003,0.05,1,256,0.0001,179,11,5,0.08565549701452255,0.17405293881893158,False,787,0.31515356645330767,0.417196527717235,0.198893469829323,787,0.31515356645330767,0.417196527717235,0.5195546199463339,30,0.22800120153228443,0.32126420598806127,0.3923830025772804,30,0.22800120153228443,0.32126420598806127,0.13612541783813792,526,0.3907687693058651,0.47328719415246207,0.2956225709714626,526,0.3907687693058652,0.47328719415246207,0.3446128964414098,20,0.23322379001230004,0.2560164369049235,-1.1159340410073457,20,0.23322379001230004,0.2560164369049235,-1.1028746536776546
GRU,3,48,0.001,0.05,1,256,0.0001,75,15,9,0.10910350115348895,0.1719285547733307,False,789,0.30376845212003123,0.4146426947662437,0.20690577264169796,789,0.30376845212003123,0.4146426947662437,0.5242318760331981,30,0.22801203052997587,0.36982255020623234,0.19482179488911278,30,0.22801203052997587,0.36982255020623234,-0.14475564122854045,526,0.33304440035400457,0.4285517637801283,0.42248602613758945,526,0.33304440035400457,0.4285517637801284,0.4626528406563093,20,0.16383506101071832,0.19714140265447305,-0.2546486161709409,20,0.16383506101071832,0.19714140265447305,-0.24690501834431067
GRU,7,24,0.001,0.15,2,256,0.001,162,16,10,0.12834568992257117,0.16591504216194153,False,787,0.29692342337802186,0.40732669783329023,0.2363494755187573,787,0.29692342337802186,0.40732669783329023,0.542018005539906,30,0.2280695383131504,0.36180455594263844,0.22935689832788908,30,0.2280695383131504,0.36180455594263844,-0.09565563550185052,526,0.34804158602360313,0.4510889677743519,0.3601468167343652,526,0.34804158602360313,0.4510889677743519,0.4046494007316943,20,0.17623639019280674,0.20165521313653872,-0.312759999310539,20,0.17623639019280674,0.20165521313653872,-0.3046577423546655
LSTM,3,24,0.003,0.05,2,256,0.0001,213,10,4,0.1161938002333045,0.16797281801700592,False,789,0.3050037764487328,0.40984485349073774,0.22515341370476605,789,0.3050037764487328,0.4098448534907378,0.5351784264630417,30,0.22814153694113093,0.3479217176458598,0.2873630936399054,30,0.22814153694113093,0.3479217176458598,-0.01318579356109617,526,0.3375043623082538,0.43923346710717914,0.3933380309190503,526,0.3375043623082538,0.43923346710717914,0.43553212472541303,20,0.16166013414263725,0.18470786058883198,-0.10137999427158917,20,0.16166013414263725,0.18470786058883198,-0.09458235896556699
LSTM,5,16,0.003,0.05,2,256,0.0001,245,9,3,0.11752089858055115,0.16184502840042114,False,789,0.29417630538801426,0.4022996649420139,0.2534204428378085,789,0.29417630538801426,0.4022996649420139,0.5521354927949176,30,0.22836233738064762,0.36521471842486003,0.2147611545975291,30,0.22836233738064762,0.36521471842486003,-0.116407016832341,526,0.36408222112614846,0.47478821933725507,0.2911476354026983,526,0.36408222112614846,0.47478821933725507,0.34044919820214536,20,0.18862388214170933,0.2295312902497437,-0.7007881582731497,20,0.18862388214170933,0.2295312902497437,-0.690291020416212
GRU,5,48,0.003,0.15,1,256,0.001,136,8,2,0.10761580887165936,0.18145765364170074,False,789,0.3115882834708283,0.4259784747548362,0.16294872827215867,789,0.3115882834708283,0.4259784747548362,0.49786254964876464,30,0.2285647466599941,0.37575562797313705,0.16877954739800882,30,0.2285647466599941,0.37575562797313705,-0.181780997275784,526,0.3473701832465573,0.4633860992032546,0.324785241170377,526,0.3473701832465573,0.4633860992032546,0.3717472666895606,20,0.1575841942548752,0.18487294770626703,-0.10334964410150493,20,0.1575841942548752,0.18487294770626703,-0.09653985226341044
LSTM,3,48,0.001,0.15,2,256,0.0001,225,13,7,0.12296084904422362,0.17602428793907166,False,789,0.30355443999462106,0.41955247547913843,0.1880125292771999,789,0.30355443999462106,0.41955247547913843,0.5128980361928603,30,0.2288457338352998,0.3633849823894533,0.22260958230785688,30,0.2288457338352998,0.3633849823894533,-0.1052485778195329,526,0.3420059261504461,0.44664662434819635,0.3726873642176112,526,0.3420059261504461,0.4466466243481963,0.4163177375542114,20,0.15629473590254783,0.18089944931092622,-0.05643046578311295,20,0.15629473590254783,0.18089944931092622,-0.04991025561957718
LSTM,3,24,0.001,0.15,2,256,0.0001,209,20,14,0.12782273689905801,0.18235543370246887,False,789,0.31002675711345606,0.42703094467831737,0.15880739412908307,789,0.3100267571134561,0.42703094467831737,0.495378210829992,30,0.22910124002099036,0.3381420330483534,0.32686286252350405,30,0.22910124002099036,0.3381420330483534,0.04297268535661847,526,0.34176878260398996,0.4424640561258583,0.38438114058737327,526,0.34176878260398996,0.4424640561258583,0.42719819724641106,20,0.15734987542629236,0.18346369047571365,-0.08659243769083513,20,0.15734987542629236,0.18346369047571365,-0.07988607008281545
GRU,3,48,0.003,0.15,1,256,0.001,88,12,6,0.10302470779667298,0.16624705493450165,False,789,0.2920307732695296,0.40773405645445854,0.2331141439513984,789,0.2920307732695296,0.40773405645445854,0.5399539771658398,30,0.22914543506403762,0.33720324003898744,0.33059537221522406,30,0.22914543506403762,0.33720324003898744,0.04827935100953207,526,0.354133260752595,0.4592294122041808,0.3368445939050321,526,0.354133260752595,0.4592294122041808,0.38296787645619856,20,0.15482214422971008,0.18797051402213266,-0.1406328777094883,20,0.15482214422971008,0.18797051402213266,-0.133592976530009
LSTM,7,48,0.003,0.05,1,256,0.0001,323,9,3,0.08540576994419098,0.1621914654970169,False,787,0.3000168972405424,0.40273000409504844,0.25348786034011317,787,0.3000168972405424,0.40273000409504844,0.5522963611629066,30,0.22924300800164538,0.33887030284475167,0.3239602162565117,30,0.22924300800164538,0.33887030284475167,0.03884587135750772,526,0.37427927503137076,0.4582874876399831,0.33956219756420336,526,0.37427927503137076,0.4582874876399831,0.38549646740389687,20,0.22924903183579443,0.24709852696811327,-0.9710912969290559,20,0.22924903183579443,0.24709852696811327,-0.9589258682295276
LSTM,5,48,0.001,0.15,2,256,0.001,274,13,7,0.12569360807538033,0.1694810539484024,False,789,0.300222092715884,0.41168075674393717,0.2181960028529022,789,0.300222092715884,0.41168075674393717,0.5310047555492046,30,0.2292755788763364,0.36303788410162013,0.22409396954132055,30,0.2292755788763364,0.36303788410162013,-0.10313816220161232,526,0.35066831709880797,0.4513704495364839,0.3593480244417796,526,0.3506683170988079,0.4513704495364839,0.4039061654356617,20,0.1701132317215204,0.19431073880578226,-0.2188774252570247,20,0.1701132317215204,0.19431073880578226,-0.21135460455687172
LSTM,7,48,0.003,0.05,2,256,0.001,326,9,3,0.09781444035470485,0.1705961525440216,False,787,0.30420583026162246,0.41303286867656064,0.21480390895725232,787,0.30420583026162246,0.41303286867656064,0.5290965431310195,30,0.22927704495588938,0.32569533539753337,0.3755059428066828,30,0.22927704495588938,0.32569533539753337,0.11213059376427703,526,0.3493183606518539,0.45073362658405747,0.3611544966165059,526,0.3493183606518539,0.45073362658405747,0.40558699522585806,20,0.2449589122176171,0.28014984968607565,-1.5336534658354726,20,0.2449589122176171,0.28014984968607565,-1.518015945322873
LSTM,5,48,0.003,0.15,1,256,0.0001,279,8,2,0.10401025211269205,0.17297855019569397,False,789,0.3098883429751348,0.41590690189877616,0.2020622586339661,789,0.3098883429751348,0.41590690189877616,0.5213263075731411,30,0.22951266089677805,0.3421295487533013,0.3108934121939303,30,0.22951266089677805,0.3421295487533013,0.020268247710320098,526,0.3642830016941626,0.4635040120153606,0.3244415683640759,526,0.3642830016941626,0.4635040120153606,0.3714274967539961,20,0.19414266162514687,0.22257041689542295,-0.5991945683817612,20,0.19414266162514687,0.22257041689542295,-0.5893244585960644
LSTM,5,24,0.001,0.15,2,256,0.001,258,14,8,0.13117100603201173,0.1732483059167862,False,789,0.3063840607611323,0.4162310630771848,0.20081793574166573,789,0.3063840607611323,0.4162310630771848,0.5205798525522156,30,0.22960933771630124,0.36167891562377863,0.2298920327362194,30,0.22960933771630124,0.36167891562377863,-0.09489481245812792,526,0.3537335356445594,0.46193936615630754,0.3289948218708879,526,0.3537335356445594,0.46193936615630754,0.3756640658213968,20,0.1545909773647785,0.1876503555163592,-0.136750648386172,20,0.1545909773647785,0.1876503555163592,-0.1297347080369704
GRU,7,16,0.001,0.05,1,256,0.001,140,20,14,0.11200127303600312,0.1887267678976059,False,787,0.31893520596165215,0.43442693227246415,0.13135487937854318,787,0.3189352059616522,0.43442693227246415,0.4790498898819058,30,0.22966792157292368,0.3512053678818317,0.27384802512542517,30,0.22966792157292368,0.3512053678818317,-0.03240073358969631,526,0.346246638767393,0.4439097225417691,0.3803517356385877,526,0.346246638767393,0.4439097225417691,0.4234490424188758,20,0.1469890185177326,0.16947867773824182,0.07275059888689095,20,0.1469890185177326,0.16947867773824182,0.0784735131392631
GRU,3,48,0.001,0.15,1,256,0.0001,79,20,14,0.10999627131968737,0.17103701829910278,False,789,0.3062275546479059,0.41356621285639217,0.21101843811602272,789,0.3062275546479059,0.41356621285639217,0.5266990168466422,30,0.22981762132048605,0.341744880480018,0.31244211457444204,30,0.22981762132048605,0.341744880480018,0.022470102871601783,526,0.35572751414288584,0.4479203434601694,0.36910440020218926,526,0.35572751414288584,0.4479203434601694,0.4129839731383631,20,0.17212684997022148,0.20339462132036637,-0.3355044993918461,20,0.17212684997022148,0.20339462132036637,-0.32726186507523014
GRU,7,48,0.001,0.05,1,256,0.0001,171,13,7,0.10085283033549786,0.16446948051452637,False,787,0.3002703679455101,0.4055483866279528,0.24300282718163124,787,0.3002703679455101,0.4055483866279528,0.5460082015349619,30,0.23001547893931465,0.32412077046979465,0.3815295449267,30,0.23001547893931465,0.32412077046979465,0.1206946016617042,526,0.35074449274118125,0.4372057189843531,0.3989264854058069,526,0.3507444927411813,0.4372057189843531,0.44073189525823064,20,0.23300223580822355,0.25644394549527516,-1.123006518428915,20,0.23300223580822355,0.25644394549527516,-1.1099034802952579
GRU,7,16,0.003,0.05,2,256,0.001,150,12,6,0.10874579511582852,0.16663245856761932,False,787,0.3043769978586267,0.4082063778490026,0.23304748967594247,787,0.3043769978586267,0.4082063778490026,0.5400377148002399,30,0.23015038592418036,0.30626103261779136,0.44780977093652174,30,0.23015038592418036,0.30626103261779136,0.21492798024178728,526,0.35526347352536003,0.44637894004402434,0.37343906105272284,526,0.35526347352536003,0.44637894004402434,0.41701715294035935,20,0.25549404659271246,0.2785671565148526,-1.5051068226534112,20,0.25549404659271246,0.2785671565148526,-1.4896454898966924
GRU,5,48,0.001,0.15,2,256,0.001,130,10,4,0.128529314967719,0.16076336801052094,False,789,0.29324396901480443,0.40095307343356285,0.25841003258285966,789,0.29324396901480443,0.4009530734335628,0.5551286904131554,30,0.23026984543005619,0.3499068103918995,0.27920789103639876,30,0.23026984543005619,0.3499068103918995,-0.024780387312476115,526,0.37109471705731556,0.46986127620626866,0.30578302102166144,526,0.37109471705731556,0.46986127620626866,0.35406667456493024,20,0.21085483415424822,0.24520065627839163,-0.9409291562330404,20,0.21085483415424822,0.24520065627839163,-0.9289498860197447
LSTM,5,48,0.001,0.05,2,256,0.001,270,11,5,0.11576879159970717,0.15933820605278015,False,789,0.2907134867613458,0.3991719053435524,0.26498418073474117,789,0.2907134867613458,0.3991719053435524,0.5590724464323091,30,0.23039433207511897,0.33887977984657386,0.32392240285240514,30,0.23039433207511897,0.33887977984657386,0.03879211045415698,526,0.3550035299024201,0.45896119694665394,0.33761900621762553,526,0.3550035299024201,0.45896119694665394,0.38368842743014264,20,0.18596850873231888,0.2139006838899349,-0.4770349564354641,20,0.18596850873231888,0.2139006838899349,-0.4679188066776008
GRU,3,16,0.001,0.05,2,256,0.0001,45,12,6,0.1488228039816022,0.18217116594314575,False,789,0.3131950304116511,0.4268151407198606,0.15965738791448447,789,0.3131950304116511,0.4268151407198606,0.4958881123457436,30,0.23047317840854326,0.3669148202396981,0.20743344764365568,30,0.23047317840854326,0.3669148202396981,-0.12682512529512646,526,0.3659214563900074,0.47221523028292717,0.2988096931899694,526,0.3659214563900074,0.47221523028292717,0.3475783503492036,20,0.16117147538363932,0.1884474593231654,-0.1464285704600634,20,0.16117147538363932,0.1884474593231654,-0.13935289869652667
LSTM,3,24,0.001,0.05,2,256,0.0001,205,19,13,0.11889508583893378,0.16845577955245972,False,789,0.3071128035055518,0.41043363429243757,0.22292553411480331,789,0.3071128035055518,0.41043363429243757,0.5338419470683158,30,0.2305693149169286,0.32779025533099887,0.3674464320801176,30,0.2305693149169286,0.32779025533099887,0.10067204916978345,526,0.36523868117427644,0.4520313160461988,0.35747065129152955,526,0.36523868117427644,0.4520313160461988,0.4021593659208932,20,0.19650216501951218,0.22413629901527643,-0.6217758181486388,20,0.19650216501951218,0.22413629901527643,-0.6117663385709831
LSTM,3,48,0.003,0.05,1,256,0.001,228,13,7,0.08446717479576667,0.16873638331890106,False,789,0.3007597865603194,0.4107753448242863,0.22163107360517775,789,0.3007597865603194,0.4107753448242863,0.5330654150662294,30,0.23057474422554175,0.3545847127227287,0.2598065319244538,30,0.23057474422554175,0.3545847127227287,-0.05236411368500127,526,0.41030319775312346,0.5037194583982876,0.20212771636137117,526,0.41030319775312346,0.5037194583982876,0.2576207251490261,20,0.2329397259369493,0.2492825419762607,-1.0060888157595205,20,0.2329397259369493,0.2492825419762607,-0.9937073849799993
LSTM,3,48,0.003,0.15,2,256,0.0001,233,16,10,0.09546297726531823,0.1579592525959015,False,789,0.2867278388595853,0.39744088143778483,0.2713452055665976,789,0.2867278388595853,0.39744088143778483,0.56288835221798,30,0.2306743400553862,0.36162547283428426,0.2301196029676209,30,0.2306743400553862,0.36162547283428426,-0.09457126631080448,526,0.3527577266970741,0.468519677116322,0.30974176907274276,526,0.3527577266970741,0.468519677116322,0.3577500867697969,20,0.14193130036890508,0.1836298596488478,-0.0885616549807342,20,0.14193130036890508,0.1836298596488478,-0.08184313351024697
LSTM,5,24,0.001,0.05,2,256,0.0001,253,12,6,0.12424981357021765,0.1668720841407776,False,789,0.3015061719008876,0.40849980569035427,0.23023092295361602,789,0.3015061719008876,0.40849980569035427,0.5382243659824806,30,0.23072201773722964,0.34495603065504293,0.2994603576549715,30,0.23072201773722964,0.34495603065504293,0.004013394316537244,526,0.35812328492314643,0.4543890396663797,0.35075050901608296,526,0.35812328492314643,0.4543890396663797,0.39590661789135895,20,0.21314021061658864,0.2376751063517489,-0.8236177945461272,20,0.21314021061658864,0.2376751063517489,-0.8123625613211081
GRU,5,16,0.003,0.15,2,256,0.0001,105,12,6,0.12076914513652975,0.18131721019744873,False,789,0.30918180002912365,0.4258135993538799,0.16359656596317318,789,0.30918180002912365,0.4258135993538799,0.4982511800438132,30,0.23123959428668023,0.37260344736020656,0.18266712043367817,30,0.23123959428668023,0.37260344736020656,-0.1620364519383124,526,0.3568928491355348,0.4669324031372314,0.31441082810898646,526,0.3568928491355348,0.4669324031372314,0.36209440694815387,20,0.14656196002811195,0.17897637982359194,-0.03408887550181694,20,0.14656196002811195,0.17897637982359194,-0.027706555969742253
GRU,3,16,0.001,0.05,2,256,0.001,46,30,25,0.11130176981290181,0.16652174293994904,False,789,0.30209944343997497,0.4080707521874028,0.23184707390144998,789,0.302099443439975,0.4080707521874028,0.5391938763861299,30,0.23128113037745157,0.33959684193702083,0.3210582454372536,30,0.23128113037745157,0.33959684193702083,0.03472001767078403,526,0.3482126288108046,0.4482390682288582,0.3682062333803464,526,0.3482126288108046,0.4482390682288582,0.412148274935069,20,0.17779244269728658,0.22156253285597782,-0.5847438316294926,20,0.17779244269728658,0.22156253285597782,-0.5749629107148995
GRU,3,24,0.003,0.15,2,256,0.0001,73,11,5,0.12565570107350746,0.17651386559009552,False,789,0.30872947459521555,0.4201355431346433,0.1857540627461166,789,0.30872947459521555,0.4201355431346433,0.5115432080432287,30,0.23147941334247588,0.34259051607000046,0.3090352294554145,30,0.23147941334247588,0.34259051607000046,0.01762639133759758,526,0.3458036363532788,0.45297611261700105,0.3547819263503239,526,0.34580363635327876,0.45297611261700105,0.39965764514044055,20,0.16771878094673157,0.19569089110792148,-0.23625382759196367,20,0.16771878094673157,0.19569089110792148,-0.2286237610306021
GRU,5,24,0.003,0.15,2,256,0.0001,121,12,6,0.10629014027389613,0.1646873503923416,False,789,0.29375101605303233,0.4058168945895283,0.2403089698776314,789,0.29375101605303233,0.4058168945895283,0.5442700706577739,30,0.23159087493419644,0.3370010289410059,0.3313979769511528,30,0.23159087493419644,0.3370010289410059,0.04942044784163613,526,0.36680455786261723,0.4641552129105398,0.32254198052772765,526,0.3668045578626172,0.4641552129105398,0.369660027612152,20,0.24078985394239433,0.26045499490107493,-1.1899379448726863,20,0.24078985394239433,0.26045499490107493,-1.1764218109593325
LSTM,5,24,0.003,0.15,2,256,0.0001,265,9,3,0.1213710064237768,0.1756094992160797,False,789,0.30806741916418495,0.41905786800338507,0.18992589347403976,789,0.30806741916418495,0.41905786800338507,0.5140458414132159,30,0.23164103733946878,0.34076588034339683,0.3163757806292007,30,0.23164103733946878,0.34076588034339683,0.02806276096680438,526,0.35257405834707356,0.45716972369657727,0.34277988659241365,526,0.35257405834707356,0.45716972369657727,0.3884903621617959,20,0.18872413316071032,0.20677346526419196,-0.38024454557371734,20,0.18872413316071032,0.20677346526419196,-0.3717257790238113
GRU,7,24,0.001,0.05,2,256,0.0001,157,13,7,0.12645408920943738,0.17015178501605988,False,787,0.3026990860358278,0.41249457742723966,0.21684921234659216,787,0.3026990860358278,0.41249457742723966,0.5303231672155929,30,0.231699119023482,0.34366749106572136,0.30468413733990574,30,0.231699119023482,0.34366749106572136,0.01144026109572438,526,0.35732213204997126,0.4545203844490201,0.35037511326216064,526,0.35732213204997126,0.4545203844490201,0.39555733137860016,20,0.19048583049178125,0.22485860138057215,-0.6322453406085173,20,0.19048583049178125,0.22485860138057215,-0.6221712439178935
LSTM,3,24,0.003,0.15,1,256,0.001,216,15,9,0.09567963425070047,0.1781637817621231,False,789,0.3068040704942097,0.42209453785698214,0.17814307948629793,789,0.3068040704942097,0.42209453785698214,0.5069774665434728,30,0.23232055718898773,0.33387732571702927,0.34373523868541267,30,0.23232055718898773,0.33387732571702927,0.06696085054747192,526,0.3499687850647553,0.45107411391253066,0.36018895535874396,526,0.3499687850647553,0.4510741139125307,0.40468860856238464,20,0.19947780081927774,0.23250273072149255,-0.745108940516797,20,0.19947780081927774,0.23250273072149255,-0.7343382580923741
GRU,5,16,0.003,0.15,2,256,0.001,106,11,5,0.1279871937903491,0.17202423512935638,False,789,0.30876801496434425,0.41475806998475895,0.20646435089979298,789,0.30876801496434425,0.41475806998475895,0.5239670721968068,30,0.23246326855719088,0.33872387468056925,0.3245443328121229,30,0.23246326855719088,0.33872387468056925,0.03967633437541662,526,0.3573171706596255,0.46098714220041104,0.3317583389095816,526,0.3573171706596255,0.46098714220041104,0.37823537681601826,20,0.2080839516341686,0.22627734503410046,-0.652907599188624,20,0.2080839516341686,0.22627734503410046,-0.6427059765767407
LSTM,7,16,0.003,0.05,2,256,0.001,294,11,5,0.1045630756765604,0.1685420572757721,False,787,0.30512625038669255,0.41053872587219553,0.22425825679291966,787,0.30512625038669255,0.41053872587219553,0.5347665727313262,30,0.2324718504230181,0.33195717604795466,0.351261973408602,30,0.2324718504230181,0.33195717604795466,0.07766192514153036,526,0.39796567279757655,0.49596574705395335,0.226501829202559,526,0.39796567279757655,0.49596574705395335,0.28029958815408873,20,0.25588769801855094,0.279851587957233,-1.528261425897378,20,0.25588769801855094,0.279851587957233,-1.5126571846537367
LSTM,7,24,0.003,0.05,1,256,0.0001,307,14,8,0.0780190197750926,0.1704176813364029,False,787,0.3025201713573069,0.41281675596581163,0.21562537608291854,787,0.3025201713573069,0.41281675596581163,0.5295891993140969,30,0.23251982164780297,0.33641425131897007,0.33372425563930364,30,0.23251982164780297,0.33641425131897007,0.05272781586827524,526,0.3863240711343379,0.4847159329515198,0.2611938287296316,526,0.3863240711343379,0.4847159329515198,0.3125787160047099,20,0.20688000944256785,0.23774621121315967,-0.8247090950935869,20,0.20688000944256785,0.23774621121315967,-0.8134471264428569
GRU,7,48,0.001,0.15,2,256,0.0001,177,13,7,0.11866357028484345,0.156922847032547,False,787,0.2939480030045879,0.3961349017888541,0.2777374157930119,787,0.2939480030045879,0.3961349017888541,0.5668394792713287,30,0.23252646073698993,0.3222846070940321,0.38851703998941234,30,0.23252646073698993,0.3222846070940321,0.1306290166027978,526,0.38571941987790537,0.4772967205966752,0.28363753155469773,526,0.38571941987790537,0.4772967205966752,0.3334614314090587,20,0.2566226849079133,0.27319524390324884,-1.4094210277796284,20,0.2566226849079133,0.27319524390324884,-1.394550260623249
GRU,5,48,0.003,0.05,1,256,0.0001,131,11,5,0.08659354631196368,0.1693679541349411,False,789,0.3025659825430926,0.411543384547307,0.21871767024699196,789,0.3025659825430926,0.411543384547307,0.531317697831293,30,0.23253396382530533,0.35589211354946293,0.2543380862139005,30,0.23253396382530528,0.35589211354946293,-0.060138832419527555,526,0.3905864325012771,0.47866135458684117,0.27953538705983083,526,0.3905864325012771,0.47866135458684117,0.3296445961612604,20,0.22111715962886808,0.257246025148451,-1.1363075404828722,20,0.22111715962886808,0.257246025148451,-1.1231224094316117
LSTM,7,24,0.001,0.15,1,256,0.001,304,21,15,0.09800856113433838,0.17751193046569824,False,787,0.31289748099188797,0.42132163553792823,0.1829729706630897,787,0.31289748099188797,0.42132163553792823,0.5100066634829963,30,0.2326778191546599,0.3374806996907831,0.3294933117023515,30,0.2326778191546599,0.3374806996907831,0.04671250533353388,526,0.38289031258061135,0.4722278720510235,0.2987721492763664,526,0.38289031258061135,0.4722278720510235,0.3475434176614449,20,0.24076769519448282,0.28200833290652433,-1.5673809236965504,20,0.24076769519448282,0.28200833290652433,-1.5515352398256814
GRU,3,48,0.001,0.05,2,256,0.0001,77,19,13,0.10676100539664428,0.16566890478134155,False,789,0.29808589348446285,0.4070244581075481,0.23578111471603436,789,0.29808589348446285,0.4070244581075481,0.5415538623164248,30,0.2326812942246596,0.33984549804409614,0.32006362593736337,30,0.2326812942246596,0.33984549804409614,0.033305925391400426,526,0.3744138021287809,0.47715904266116305,0.2840507465498152,526,0.3744138021287809,0.4771590426611631,0.333845906787792,20,0.16968604179918764,0.20092079494084825,-0.3032153990384634,20,0.16968604179918764,0.20092079494084825,-0.2951720506446929
LSTM,5,48,0.001,0.05,2,256,0.0001,269,12,6,0.1102563047950918,0.16550616919994354,False,789,0.305841617161748,0.406824500038337,0.23653180275927077,789,0.305841617161748,0.406824500038337,0.5420041914572691,30,0.2329011311486363,0.33638819246656737,0.33382747188988415,30,0.2329011311486363,0.33638819246656737,0.05287456274290303,526,0.3687047477556364,0.46074014611364456,0.3324742324459812,526,0.3687047477556364,0.46074014611364456,0.37890147906736993,20,0.22703580239228902,0.25932819909033133,-1.1710304546436725,20,0.22703580239228902,0.25932819909033133,-1.1576310163519907
GRU,5,16,0.003,0.05,2,256,0.0001,101,12,6,0.10837268389084122,0.15969260036945343,False,789,0.29555538491132294,0.3996155766057599,0.2633493631456908,789,0.29555538491132294,0.3996155766057599,0.5580917381248472,30,0.2333056348542372,0.34993609146661836,0.27908725062554807,30,0.2333056348542372,0.34993609146661836,-0.024951906846915728,526,0.34982388093761624,0.45548885089439006,0.3476037956518824,526,0.34982388093761624,0.45548885089439006,0.39297876235184104,20,0.21075302939116955,0.2422769750054514,-0.8949192714591983,20,0.21075302939116955,0.2422769750054514,-0.8832239708284184
GRU,7,48,0.003,0.15,1,256,0.0001,183,11,5,0.09286076612770558,0.17488540709018707,False,787,0.3089905437045888,0.4181930148306049,0.19506196283486243,787,0.3089905437045888,0.4181930148306049,0.5172567609665303,30,0.23331931220293045,0.30705130900580113,0.44495634934710315,30,0.23331931220293045,0.30705130900580113,0.21087115103235732,526,0.3586328049507205,0.45024580093165145,0.36253658377596965,526,0.3586328049507205,0.45024580093165145,0.40687295650595734,20,0.20194337666928766,0.22623201062809623,-0.6522453492603417,20,0.20194337666928766,0.22623201062809623,-0.6420478140056989
LSTM,3,48,0.001,0.05,1,256,0.0001,219,14,8,0.10678613868852456,0.17097964882850647,False,789,0.3024230890833078,0.41349685935983793,0.21128303440207563,789,0.3024230890833078,0.41349685935983793,0.5268577451216458,30,0.23341676884641252,0.3546714208809915,0.25944448213900095,30,0.23341676884641252,0.3546714208809915,-0.05287885505737333,526,0.3529980544732324,0.44778240727248936,0.36949290648817723,526,0.3529980544732324,0.44778240727248936,0.41334545832939074,20,0.16132115472555156,0.18838937033380052,-0.14572190544764907,20,0.16132115472555156,0.18838937033380052,-0.1386505951679442
GRU,3,16,0.001,0.15,2,256,0.001,50,23,17,0.13547636972119412,0.17835180461406708,False,789,0.3065603445501873,0.42231719068998214,0.17727579967997953,789,0.3065603445501873,0.42231719068998214,0.5064571953421797,30,0.23351712645540632,0.35827380691176247,0.24432448709536203,30,0.23351712645540632,0.35827380691176247,-0.07437558647867348,526,0.3537738173995521,0.4630814918492652,0.3256726557084825,526,0.3537738173995521,0.4630814918492652,0.3725729604438123,20,0.14546246531754733,0.1824386843360962,-0.07448483608098355,20,0.14546246531754733,0.1824386843360962,-0.06785319568845938
LSTM,3,24,0.001,0.05,1,256,0.0001,203,25,19,0.10110373298327129,0.15817664563655853,False,789,0.2966853179587158,0.3977142864425711,0.2703423575999606,789,0.2966853179587158,0.3977142864425711,0.5622867552333441,30,0.23377532346049945,0.3149400192330546,0.41606980665975324,30,0.23377532346049945,0.3149400192330546,0.16980194115182068,526,0.3926700404757783,0.49302810180739715,0.23563767714633443,526,0.3926700404757783,0.49302810180739715,0.28880002652088943,20,0.2288388108670712,0.2662143816160994,-1.2878600484718397,20,0.2288388108670712,0.2662143816160994,-1.2737395466272288
GRU,7,16,0.003,0.15,1,256,0.0001,151,14,8,0.09928211458027363,0.17849642038345337,False,787,0.3114410394611171,0.4224883692761946,0.17844164445076116,787,0.3114410394611171,0.4224883692761946,0.507289103879824,30,0.23382743414392074,0.3246517029051275,0.3795016898920085,30,0.23382743414392074,0.3246517029051275,0.11781151506569132,526,0.3558933557897466,0.4586465315462937,0.3385269563117628,526,0.3558933557897466,0.4586465315462937,0.384533228466986,20,0.1808733153142035,0.21348766843418793,-0.47133652386550784,20,0.1808733153142035,0.21348766843418793,-0.4622555444091099
LSTM,3,48,0.003,0.15,1,256,0.0001,231,17,11,0.07863195426762104,0.16801095008850098,False,789,0.30437415765839687,0.40989137146584415,0.22497751133856603,789,0.30437415765839687,0.40989137146584415,0.5350729046525413,30,0.23402981127301853,0.3223466898513822,0.38828143330004294,30,0.23402981127301853,0.3223466898513822,0.13029404468595396,526,0.39499760306357434,0.5086394767165903,0.1864653577516412,526,0.39499760306357434,0.5086394767165903,0.2430477030431304,20,0.18082687043845652,0.22158558108727383,-0.5850735574338131,20,0.18082687043845652,0.22158558108727383,-0.5752906014761101
LSTM,7,16,0.001,0.15,2,256,0.001,290,20,14,0.11944386474788189,0.16705068945884705,False,787,0.30306387871094853,0.40871832937122027,0.23112253826653706,787,0.30306387871094853,0.40871832937122027,0.5388832690721796,30,0.23415925840437407,0.354556303779418,0.25992513417178253,30,0.23415925840437407,0.354556303779418,-0.05219549189316686,526,0.38150491697717986,0.48393159115887807,0.26358288870561297,526,0.3815049169771798,0.48393159115887807,0.31480161389064254,20,0.21800598071217542,0.24800449343308523,-0.9855714824301158,20,0.21800598071217542,0.24800449343308523,-0.9733166831039994
LSTM,5,48,0.001,0.15,2,256,0.0001,273,11,5,0.12280748242681677,0.16778995096683502,False,789,0.2970220457539434,0.4096217177162469,0.22599689838419224,789,0.2970220457539434,0.4096217177162469,0.5356844232408294,30,0.23448418476829927,0.3624870726960537,0.22644663682470267,30,0.23448418476829927,0.3624870726960537,-0.09979327640181035,526,0.33661380915255945,0.4405779367588215,0.38961842856622153,526,0.33661380915255945,0.4405779367588215,0.43207122533831566,20,0.16283550105467437,0.1908938865572249,-0.17638768069344746,20,0.16283550105467437,0.1908938865572249,-0.16912710353257387
GRU,7,24,0.003,0.05,2,256,0.001,166,11,5,0.09513795338571071,0.17623478174209595,False,787,0.30192251807521303,0.4198032618830897,0.18885122062349557,787,0.30192251807521303,0.4198032618830897,0.5135320099006268,30,0.23483859505703053,0.347954647812853,0.287228187644054,30,0.23483859505703053,0.347954647812853,-0.013377595076346172,526,0.3578168271518961,0.4594794445630055,0.33612227323199606,526,0.3578168271518961,0.4594794445630055,0.3822957940835501,20,0.19435768106281756,0.21406007611736239,-0.47923705887134815,20,0.19435768106281756,0.21406007611736239,-0.4701073179012387
LSTM,7,48,0.001,0.15,1,256,0.0001,319,14,8,0.10212469585239888,0.17305907607078552,False,787,0.30120326707702433,0.41600368933944804,0.2034679303030963,787,0.3012032670770243,0.41600368933944804,0.5222980483395516,30,0.23484158934752145,0.3755882422391208,0.16951994059781927,30,0.23484158934752145,0.3755882422391208,-0.18072834919511016,526,0.35374677776542457,0.45566536188792556,0.3470980646579013,526,0.35374677776542457,0.45566536188792556,0.39250820557692834,20,0.12119903877377507,0.1603534940899008,0.16991363019442196,20,0.12119903877377507,0.1603534940899008,0.17503686145319375
GRU,5,16,0.001,0.05,1,256,0.001,92,16,10,0.12368566407398744,0.18569545447826385,False,789,0.32153067126722845,0.4309239669303436,0.14340003863749273,789,0.32153067126722845,0.4309239669303436,0.4861355151140744,30,0.23499770791729288,0.34608384321040214,0.29487212675821417,30,0.23499770791729288,0.34608384321040214,-0.0025098860814942725,526,0.34145202613760767,0.45318643682246856,0.3541826166740226,526,0.34145202613760767,0.45318643682246856,0.3991000181968466,20,0.16684492672383786,0.1997499594929753,-0.28807107359534867,20,0.16684492672383786,0.1997499594929753,-0.28012119485043074
GRU,3,24,0.001,0.15,2,256,0.001,66,21,15,0.13214463585366806,0.18016493320465088,False,789,0.30875886436265687,0.4244583997190488,0.16891198987009215,789,0.30875886436265687,0.4244583997190488,0.5014398418358762,30,0.23520372187495228,0.3254508307917073,0.3764432258604258,30,0.23520372187495228,0.3254508307917073,0.11346316841221149,526,0.34809545176201445,0.4464507375834112,0.37323748724405337,526,0.34809545176201445,0.4464507375834112,0.4168295988405647,20,0.1649443136125803,0.19807231098205708,-0.26652557767290275,20,0.1649443136125803,0.19807231098205708,-0.25870867612434734
GRU,7,16,0.003,0.15,2,256,0.001,154,12,6,0.11768273524940014,0.15854601562023163,False,787,0.29317882000194834,0.3981783787734815,0.2702665578920692,787,0.29317882000194834,0.3981783787734815,0.5623590025452425,30,0.23526890175541243,0.3519506587703207,0.270762829209354,30,0.23526890175541243,0.3519506587703207,-0.03678708608508119,526,0.3740570988732146,0.4779785233366768,0.28158946913476224,526,0.3740570988732146,0.4779785233366768,0.3315558142754149,20,0.19359174284413455,0.2103970196436624,-0.4290439795841181,20,0.19359174284413455,0.2103970196436624,-0.4202240265615431
LSTM,7,48,0.003,0.15,2,256,0.0001,329,9,3,0.10491108819842339,0.16684076189994812,False,787,0.30666291236832005,0.4084614632144275,0.23208866346197798,787,0.30666291236832005,0.4084614632144275,0.5394626806350891,30,0.23529251688718794,0.3393406014248274,0.32208244075721715,30,0.23529251688718794,0.3393406014248274,0.03617615913463146,526,0.37339846915986824,0.47119143296353244,0.301846861437541,526,0.3733984691598683,0.47119143296353244,0.350404279771078,20,0.1815629232749343,0.21707445895729466,-0.5211914718366635,20,0.1815629232749343,0.21707445895729466,-0.5118027913540337
GRU,7,24,0.001,0.05,1,256,0.0001,155,16,10,0.11004657261073589,0.16289284825325012,False,787,0.3006817257993179,0.40359985774833207,0.25025960530413893,787,0.3006817257993179,0.40359985774833207,0.5503602887939316,30,0.23532315153678254,0.3339592312842284,0.34341321423836246,30,0.23532315153678254,0.3339592312842284,0.06650301487825683,526,0.3752121355545498,0.47685177452604977,0.2849725254166374,526,0.3752121355545498,0.47685177452604977,0.33470357478899615,20,0.2311523713737727,0.2495537547697807,-1.0104563331805294,20,0.2311523713737727,0.2495537547697807,-0.9980479464087304
LSTM,5,48,0.003,0.05,1,256,0.001,276,8,2,0.09925124353983185,0.16441339254379272,False,789,0.29725914887107524,0.4054792122104344,0.24157272969682653,789,0.29725914887107524,0.4054792122104344,0.5450281856680492,30,0.2353381884952386,0.3360950556931772,0.3349880035855899,30,0.2353381884952386,0.3360950556931772,0.054524539353112966,526,0.34112180769630485,0.4473072846293697,0.37083020452602355,526,0.34112180769630485,0.4473072846293697,0.4145897456269373,20,0.17088457457125183,0.20666250068945938,-0.37876353201335644,20,0.17088457457125183,0.20666250068945938,-0.37025390616885545
GRU,3,16,0.003,0.05,2,256,0.001,54,22,16,0.09440515314539273,0.16955848038196564,False,789,0.3009908997243499,0.4117748106974376,0.21783873496877515,789,0.3009908997243499,0.4117748106974376,0.5307904346461879,30,0.23537984496951106,0.35466392663952895,0.2594757778279433,30,0.23537984496951098,0.35466392663952895,-0.052834360663169155,526,0.3603501691103208,0.46972254017651394,0.30619292365958006,526,0.3603501691103208,0.469722540176514,0.3544480679650239,20,0.20084056158065788,0.24874595517951983,-0.9974617997599533,20,0.20084056158065788,0.24874595517951983,-0.9851336142807365
LSTM,5,48,0.003,0.05,1,256,0.0001,275,9,3,0.09402790293097496,0.17514973878860474,False,789,0.31509455152092025,0.4185089460448118,0.19204672816131274,789,0.31509455152092025,0.4185089460448118,0.5153181057994649,30,0.2354354610999425,0.32138221833271186,0.3919365197423973,30,0.2354354610999425,0.32138221833271186,0.1354906344563972,526,0.3902763369707214,0.4699506087892911,0.3055190193067753,526,0.3902763369707214,0.4699506087892911,0.353821034497371,20,0.25015396607071166,0.27865324756651955,-1.506655466144165,20,0.25015396607071166,0.27865324756651955,-1.4911845752751476
GRU,7,24,0.001,0.15,1,256,0.0001,159,21,15,0.09946654401719571,0.16560758650302887,False,787,0.29942898753970826,0.40694912678935025,0.23776454942673975,787,0.29942898753970826,0.40694912678935025,0.5428666638592681,30,0.23548524008989333,0.3427762037798283,0.30828600593187216,30,0.23548524008989333,0.3427762037798283,0.016561188815134686,526,0.3657682527393216,0.45294836119809656,0.35486098203584115,526,0.3657682527393216,0.45294836119809656,0.399731202404793,20,0.19593647361397742,0.2268843005020586,-0.6617868515797105,20,0.19593647361397742,0.2268843005020586,-0.651530426883298
GRU,3,24,0.003,0.15,1,256,0.001,72,16,10,0.09865883365273476,0.16437633335590363,False,789,0.294640080660015,0.4054335283868201,0.24174361838741942,789,0.294640080660015,0.4054335283868201,0.5451306998320992,30,0.23561616693536439,0.3653676926918971,0.21410320469657773,30,0.23561616693536439,0.3653676926918971,-0.11734245181552705,526,0.35372198650127584,0.4505050673460716,0.3618022273924453,526,0.35372198650127584,0.45050506734607165,0.4061896755214408,20,0.17925957493484018,0.2253464674484006,-0.6393358497437152,20,0.17925957493484018,0.2253464674484006,-0.6292179909587319
GRU,5,16,0.001,0.15,1,256,0.0001,95,27,21,0.10990394245494496,0.17198438942432404,False,789,0.3021805127450137,0.41471000604900016,0.20664825684054133,789,0.3021805127450137,0.41471000604900016,0.524077395259815,30,0.23586586749603353,0.34764402054935734,0.28850023577814055,30,0.23586586749603353,0.34764402054935734,-0.011569070866218834,526,0.36505162367762944,0.4626951116923006,0.3267974599334946,526,0.36505162367762944,0.4626951116923006,0.3736195331372586,20,0.1816628549337387,0.2031695622230544,-0.3325506243677605,20,0.1816628549337387,0.2031695622230544,-0.32432622114782106
GRU,7,24,0.003,0.15,1,256,0.0001,167,10,4,0.10180225595831871,0.16960126161575317,False,787,0.3103888557322674,0.4118267541553529,0.21938298117569033,787,0.3103888557322674,0.4118267541553529,0.5318427373129742,30,0.23592128977775575,0.33223383703150666,0.3501801754833699,30,0.23592128977775575,0.33223383703150666,0.07612388763664257,526,0.3538861324270415,0.44922384645880975,0.36542709050589794,526,0.35388613242704153,0.44922384645880975,0.4095624249009866,20,0.21763298724144703,0.24174083228602022,-0.8865418921415325,20,0.21763298724144703,0.24174083228602022,-0.8748982960720464
GRU,3,48,0.003,0.05,1,256,0.0001,83,13,7,0.09290909518798192,0.16186702251434326,False,789,0.29954143779722003,0.402327003766521,0.2533189697182018,789,0.29954143779722003,0.402327003766521,0.5520746202351599,30,0.23625710383852322,0.3676234468084792,0.20436910665682184,30,0.23625710383852322,0.3676234468084792,-0.13118182746249674,526,0.3661830083458143,0.4553989923408994,0.34786117888538526,526,0.36618300834581424,0.4553989923408994,0.39321824426162155,20,0.18268229026794433,0.2332215378979008,-0.7559160039646704,20,0.18268229026794433,0.2332215378979008,-0.7450786211494382
GRU,5,48,0.001,0.15,1,256,0.0001,127,13,7,0.11659162491559982,0.17114250361919403,False,789,0.30747982241067895,0.41369374249600976,0.21053177337032258,789,0.30747982241067895,0.4136937424960098,0.526407072251567,30,0.23645818705757457,0.363877688345769,0.22050005893513447,30,0.23645818705757457,0.363877688345769,-0.10824777571870459,526,0.3535061708545957,0.45272696436875753,0.3554915034722783,526,0.3535061708545957,0.45272696436875753,0.40031787029182075,20,0.14411762972772119,0.16518898745334828,0.11909594380393096,20,0.14411762972772119,0.16518898745334828,0.12453281803876459
GRU,3,24,0.001,0.05,1,256,0.001,60,25,19,0.10712455057849486,0.17341731488704681,False,789,0.3066604921957537,0.41643405522715904,0.20003823783667363,789,0.3066604921957537,0.41643405522715904,0.5201121207282752,30,0.23663228254318236,0.363313064035934,0.22291726209149132,30,0.23663228254318236,0.363313064035934,-0.10481113656022933,526,0.3570136201913139,0.4482966483312752,0.36804390444051827,526,0.3570136201913139,0.4482966483312752,0.4119972361747207,20,0.15697278934121137,0.19878208931895755,-0.27561885356190396,20,0.15697278934121137,0.19878208931895755,-0.2677458289917285
GRU,3,48,0.001,0.15,2,256,0.0001,81,14,8,0.13019571360200644,0.1688758134841919,False,789,0.30139106374378444,0.41094502412688744,0.22098789783510453,789,0.30139106374378444,0.41094502412688744,0.5326795813040446,30,0.23664082637031875,0.36467237931155444,0.2170915619723378,30,0.23664082637031875,0.36467237931155444,-0.1130937788786317,526,0.33971099517383957,0.4458181997535219,0.37501224139981193,526,0.33971099517383957,0.4458181997535219,0.4184809166394262,20,0.1269677847847342,0.16241657658781716,0.14841670824759923,20,0.1269677847847342,0.16241657658781716,0.15367261690777345
GRU,3,48,0.001,0.15,2,256,0.001,82,18,12,0.12036007922142744,0.16233453154563904,False,789,0.30072631625041685,0.40290758254284825,0.2511624157633999,789,0.30072631625041685,0.4029075825428483,0.5507809282703011,30,0.23697425945823392,0.3535931832792188,0.26394036765695794,30,0.23697425945823392,0.3535931832792188,-0.04648686595939444,526,0.36709602721541157,0.4697238011942666,0.3061891984637901,526,0.36709602721541157,0.46972380119426654,0.3544446018612304,20,0.14438841939456765,0.19439975364428053,-0.2199944302114285,20,0.14438841939456765,0.19439975364428053,-0.21246471543987933
LSTM,7,24,0.001,0.15,2,256,0.001,306,17,11,0.11997681967914105,0.17639245092868805,False,787,0.3073287174449109,0.41999103101282237,0.18812543892310662,787,0.3073287174449109,0.41999103101282237,0.513096738870187,30,0.23729991806298492,0.3367888698910941,0.3322395489759594,30,0.23729991806298492,0.3367888698910941,0.05061694610348966,526,0.37771132931229395,0.474155067184018,0.2930369499529565,526,0.37771132931229395,0.474155067184018,0.34220710857771286,20,0.21113978451192378,0.23766863348214484,-0.8235184666894015,20,0.21113978451192378,0.23766863348214484,-0.8122638465085172
GRU,7,16,0.001,0.15,2,256,0.0001,145,19,13,0.13069724440574645,0.1622384488582611,False,787,0.29689708632234546,0.4027883556331956,0.253271520425705,787,0.29689708632234546,0.4027883556331956,0.5521666162307607,30,0.23744736603796482,0.3588953149617749,0.24170042823037063,30,0.23744736603796482,0.3588953149617749,-0.07810632107822824,526,0.3862486126333362,0.4944217593403594,0.2313102771231158,526,0.3862486126333362,0.4944217593403594,0.28477360254664574,20,0.20332697221040724,0.2385486301532851,-0.8370470584601606,20,0.20332697221040724,0.2385486301532851,-0.8257089408183274
LSTM,5,24,0.001,0.05,2,256,0.001,254,15,9,0.11083939231254837,0.17082610726356506,False,789,0.307985820134783,0.41331115267306956,0.21199132091208595,789,0.307985820134783,0.41331115267306956,0.5272826380693868,30,0.23751495290398597,0.3408170549470272,0.31617043832612945,30,0.23751495290398597,0.3408170549470272,0.027770817197920072,526,0.37468819395693537,0.4565664290972321,0.3445133160374916,526,0.3746881939569353,0.4565664290972321,0.3901032294349561,20,0.22987845588028435,0.2558369649911955,-1.1129684687154833,20,0.22987845588028435,0.2558369649911955,-1.0999273846771342
LSTM,7,16,0.003,0.05,2,256,0.0001,293,10,4,0.11372986659407616,0.1614357829093933,False,787,0.30445683329983164,0.4017907273305504,0.25696594156742036,787,0.30445683329983164,0.4017907273305504,0.5543822610952852,30,0.23751858957807223,0.333145717316394,0.3466081667614156,30,0.23751858957807223,0.333145717316394,0.07104541294741318,526,0.37975417957503077,0.4771548507757711,0.28406332585258776,526,0.37975417957503077,0.477154850775771,0.3338576111844256,20,0.22444491042196751,0.26866732662015486,-1.330215760313203,20,0.22444491042196751,0.26866732662015486,-1.315833842169293
GRU,3,24,0.003,0.05,1,256,0.001,68,17,11,0.0985932204251488,0.17896801233291626,False,789,0.3081759576775578,0.4230461202544413,0.1744332653886661,789,0.3081759576775578,0.4230461202544413,0.5047519916470347,30,0.2376386278947194,0.36180071226470784,0.2293732722960965,30,0.2376386278947194,0.36180071226470784,-0.0956323559441632,526,0.34781071891270215,0.45178003326510024,0.35818481280802084,526,0.34781071891270215,0.45178003326510024,0.40282385661647346,20,0.2009955522537231,0.23456298599939962,-0.7761735181757681,20,0.2009955522537231,0.23456298599939962,-0.765211107491381
GRU,3,16,0.003,0.15,2,256,0.0001,57,13,7,0.12683605744192997,0.17179404199123383,False,789,0.30995771473819916,0.4144804357160964,0.20752636255500645,789,0.30995771473819916,0.4144804357160964,0.5246041607991471,30,0.2379514964918296,0.3449504524618326,0.2994830139562603,30,0.2379514964918296,0.3449504524618326,0.00404560573078705,526,0.3495088831842965,0.45440754011119355,0.3506976395678706,526,0.3495088831842965,0.45440754011119355,0.39585742557896697,20,0.13360807874053718,0.1659346408121708,0.11112529675955662,20,0.13360807874053718,0.1659346408121708,0.11661136523438242
LSTM,5,24,0.001,0.15,2,256,0.0001,257,16,10,0.12829902869733897,0.17956361174583435,False,789,0.3137238729925512,0.42374944226408484,0.17168594357756217,789,0.3137238729925512,0.42374944226408484,0.5031039048259318,30,0.2382326486587524,0.3520095493718454,0.27051876767684213,30,0.2382326486587524,0.3520095493718454,-0.03713407860720408,526,0.37766330770870576,0.4726483846177913,0.2975227252926417,526,0.3776633077087058,0.4726483846177913,0.3463808926683608,20,0.2052888510495424,0.22628411604596207,-0.6530065222549908,20,0.2052888510495424,0.22628411604596207,-0.6428042890973087
GRU,7,16,0.003,0.15,2,256,0.0001,153,16,10,0.10492729656398296,0.1603832244873047,False,787,0.2944988128133166,0.4004787324746952,0.2618105791493943,787,0.2944988128133166,0.4004787324746952,0.5572877220503942,30,0.2382755332708359,0.3244570606543556,0.380245496141693,30,0.2382755332708359,0.3244570606543556,0.11886901562259011,526,0.3926240069249737,0.4941977613334031,0.23200662981553244,526,0.3926240069249737,0.4941977613334031,0.2854215230439955,20,0.20605062673091884,0.22647801266992507,-0.655840567425922,20,0.20605062673091884,0.22647801266992507,-0.6456208427524932
GRU,3,16,0.001,0.15,1,256,0.001,48,30,30,0.11313043255358934,0.16777679324150085,False,789,0.3022380330979102,0.4096056616713696,0.22605757478115418,789,0.3022380330979102,0.4096056616713696,0.5357208223149317,30,0.2385864430507024,0.3458909742332648,0.29565782883233516,30,0.2385864430507024,0.3458909742332648,-0.0013928204729547478,526,0.39020468813833026,0.47840403339377746,0.28030980087168345,526,0.3902046881383303,0.47840403339377746,0.3303651485301884,20,0.23879680246710783,0.26639055928270367,-1.2908892102770082,20,0.23879680246710783,0.26639055928270367,-1.276750012671314
LSTM,3,48,0.001,0.05,1,256,0.001,220,10,4,0.12150061720361312,0.1750100702047348,False,789,0.3123850345869179,0.4183420427282627,0.19269103071465454,789,0.3123850345869179,0.4183420427282627,0.5157046155059993,30,0.23860285370846587,0.34531993721192544,0.29798152896681873,30,0.23860285370846587,0.34531993721192544,0.001910881515734042,526,0.34720433272676327,0.4514621735400797,0.35908762133002314,526,0.34720433272676327,0.4514621735400797,0.403663873683913,20,0.19936272614598274,0.2160758384017428,-0.5072276099172013,20,0.19936272614598274,0.2160758384017428,-0.4979251133504641
LSTM,3,24,0.003,0.15,2,256,0.001,218,13,7,0.12140132455776136,0.1648338884115219,False,789,0.2980243516766451,0.40599740398394624,0.23963299079454425,789,0.2980243516766451,0.40599740398394624,0.5438645585646239,30,0.23904416145732008,0.34942219654319145,0.28120307339306805,30,0.23904416145732008,0.34942219654319145,-0.02194375283382377,526,0.3522257949112713,0.45076056942416437,0.3610781196804488,526,0.3522257949112712,0.45076056942416437,0.4055159304006122,20,0.18856771284788845,0.21781495351879754,-0.5315874925343509,20,0.18856771284788845,0.21781495351879754,-0.5221346485861558
GRU,7,48,0.003,0.15,2,256,0.0001,185,9,3,0.10814476311206818,0.16161930561065674,False,787,0.3058736775914702,0.4020190596638551,0.2561211888335422,787,0.3058736775914702,0.4020190596638551,0.5538756398994837,30,0.23912232707142828,0.31783191821701473,0.4052968338966,30,0.23912232707142828,0.31783191821701473,0.15448555371716233,526,0.4104054523730233,0.49575900196206685,0.22714656574079573,526,0.4104054523730233,0.4957590019620668,0.2808994824649217,20,0.32850622327327733,0.3493050789557117,-2.9389115468014664,20,0.32850622327327733,0.3493050789557117,-2.914600878061252
LSTM,5,16,0.003,0.15,2,256,0.0001,249,12,6,0.1109357862309976,0.1771911382675171,False,789,0.30536348356301835,0.42094077345751446,0.18262990987106964,789,0.30536348356301835,0.42094077345751446,0.5096690645920812,30,0.23944225346744064,0.35310476645982175,0.26597239559678754,30,0.23944225346744064,0.35310476645982175,-0.04359784656904275,526,0.3472505104966363,0.4443412791855813,0.3791463404980353,526,0.3472505104966363,0.4443412791855813,0.42232748400820985,20,0.16182799133807418,0.18918794350873136,-0.15545580897388778,20,0.16182799133807418,0.18918794350873136,-0.14832442176649274
LSTM,5,24,0.003,0.05,2,256,0.001,262,9,3,0.10402078926563263,0.1804077923297882,False,789,0.3106827188344963,0.4247443730816216,0.1677917430038356,789,0.3106827188344963,0.4247443730816216,0.5007678185988469,30,0.2394828607678413,0.3405742154350475,0.31714457781626515,30,0.2394828607678413,0.3405742154350475,0.02915579218805009,526,0.35477241031989853,0.44992508186609603,0.3634444161423488,526,0.35477241031989853,0.44992508186609603,0.40771764800315435,20,0.18183328073024746,0.20967018163967321,-0.41918747727823646,20,0.18183328073024746,0.20967018163967321,-0.41042835785388987
GRU,3,24,0.001,0.15,1,256,0.0001,63,14,8,0.13073220600684485,0.17750203609466553,False,789,0.31142193683876135,0.42130989425823673,0.18119578609681386,789,0.31142193683876135,0.42130989425823673,0.5088087502005787,30,0.23974815948903563,0.3608372094452246,0.23347228222846528,30,0.23974815948903563,0.3608372094452246,-0.08980462151997459,526,0.3565403641437113,0.4641173757073147,0.322652426651182,526,0.3565403641437113,0.4641173757073147,0.36976279207047635,20,0.13706247055828572,0.17090745086813813,0.057050530106163344,20,0.13706247055828572,0.17090745086813813,0.06287034401388236
GRU,7,24,0.003,0.05,1,256,0.001,164,8,2,0.10081220865249634,0.1722649186849594,False,787,0.31180368095284194,0.41504808703460006,0.20712315578109108,787,0.31180368095284194,0.41504808703460006,0.5244901864982343,30,0.23977755307753876,0.34308150124660197,0.30705329157157957,30,0.23977755307753876,0.34308150124660197,0.014808587081740932,526,0.36197992011995367,0.45737107194624205,0.3422008488597734,526,0.36197992011995367,0.45737107194624205,0.3879515972229909,20,0.2199606652408838,0.23868044389882878,-0.8390777970537244,20,0.2199606652408838,0.23868044389882878,-0.8277271458445188
GRU,5,24,0.001,0.15,2,256,0.0001,113,19,13,0.12673362175172026,0.18869556486606598,False,789,0.31897280017572666,0.43439103426440145,0.12956076612798917,789,0.31897280017572666,0.43439103426440145,0.47783349438087197,30,0.239783030205965,0.3549766733028385,0.2581691967274766,30,0.239783030205965,0.3549766733028385,-0.05469198184067703,526,0.38317498559122304,0.4754752779459831,0.28909461268084236,526,0.38317498559122304,0.4754752779459831,0.3385389657617436,20,0.1786770438373089,0.21097803143529306,-0.4369474929512971,20,0.1786770438373089,0.21097803143529306,-0.4280787600327862
GRU,7,24,0.003,0.15,1,256,0.001,168,11,5,0.09592285118997097,0.17041240632534027,False,787,0.30375570138402785,0.41281036736152044,0.21564965329667596,787,0.30375570138402785,0.41281036736152044,0.5296037590196431,30,0.2400503204385439,0.3654495735455278,0.2137509178779523,30,0.2400503204385439,0.3654495735455278,-0.11784331276828519,526,0.3628722255574433,0.46101515202575677,0.3316771310009874,526,0.3628722255574433,0.46101515202575677,0.3781598170183782,20,0.23572563418149955,0.2519344487249396,-1.048998020015575,20,0.23572563418149955,0.2519344487249396,-1.0363517568227896
GRU,5,48,0.003,0.05,2,256,0.0001,133,8,2,0.10250252315943892,0.17142507433891296,False,789,0.30031401099655564,0.41403510544143163,0.20922836285377988,789,0.30031401099655564,0.41403510544143163,0.5256251712430581,30,0.24016181462804478,0.35643539072663094,0.2520598098368768,30,0.24016181462804478,0.35643539072663094,-0.06337795354615627,526,0.3349105217795635,0.44395009624171095,0.38023901618461764,526,0.3349105217795635,0.44395009624171095,0.4233441627429979,20,0.18672433496415614,0.22279546250698073,-0.6024301616083256,20,0.18672433496415614,0.22279546250698073,-0.5925400819821858
LSTM,7,48,0.001,0.15,2,256,0.0001,321,16,10,0.10699167475104332,0.15736986696720123,False,787,0.29294476288920585,0.3966986950974501,0.2756800530824407,787,0.29294476288920585,0.3966986950974501,0.5656056228837418,30,0.240175271042188,0.34679938792331655,0.2919533420615701,30,0.240175271042188,0.34679938792331655,-0.006659644763244321,526,0.403315182286297,0.4926873927860342,0.23669374333858695,526,0.403315182286297,0.4926873927860342,0.2897826419971705,20,0.24088082217872148,0.2629632795004369,-1.2323209864748619,20,0.24088082217872148,0.2629632795004369,-1.21854326758496
LSTM,3,48,0.003,0.05,1,256,0.0001,227,11,5,0.09278263834615548,0.17098043859004974,False,789,0.3001139030560795,0.4134978143519377,0.21127939123369888,789,0.3001139030560795,0.4134978143519377,0.5268555596267525,30,0.2402911226153374,0.33874512021438125,0.3244595979154482,30,0.2402911226153374,0.33874512021438125,0.03955586321715432,526,0.3620440333331493,0.455941668600955,0.346306010230754,526,0.3620440333331493,0.455941668600955,0.3917712395194203,20,0.18534149826467036,0.22450440868072882,-0.6271072311333097,20,0.18534149826467036,0.22450440868072882,-0.6170648464717374
GRU,7,48,0.003,0.15,1,256,0.001,184,14,8,0.07932302802801132,0.17016838490962982,False,787,0.3023192097641613,0.4125147095787523,0.21677276578983184,787,0.3023192097641613,0.4125147095787523,0.5302773201357935,30,0.2403090134461721,0.32515472559959796,0.3775773720114568,30,0.2403090134461721,0.32515472559959796,0.11507563158636258,526,0.3792706533761645,0.46971531817298956,0.30621425812068126,526,0.3792706533761645,0.46971531817298956,0.35446791858784477,20,0.21254351766854523,0.23303355124055866,-0.7530864561432424,20,0.21254351766854523,0.23303355124055866,-0.7422665370864505
GRU,5,24,0.003,0.15,1,256,0.001,120,11,5,0.10182072459296747,0.18386118113994598,False,789,0.31406641553865483,0.4287903579855693,0.15186150707399393,789,0.31406641553865483,0.4287903579855693,0.49121145290957136,30,0.24061571909785273,0.3429403721521327,0.3076232717470605,30,0.24061571909785273,0.3429403721521327,0.015618951814825421,526,0.33742403541465676,0.4338651501039782,0.408076669767483,526,0.33742403541465676,0.4338651501039782,0.44924567292725226,20,0.16388075167238714,0.19836611603694057,-0.2702856953362265,20,0.16388075167238714,0.19836611603694057,-0.262445586621465
GRU,3,24,0.003,0.15,2,256,0.001,74,16,10,0.11149645006905,0.16655761003494263,False,789,0.2975707560087943,0.40811469623490043,0.23168162432672734,789,0.2975707560087943,0.40811469623490043,0.5390946250852611,30,0.240767935949564,0.3430281908725579,0.30726862453468906,30,0.240767935949564,0.3430281908725579,0.015114734991231282,526,0.3482226391705497,0.45551791542158204,0.3475205348118029,526,0.3482226391705497,0.45551791542158204,0.3929012924066517,20,0.15849037752151485,0.18383052735664815,-0.09094207966656609,20,0.15849037752151485,0.18383052735664815,-0.08420886639218561
GRU,5,16,0.003,0.05,2,256,0.001,102,10,4,0.1194011474197561,0.1793803572654724,False,789,0.31128938259817046,0.4235331732537629,0.17253122113951247,789,0.31128938259817046,0.4235331732537629,0.5036109771333673,30,0.24077484117746353,0.36900782407989574,0.19836553298595094,30,0.24077484117746353,0.36900782407989574,-0.13971736007333546,526,0.344667714081393,0.4625989058614015,0.3270773819593005,526,0.344667714081393,0.4625989058614015,0.37387998623832996,20,0.12050622332096103,0.14379414232690968,0.33250377022544686,20,0.12050622332096103,0.14379414232690968,0.3366235072478658
GRU,5,24,0.003,0.15,2,256,0.001,122,10,4,0.11956347152590752,0.18753351271152496,False,789,0.3178640745116353,0.43305138184322206,0.13492131845731226,789,0.3178640745116353,0.43305138184322206,0.4810492281955574,30,0.24078327374656996,0.36722852300516007,0.20607762012271202,30,0.24078327374656996,0.36722852300516007,-0.128752762175113,526,0.35529763864604014,0.4647723302238679,0.3207393550941755,526,0.35529763864604014,0.4647723302238679,0.36798277701750115,20,0.14124077611267566,0.16647030528800427,0.1053771645220335,20,0.14124077611267566,0.16647030528800427,0.11089871004097185
LSTM,7,16,0.001,0.05,2,256,0.0001,285,17,11,0.11531813628971577,0.17980292439460754,False,787,0.3181889473754235,0.42403174637220303,0.17242827017986895,787,0.3181889473754235,0.42403174637220303,0.5036827197371705,30,0.24086232608358063,0.34634005663773004,0.29382769716625035,30,0.24086232608358063,0.34634005663773004,-0.003994795458918121,526,0.3713697900808356,0.4745659728463711,0.2918111020695502,526,0.3713697900808356,0.4745659728463711,0.3410665199378736,20,0.14498775657415391,0.18219465470343743,-0.07161230082250936,20,0.14498775657415391,0.18219465470343743,-0.06499838950368586
GRU,7,24,0.003,0.15,2,256,0.001,170,10,4,0.11279690042138099,0.15539461374282837,False,787,0.29584597794730283,0.394201245712154,0.28477137717230927,787,0.29584597794730283,0.394201245712154,0.5710579372677194,30,0.24089473020633062,0.32950066180417403,0.3608278921238188,30,0.24089473020633062,0.32950066180417403,0.09126219318563378,526,0.38115341399129865,0.48416600493552514,0.26286928319187786,526,0.38115341399129865,0.48416600493552514,0.3141376405271359,20,0.19669224862968548,0.22324757156861488,-0.6089402427328001,20,0.19669224862968548,0.22324757156861488,-0.599009983370759
GRU,7,24,0.003,0.05,2,256,0.0001,165,13,7,0.09056151881814004,0.17597337067127228,False,787,0.31692139344619824,0.4194918001634507,0.19005439409189018,787,0.31692139344619824,0.4194918001634507,0.5142535857616677,30,0.24102050819595655,0.3185708579138535,0.4025283226242655,30,0.24102050819595655,0.3185708579138535,0.15054944506855183,526,0.38409469875070085,0.4795510459799906,0.2768546322148502,526,0.3840946987507008,0.47955104597999065,0.3271502911469364,20,0.24108549239039423,0.2724935009681808,-1.397059006899838,20,0.24108549239039423,0.2724935009681808,-1.3822645372157423
LSTM,3,48,0.001,0.15,2,256,0.001,226,18,12,0.11941306634495656,0.16130155324935913,False,789,0.2935938415632917,0.40162365221337715,0.2559273961771342,789,0.2935938415632917,0.40162365221337715,0.5536393853287167,30,0.24107808811118206,0.37359458356651243,0.17831307784708827,30,0.24107808811118206,0.37359458356651243,-0.16822677698873,526,0.36507573251107517,0.46563337618893735,0.31822020163198683,526,0.36507573251107517,0.46563337618893735,0.3656388338089851,20,0.13375702659040692,0.1698423766547466,0.06876659968652765,20,0.13375702659040692,0.1698423766547466,0.07451410288528015
LSTM,3,16,0.003,0.15,2,256,0.0001,201,22,16,0.10203544547160466,0.1696072369813919,False,789,0.2975210830883155,0.4118339933187847,0.21761388546688842,789,0.2975210830883155,0.4118339933187847,0.5306555500107974,30,0.2412202687829733,0.3745069698615463,0.17429475763139402,30,0.24122026878297326,0.3745069698615463,-0.17393979145680682,526,0.3572961770910557,0.4713508708299191,0.3013743109136531,526,0.3572961770910557,0.4713508708299191,0.3499645957233323,20,0.151215790528059,0.17831189729268637,-0.026424641388194336,20,0.151215790528059,0.17831189729268637,-0.020089624938321338
LSTM,3,16,0.003,0.15,2,256,0.001,202,13,7,0.11886196893950303,0.1466919481754303,False,789,0.2870556732201984,0.3830038750857625,0.32332039332139506,789,0.2870556732201985,0.3830038750857625,0.5940676707880931,30,0.24128461961150166,0.36484649604195984,0.2163437674680868,30,0.24128461961150166,0.36484649604195984,-0.11415694970440327,526,0.35308340503955293,0.45297872275292106,0.3547744905863822,526,0.35308340503955293,0.45297872275292106,0.39965072654312084,20,0.2039518443614244,0.22654883362752162,-0.6568763107940943,20,0.2039518443614244,0.22654883362752162,-0.646650193589728
LSTM,3,24,0.001,0.15,1,256,0.001,208,28,22,0.10226088886459668,0.16527827084064484,False,789,0.301421006906924,0.40654431261010837,0.2375830694720833,789,0.301421006906924,0.40654431261010837,0.542634834291992,30,0.24161594029267627,0.3747095702363553,0.17340113772712462,30,0.24161594029267627,0.3747095702363553,-0.1752102883729343,526,0.3636409352650661,0.47514154950504156,0.2900922085467874,526,0.3636409352650661,0.47514154950504156,0.3394671775955689,20,0.1491190511316061,0.17700376176570107,-0.01141972721201312,20,0.1491190511316061,0.17700376176570107,-0.005177319975035122
LSTM,7,24,0.003,0.15,1,256,0.0001,311,13,7,0.08376352153718472,0.18526294827461243,False,787,0.3176106230167168,0.43042181628206294,0.14729766333185768,787,0.3176106230167168,0.43042181628206294,0.4886112111383082,30,0.24162072369853654,0.30412957710033933,0.4554690756910833,30,0.24162072369853654,0.30412957710033933,0.22581753521237347,526,0.3921068324221178,0.48248863915294776,0.2679679313602289,526,0.3921068324221178,0.48248863915294776,0.3188816713796413,20,0.2626465896233917,0.2837763846974558,-1.599674238227771,20,0.2626465896233917,0.2837763846974558,-1.5836292424244647
GRU,5,24,0.001,0.05,2,256,0.0001,109,12,6,0.13387758217074655,0.16214431822299957,False,789,0.30166357550539635,0.40267147298763456,0.2520398174837344,789,0.30166357550539635,0.40267147298763456,0.5513072714916347,30,0.24197717874348165,0.3725526127281829,0.18289012417771922,30,0.24197717874348165,0.3725526127281829,-0.161719398157689,526,0.354660408705048,0.4667474390407348,0.31495388001390456,526,0.354660408705048,0.4667474390407348,0.3625996889182719,20,0.1386601924493909,0.16845792585928313,0.08388640986319995,20,0.1386601924493909,0.16845792585928313,0.08954059471949849
GRU,3,24,0.003,0.05,2,256,0.001,70,11,5,0.11836767289787531,0.17641699314117432,False,789,0.3126266929246249,0.42002022194461697,0.18620099909756704,789,0.3126266929246249,0.42002022194461697,0.5118113200305905,30,0.2422370800236861,0.3571921065933648,0.24888066987110147,30,0.2422370800236861,0.3571921065933648,-0.06789787023910154,526,0.35007167853205373,0.44988050752871667,0.363570537752291,526,0.35007167853205373,0.44988050752871667,0.4078349976984026,20,0.14902053733468057,0.18768469229265367,-0.1371666979452817,20,0.14902053733468057,0.18768469229265367,-0.13014818976918408
GRU,5,48,0.003,0.15,2,256,0.001,138,9,3,0.11240009760314768,0.17007207870483398,False,789,0.3028034614397092,0.4123979744631493,0.21546955956693736,789,0.3028034614397092,0.4123979744631493,0.5293691935156918,30,0.24224768045643966,0.3705210859680281,0.1917772160460276,30,0.24224768045643966,0.3705210859680281,-0.14908424672688092,526,0.34133816263844535,0.4466136661085322,0.37277994012104165,526,0.34133816263844535,0.4466136661085322,0.4164038746885206,20,0.1447737928897142,0.17349042327492276,0.02833302835207885,20,0.1447737928897142,0.17349042327492276,0.034330084542061545
LSTM,7,24,0.001,0.05,1,256,0.0001,299,20,14,0.09669305495917797,0.17726854979991913,False,787,0.30702367021425553,0.4210326986741477,0.1840931993007,787,0.30702367021425553,0.4210326986741477,0.5106784950725216,30,0.2422905318299929,0.3575401782336211,0.24741607579812164,30,0.2422905318299929,0.3575401782336211,-0.06998014509019823,526,0.3559147442727714,0.447712209941215,0.36969057591581345,526,0.3559147442727714,0.447712209941215,0.41352937960270475,20,0.17729456462860108,0.2041419184819532,-0.3453361472270766,20,0.17729456462860108,0.2041419184819532,-0.3370328327121741
LSTM,5,16,0.001,0.15,2,256,0.001,242,17,11,0.14439661563797432,0.17804421484470367,False,789,0.31114305739578785,0.4219528558846904,0.1786947225721388,789,0.31114305739578785,0.4219528558846904,0.5073083908989859,30,0.24234434692263596,0.3623020701973284,0.2272360320694944,30,0.24234434692263596,0.3623020701973284,-0.0986709600575546,526,0.3665246143130437,0.4769993144519028,0.2845299920067549,526,0.3665246143130437,0.4769993144519028,0.33429182012767655,20,0.19413917424120009,0.23316383351528297,-0.7550472032964437,20,0.19413917424120009,0.23316383351528297,-0.7442151826542371
GRU,7,24,0.003,0.05,1,256,0.0001,163,9,3,0.10319783538579941,0.18247534334659576,False,787,0.3173944516740124,0.4271713209923676,0.16012804984311257,787,0.3173944516740124,0.4271713209923676,0.4963059429766843,30,0.24278090152740478,0.37036525652334384,0.19245689894749696,30,0.24278090152740478,0.37036525652334384,-0.1481179130248942,526,0.3385531913961068,0.438792582341069,0.39455530511868464,526,0.3385531913961068,0.438792582341069,0.4366647359918405,20,0.10291223973035812,0.13615099979894849,0.40157724777613857,20,0.10291223973035812,0.13615099979894849,0.40527066843894455
LSTM,7,16,0.001,0.05,2,256,0.001,286,15,9,0.12144158259034157,0.16727639734745026,False,787,0.30463569945854335,0.4089943973552201,0.2300835139719537,787,0.30463569945854335,0.4089943973552201,0.5382601379363122,30,0.24290422309835746,0.33558925781955556,0.33698808391098634,30,0.24290422309835746,0.33558925781955556,0.05736813747943381,526,0.37247240884347116,0.4722030437100894,0.2988458842991767,526,0.3724724088434711,0.4722030437100894,0.3476120243217933,20,0.24145434589385992,0.2880688775024804,-1.6789160744558784,20,0.24145434589385992,0.2880688775024804,-1.6623820039404293
LSTM,7,48,0.001,0.05,1,256,0.001,316,12,6,0.09978910125792026,0.16426493227481842,False,787,0.30571507572044715,0.40529612371589996,0.2439442828770052,787,0.30571507572044715,0.40529612371589996,0.5465728181275531,30,0.243012816063563,0.3648669747962797,0.21625579209200252,30,0.243012816063563,0.3648669747962797,-0.11428202798821974,526,0.38045486406024415,0.4641289453063084,0.32261865615307206,526,0.38045486406024415,0.4641289453063084,0.3697313703524743,20,0.22799494729638106,0.25230062302193945,-1.054958583712902,20,0.22799494729638106,0.25230062302193945,-1.0422755323648536
GRU,7,48,0.001,0.15,2,256,0.001,178,12,6,0.11957402415573597,0.1572350114583969,False,787,0.2953242620349763,0.3965287005799566,0.2763006955967704,787,0.2953242620349763,0.3965287005799566,0.5659778390840156,30,0.24374536967178187,0.3543413788626692,0.26082209929456,30,0.24374536967178187,0.3543413788626692,-0.050920238939513585,526,0.36654587551180856,0.46234273654912333,0.3278224524418838,526,0.36654587551180856,0.46234273654912333,0.3745732361430022,20,0.18618059433698655,0.215069897934109,-0.49322648911498246,20,0.18618059433698655,0.215069897934109,-0.4840104064231876
LSTM,3,24,0.003,0.05,1,256,0.0001,211,11,5,0.09978890605270863,0.16505274176597595,False,789,0.3066904850437463,0.4062668285053719,0.2386234794539529,789,0.3066904850437463,0.40626682850537194,0.5432589642984341,30,0.24378136219779648,0.35434530487133814,0.26080571941292074,30,0.24378136219779648,0.35434530487133814,-0.05094352690457549,526,0.3893328818479418,0.4799760374501457,0.27557232119484365,526,0.3893328818479418,0.4799760374501457,0.3259571664518104,20,0.21599304032325745,0.23537147962461152,-0.7884388789010057,20,0.21599304032325745,0.23537147962461152,-0.777400767323611
GRU,7,16,0.001,0.15,1,256,0.0001,143,19,13,0.11858300678431988,0.1750209927558899,False,787,0.3133694337877188,0.41835509993615294,0.19443787899864506,787,0.3133694337877188,0.41835509993615294,0.5168824809119001,30,0.24455694241027037,0.35283571526174384,0.2670905666619088,30,0.24455694241027037,0.35283571526174384,-0.042008095844878746,526,0.362787889084761,0.450180602860817,0.36272118683376897,526,0.362787889084761,0.450180602860817,0.40704472019169335,20,0.22700540998280055,0.24662315014955924,-0.9635144829846745,20,0.22700540998280055,0.24662315014955924,-0.9513958178165733
GRU,7,16,0.003,0.15,1,256,0.001,152,16,10,0.08601569011807442,0.16759204864501953,False,787,0.3011510131486811,0.4093800812054209,0.22863075879181816,787,0.3011510131486811,0.4093800812054209,0.5373888811329299,30,0.24456507148543993,0.33778595607385287,0.328279796303409,30,0.24456507148543993,0.33778595607385287,0.04498719956912145,526,0.3826990345126662,0.4763664082816469,0.2864273740510379,526,0.3826990345126662,0.4763664082816469,0.33605723689303457,20,0.19175224833935497,0.20924822674937668,-0.4134810814057084,20,0.19175224833935497,0.20924822674937668,-0.40475718143173767
LSTM,5,24,0.003,0.05,2,256,0.0001,261,10,4,0.10425233807076108,0.17489078640937805,False,789,0.307117314849894,0.41819946967727073,0.19324120677958678,789,0.307117314849894,0.41819946967727073,0.5160346598125076,30,0.24458017846743266,0.3504463171286351,0.27698345881652453,30,0.24458017846743266,0.3504463171286351,-0.027942955941467895,526,0.36423478453291913,0.4723165356401368,0.29850880516466927,526,0.3642347845329192,0.4723165356401368,0.3472983894599557,20,0.19430692482590678,0.21849837552256382,-0.5412136700338379,20,0.19430692482590678,0.21849837552256382,-0.5317014140349674
LSTM,3,16,0.001,0.15,2,256,0.001,194,30,27,0.12189204369982083,0.17592579126358032,False,789,0.30274043857499827,0.41943508891410697,0.18846683757625027,789,0.30274043857499827,0.41943508891410697,0.5131705705269731,30,0.24459216928184035,0.3779472535397083,0.15905494695671185,30,0.24459216928184035,0.3779472535397083,-0.19560686978848452,526,0.3761603286705996,0.4934997299668481,0.234174607524553,526,0.3761603286705996,0.4934997299668481,0.28743871520935815,20,0.16821947356462477,0.20631764866288446,-0.3741659616244499,20,0.16821947356462477,0.20631764866288446,-0.3656847116420132
GRU,5,48,0.003,0.15,1,256,0.0001,135,8,2,0.10474123331633481,0.1765950322151184,False,789,0.3042384094641236,0.42023211302029,0.18537970416000393,789,0.3042384094641236,0.42023211302029,0.5113186346242556,30,0.24517583940774204,0.38433713986872253,0.13037915681502177,30,0.24517583940774204,0.38433713986872253,-0.23637644393122326,526,0.33326808367819727,0.4368133739584251,0.40000479878658324,526,0.33326808367819727,0.4368133739584251,0.4417352106034288,20,0.13341087689995768,0.16674124154004594,0.10246273478910706,20,0.13341087689995768,0.16674124154004594,0.1080022679513225
GRU,7,48,0.003,0.05,2,256,0.0001,181,11,5,0.08375474512577057,0.1605168879032135,False,787,0.29133576795670857,0.4006455978433793,0.2611952959800503,787,0.29133576795670857,0.4006455978433793,0.5569187199951081,30,0.24518657593180734,0.33430832969192803,0.3420397938801789,30,0.24518657593180734,0.33430832969192803,0.06455036552333282,526,0.4076976106192902,0.5011493182646903,0.21024895138248856,526,0.4076976106192902,0.5011493182646903,0.2651771181827288,20,0.2672048706650735,0.29463939067016404,-1.8025156268257607,20,0.2672048706650735,0.29463939067016404,-1.785218709077415
LSTM,7,24,0.001,0.05,2,256,0.001,302,13,7,0.12095068953931332,0.16863563656806946,False,787,0.30626687999064006,0.4106526900391322,0.22382751042645066,787,0.30626687999064006,0.4106526900391322,0.5345082424170035,30,0.24534196077386533,0.33589627805002065,0.3357743907964146,30,0.24534196077386533,0.33589627805002065,0.05564257904925385,526,0.3867503904292338,0.4928603367052336,0.23615777531283277,526,0.38675039042923387,0.4928603367052336,0.28928395121361783,20,0.2577309990048409,0.2815844375889556,-1.5596685074586878,20,0.2577309990048409,0.2815844375889556,-1.5438704240465029
LSTM,7,16,0.003,0.15,1,256,0.0001,295,14,8,0.08952830750495196,0.1632288098335266,False,787,0.30299517751827815,0.40401586020398983,0.2487132490382975,787,0.30299517751827815,0.40401586020398983,0.5494328968730566,30,0.24535628427192568,0.3257264219536271,0.37538672528097405,30,0.24535628427192568,0.3257264219536271,0.11196109720535119,526,0.39119396357107983,0.4905932791855775,0.2431686522512705,526,0.39119396357107983,0.4905932791855775,0.29580721294905643,20,0.22870965071395039,0.281156074632921,-1.551886591865312,20,0.22870965071395039,0.281156074632921,-1.5361365378566587
LSTM,5,48,0.003,0.05,2,256,0.0001,277,11,5,0.08576251837340268,0.17088432610034943,False,789,0.31316131926247676,0.41338158017821586,0.21172274740139996,789,0.31316131926247676,0.41338158017821586,0.5271215239029758,30,0.24547582271099092,0.36701952702533164,0.2069810323550514,30,0.24547582271099092,0.36701952702533164,-0.12746834309526123,526,0.3988953174332815,0.4895642246080037,0.24634033836955094,526,0.3988953174332815,0.4895642246080037,0.2987583043565759,20,0.22122276585102085,0.2474603702639227,-0.9768683316442686,20,0.22122276585102085,0.2474603702639227,-0.9646672475166878
LSTM,5,48,0.003,0.15,2,256,0.0001,281,8,2,0.1176423616707325,0.1854737102985382,False,789,0.30885737486650133,0.4306665712611384,0.1444230463516435,789,0.30885737486650133,0.4306665712611384,0.4867492056998529,30,0.2455474228839079,0.3954818575104539,0.07921472997605639,30,0.2455474228839079,0.3954818575104539,-0.3091190565384092,526,0.36209430380703833,0.5009600341807872,0.21084541661800482,526,0.36209430380703833,0.5009600341807872,0.26573209851992896,20,0.10977046169638635,0.14633976434634857,0.3086608836772343,20,0.10977046169638635,0.14633976434634857,0.31292777721987386
LSTM,3,24,0.003,0.15,2,256,0.0001,217,18,12,0.10056179172048967,0.16340866684913635,False,789,0.2907244006590245,0.40423839219392493,0.2462074029810425,789,0.2907244006590245,0.40423839219392493,0.5478084729751138,30,0.24567944975296654,0.35579682262630236,0.2547373381044692,30,0.24567944975296654,0.35579682262630236,-0.05957119925323173,526,0.38157314966964634,0.4993023737092957,0.21605934969110419,526,0.3815731496696463,0.4993023737092957,0.270583396068801,20,0.15273102212399242,0.19042380560221683,-0.17060104635576345,20,0.15273102212399242,0.19042380560221683,-0.16337618387109742
LSTM,7,24,0.003,0.05,2,256,0.0001,309,12,6,0.08992142863571644,0.16167548298835754,False,787,0.2969205399845198,0.4020889136475443,0.25586265674868436,787,0.2969205399845198,0.4020889136475443,0.5537205911748913,30,0.2460510440741976,0.34629560098231144,0.29400897182483576,30,0.2460510440741976,0.34629560098231144,-0.003737069670129989,526,0.41263560203825456,0.5055116867403996,0.1964399740918763,526,0.41263560203825456,0.5055116867403996,0.2523285724221377,20,0.2574653674937785,0.27376862610851066,-1.4195454273761268,20,0.2574653674937785,0.27376862610851066,-1.404612173179392
GRU,3,48,0.003,0.05,1,256,0.001,84,14,8,0.08647336640084784,0.17118479311466217,False,789,0.30109911362753167,0.4137448198749123,0.2103368153473547,789,0.30109911362753167,0.4137448198749123,0.5262901191712899,30,0.24625969830950104,0.3613894425268336,0.2311242656277256,30,0.24625969830950104,0.3613894425268336,-0.09314289524911112,526,0.35610964491850067,0.4677495675429967,0.31200907019592616,526,0.35610964491850067,0.4677495675429967,0.359859694282445,20,0.1399621271759271,0.17934889201991935,-0.0383979535761545,20,0.1399621271759271,0.17934889201991935,-0.03198903873509762
GRU,5,16,0.001,0.05,2,256,0.001,94,14,8,0.13884864307262682,0.17178431153297424,False,789,0.30559273781108987,0.4144687282721484,0.20757113045650377,789,0.30559273781108987,0.4144687282721484,0.5246310165494155,30,0.2464659779955943,0.36555619231563763,0.21329207953408125,30,0.2464659779955943,0.36555619231563763,-0.11849566249561794,526,0.3495079735787196,0.45535172091851134,0.34799655876195124,526,0.3495079735787196,0.45535172091851134,0.3933442082995452,20,0.15643142892420292,0.18745626130772125,-0.1344002919452847,20,0.15643142892420292,0.18745626130772125,-0.12739885782100768
GRU,5,16,0.001,0.15,2,256,0.0001,97,19,13,0.13620836287736893,0.1684376746416092,False,789,0.3030101935957926,0.41041159285370804,0.22300899403567964,789,0.30301019359579257,0.41041159285370804,0.5338920137169081,30,0.2471977966586749,0.36740847676353394,0.2052993346005476,30,0.2471977966586749,0.36740847676353394,-0.12985928336052122,526,0.34503865756088786,0.4521357720980823,0.3571736637544142,526,0.34503865756088786,0.4521357720980823,0.4018830342360301,20,0.14839325859844685,0.17418818917376733,0.020501362597279416,20,0.14839325859844685,0.17418818917376733,0.026546755245084763
GRU,3,24,0.003,0.15,1,256,0.0001,71,10,4,0.11607820789019267,0.1697148233652115,False,789,0.3058493184837854,0.41196457950501053,0.2171176417444839,789,0.3058493184837854,0.41196457950501053,0.5303578590975435,30,0.24736014077663424,0.3737261702641152,0.1777341502354679,30,0.24736014077663424,0.3737261702641152,-0.16904986266722788,526,0.354730311853974,0.45023901132571376,0.36255580924238506,526,0.354730311853974,0.45023901132571376,0.40689084481729343,20,0.14873290340751405,0.182824260265705,-0.07903138593630543,20,0.14873290340751405,0.182824260265705,-0.07237168457665111
LSTM,5,24,0.003,0.05,1,256,0.0001,259,11,5,0.0887398553842848,0.16010597348213196,True,789,0.29914161864954253,0.40013246382095885,0.2614424727684461,789,0.29914161864954253,0.40013246382095885,0.5569478164745612,30,0.24759326028426487,0.34731174340645277,0.28985968459606104,30,0.24759326028426487,0.34731174340645277,-0.009636285436362968,526,0.3849434761245214,0.47307953410094133,0.29624054232576247,526,0.38494347612452146,0.47307953410094133,0.34518788712010784,20,0.22816620479226116,0.25593777930349254,-1.114634056278899,20,0.22816620479226116,0.25593777930349254,-1.1015826923581433
GRU,3,24,0.003,0.05,2,256,0.0001,69,8,2,0.1282683201134205,0.1769697666168213,False,789,0.3103350344564487,0.4206777445534076,0.18365107390510194,789,0.3103350344564487,0.4206777445534076,0.510281649175318,30,0.24780984597752492,0.37558661721454645,0.1695271269121591,30,0.24780984597752492,0.37558661721454645,-0.18071813211046006,526,0.32565487514181285,0.439392554593236,0.3928984933480645,526,0.32565487514181285,0.439392554593236,0.43512315753867226,20,0.15334739465564493,0.17806390177400433,-0.023571531724798644,20,0.15334739465564493,0.17806390177400433,-0.017254124455300168
LSTM,7,24,0.001,0.05,2,256,0.0001,301,15,9,0.10786063820123673,0.16580085456371307,False,787,0.30222273237431446,0.4071865281388138,0.2368749615416469,787,0.30222273237431446,0.40718652813881373,0.5423331538035536,30,0.24805046338985362,0.34919399132028806,0.28214164941944386,30,0.24805046338985362,0.34919399132028806,-0.020609339912441405,526,0.36204932024587694,0.4555501044635764,0.3474283170075462,526,0.36204932024587694,0.4555501044635764,0.3928154884652736,20,0.2072874715298414,0.22487137893953943,-0.632430850111231,20,0.2072874715298414,0.22487137893953943,-0.6223556084697712
LSTM,3,16,0.003,0.15,1,256,0.0001,199,11,5,0.11730540792147319,0.17647354304790497,False,789,0.31097450229204504,0.4200875293331641,0.18594015892151283,789,0.31097450229204504,0.4200875293331641,0.5116548450028628,30,0.2483257774909337,0.33985022829618927,0.320044697966515,30,0.2483257774909337,0.33985022829618927,0.03327901470098671,526,0.37641308289177067,0.4724525031037035,0.2981048654337177,526,0.37641308289177067,0.4724525031037035,0.34692254423923974,20,0.1996052938401699,0.22734222957212785,-0.6685017142971628,20,0.1996052938401699,0.22734222957212785,-0.6582038459681072
GRU,5,48,0.001,0.05,2,256,0.001,126,10,4,0.11893201619386673,0.1751345545053482,False,789,0.30616109789622753,0.4184908031572405,0.1921167782177231,789,0.30616109789622753,0.4184908031572405,0.5153601280242806,30,0.24870344248016674,0.37775071528416704,0.15992932770002333,30,0.24870344248016674,0.37775071528416704,-0.1943637259948079,526,0.35216182354806497,0.4584347013804005,0.3391378301638174,526,0.35216182354806497,0.4584347013804005,0.3851016152835396,20,0.1683075437068939,0.19442234689927854,-0.22027802364683957,20,0.1683075437068939,0.19442234689927854,-0.21274655855772595
LSTM,5,16,0.003,0.15,2,256,0.001,250,12,6,0.11718139899047939,0.177603617310524,False,789,0.3080030241681898,0.42143045221384806,0.18072711689702026,789,0.3080030241681898,0.42143045221384806,0.5085276009269425,30,0.24881644856532412,0.3518066261640313,0.27135957443829417,30,0.24881644856532412,0.3518066261640313,-0.03593866835237414,526,0.3505878750169685,0.45353802917332026,0.3531801483102218,526,0.3505878750169685,0.45353802917332026,0.3981672727534461,20,0.1672139869749546,0.19833446154104334,-0.2698803131486185,20,0.1672139869749546,0.19833446154104334,-0.2620427064225308
LSTM,5,16,0.003,0.15,1,256,0.001,248,12,6,0.1106834580952471,0.18567195534706116,False,789,0.31874537609615783,0.4308966975309806,0.14350844860835166,789,0.31874537609615783,0.4308966975309806,0.48620054901127807,30,0.24882613375087576,0.3802277487954907,0.1488759761932602,30,0.24882613375087576,0.3802277487954907,-0.21007873965455603,526,0.3546927736898452,0.45176515730529626,0.3582270787739067,526,0.3546927736898452,0.45176515730529626,0.40286318293191103,20,0.1723206223502755,0.2036092083379492,-0.33832397516370727,20,0.1723206223502755,0.2036092083379492,-0.3300639392525906
GRU,5,16,0.003,0.05,1,256,0.0001,99,13,7,0.09748870608481494,0.17932218313217163,False,789,0.31296518429781395,0.42346448272415477,0.17279960464766786,789,0.31296518429781395,0.42346448272415477,0.5037719773194411,30,0.24884940046171347,0.36769219598845826,0.20407149731454743,30,0.24884940046171347,0.36769219598845826,-0.13160495115274107,526,0.36488210341453325,0.4578719861396283,0.34075921257519937,526,0.36488210341453325,0.4578719861396283,0.3866102285334305,20,0.18090573393702508,0.21443995790280826,-0.4844919746359464,20,0.18090573393702508,0.21443995790280826,-0.4753298007170659
GRU,7,48,0.001,0.05,1,256,0.001,172,12,6,0.10190053731203079,0.1706639975309372,False,787,0.306092736266241,0.4131149804448197,0.21449168078792047,787,0.306092736266241,0.4131149804448197,0.528909291403779,30,0.24895524816513062,0.3639299025915504,0.22027633583813444,30,0.24895524816513062,0.3639299025915504,-0.10856585223361548,526,0.34890486099800455,0.4427224406743948,0.38366192806085553,526,0.34890486099800455,0.4427224406743948,0.4265290068448282,20,0.1935582871049642,0.22053012174567785,-0.5700094336460877,20,0.1935582871049642,0.22053012174567785,-0.5603194523385928
GRU,5,24,0.003,0.05,2,256,0.001,118,8,2,0.11506251144138249,0.15881803631782532,False,789,0.2963747127139976,0.39851979455838865,0.2673837495451742,789,0.2963747127139976,0.3985197945583887,0.5605119202197701,30,0.24897522270331776,0.35300457872328916,0.26638887330115313,30,0.24897522270331776,0.35300457872328916,-0.04300572274043901,526,0.3539926047249212,0.4625241843334104,0.3272947527516016,526,0.3539926047249212,0.4625241843334104,0.3740822386219148,20,0.19009582639932632,0.2206406864142135,-0.5715841036826694,20,0.19009582639932632,0.2206406864142135,-0.561884403628973
LSTM,7,16,0.001,0.15,1,256,0.0001,287,23,17,0.10119283720850944,0.18006712198257446,False,787,0.31193502298281484,0.4243431797119205,0.17121219106778762,787,0.31193502298281484,0.4243431797119205,0.5029534040105157,30,0.24934717822074887,0.32914298807105724,0.36221478459062273,30,0.24934717822074887,0.32914298807105724,0.09323399640270225,526,0.37305811435256164,0.4584680075583162,0.33904180081654667,526,0.37305811435256164,0.4584680075583162,0.3850122648967006,20,0.2588697060883045,0.2805089553735274,-1.5401530767308556,20,0.2588697060883045,0.2805089553735274,-1.5244754411038288
LSTM,5,16,0.001,0.15,2,256,0.0001,241,16,10,0.14164531671188094,0.18033523857593536,False,789,0.31240651248421886,0.4246589716474299,0.16812636607670728,789,0.31240651248421886,0.4246589716474299,0.5009685551395053,30,0.24978991700112815,0.3901160971359864,0.10403101968953354,30,0.24978991700112815,0.3901160971359864,-0.27383669610746275,526,0.35212807039732374,0.45637976984960094,0.3450491751484004,526,0.35212807039732374,0.45637976984960094,0.39060181887882617,20,0.15313745417594912,0.1824504132903536,-0.0746229974434991,20,0.15313745417594912,0.1824504132903536,-0.06799050432933429
LSTM,5,16,0.001,0.15,1,256,0.0001,239,17,11,0.12511331689628688,0.1958831250667572,False,789,0.32479744993340987,0.4425868577910519,0.09640508180856155,789,0.32479744993340987,0.4425868577910519,0.45794377991398916,30,0.24980571562647816,0.3638765937565245,0.22050474859320157,30,0.24980571562647816,0.3638765937565245,-0.1082411082350423,526,0.36478656218657024,0.477010750866724,0.284495683739865,526,0.36478656218657024,0.477010750866724,0.3342598980433814,20,0.23550096341371543,0.26824067172280436,-1.3228206775940468,20,0.23550096341371543,0.26824067172280436,-1.3084844013499755
GRU,5,24,0.001,0.15,1,256,0.001,112,13,7,0.1352171183309772,0.18914814293384552,False,789,0.3210645575642737,0.43491164476003347,0.12747310170826598,789,0.3210645575642737,0.43491164476003347,0.4765811284574023,30,0.2504357652127742,0.38396289960162083,0.1320718825717051,30,0.2504357652127743,0.38396289960162083,-0.2339698246925055,526,0.347489676429405,0.4560148007494841,0.34609629094759653,526,0.347489676429405,0.4560148007494841,0.3915761064730099,20,0.15251796627640724,0.17918337926398592,-0.03648225952782602,20,0.15251796627640724,0.17918337926398592,-0.030085168207775626
GRU,3,48,0.001,0.05,2,256,0.001,78,11,5,0.12605852509538332,0.16093651950359344,False,789,0.3000645493805333,0.4011689142004576,0.25761139333538696,789,0.3000645493805333,0.4011689142004576,0.5546495958952669,30,0.2505484472771485,0.3724477992879089,0.18334982864224258,30,0.2505484472771485,0.3724477992879089,-0.16106581703028056,526,0.35936213347123147,0.45761688066901895,0.3414936059708027,526,0.35936213347123147,0.45761688066901895,0.38729354395578974,20,0.18222945184707637,0.2070650637035363,-0.3841402190137806,20,0.18222945184707637,0.2070650637035363,-0.37559740865750935
GRU,3,16,0.003,0.05,1,256,0.001,52,14,8,0.10077130266775687,0.17176857590675354,False,789,0.30900109592946995,0.4144497480151511,0.20764370606081983,789,0.30900109592946995,0.4144497480151511,0.5246745538214319,30,0.25058078005214535,0.3573129294369895,0.24837244071082953,30,0.25058078005214535,0.3573129294369895,-0.06862044096265718,526,0.36560356272255623,0.45810363694497724,0.34009198551130737,526,0.36560356272255623,0.45810363694497724,0.38598940794094894,20,0.1679667920306325,0.19847959390160283,-0.27173947728571335,20,0.1679667920306325,0.19847959390160283,-0.26389039593702157
LSTM,7,16,0.001,0.15,1,256,0.001,288,22,16,0.10456638485193252,0.18442659080028534,False,787,0.31251809807903735,0.4294491815513607,0.1511470538820544,787,0.31251809807903735,0.4294491815513607,0.49091979537300445,30,0.2506500554005305,0.37432216445510047,0.1751094668637463,30,0.2506500554005305,0.37432216445510047,-0.17278148515420666,526,0.38384730498787345,0.4868851362661025,0.2545664137225925,526,0.38384730498787345,0.4868851362661025,0.3064122459468397,20,0.19544928324222563,0.23543458444768234,-0.7893979946646106,20,0.19544928324222563,0.23543458444768234,-0.7783539634961474
GRU,5,16,0.003,0.05,1,256,0.001,100,17,11,0.08955576152286747,0.19372794032096863,False,789,0.3177125588036384,0.44014537739352044,0.10634674349619122,789,0.3177125588036384,0.44014537739352044,0.46390766865138544,30,0.2507572699010372,0.3785144360950577,0.15652905345298596,30,0.2507572699010372,0.3785144360950577,-0.19919803857469698,526,0.34015238912256274,0.4438486945975306,0.38052210027975286,526,0.34015238912256274,0.4438486945975306,0.42360755798754757,20,0.1520294719338417,0.16587477901403452,0.11176651356593803,20,0.1520294719338417,0.16587477901403452,0.11724862449838558
GRU,3,16,0.003,0.15,1,256,0.0001,55,16,10,0.10442183073610067,0.16471447050571442,False,789,0.29764545311796725,0.40585031545151184,0.24018383672089105,789,0.29764545311796725,0.40585031545151184,0.5441950047133063,30,0.2508047642804683,0.367251980816641,0.2059761885880006,30,0.2508047642804682,0.367251980816641,-0.12889697164429936,526,0.3794666036606231,0.47698909406739015,0.28456065159065125,526,0.3794666036606231,0.47698909406739015,0.3343203472994143,20,0.18841408942490812,0.22438448231274138,-0.6253693504088187,20,0.18841408942490812,0.22438448231274138,-0.6153376918176598
LSTM,7,48,0.003,0.05,1,256,0.001,324,9,3,0.08637342341244221,0.16047903895378113,False,787,0.30210033772111394,0.4005983451403938,0.26136955702638887,787,0.30210033772111394,0.4005983451403938,0.5570232290853272,30,0.2511069747070471,0.36047477875186046,0.23501133443792976,30,0.2511069747070471,0.36047477875186046,-0.08761648641181297,526,0.3574161177078128,0.4526320503946694,0.3557617168906232,526,0.3574161177078128,0.4526320503946694,0.40056929003114417,20,0.18322560247927905,0.22704329293625433,-0.664116709671063,20,0.18322560247927905,0.22704329293625433,-0.6538459052640131
GRU,5,24,0.001,0.05,1,256,0.0001,107,14,8,0.12257463586601344,0.18727785348892212,False,789,0.3167460918970812,0.4327561056302956,0.13610062457536187,789,0.3167460918970812,0.4327561056302956,0.4817566803998634,30,0.2511728417351842,0.3873049153064967,0.11689722402402658,30,0.2511728417351842,0.3873049153064967,-0.2555442735112978,526,0.3399754568884298,0.45744777679420834,0.34198019382516986,526,0.3399754568884298,0.45744777679420834,0.38774628902023667,20,0.13446118741407995,0.15730306750763584,0.20119493319553583,20,0.13446118741407995,0.15730306750763584,0.20612509858167083
LSTM,5,48,0.001,0.15,1,256,0.0001,271,14,8,0.10142138160087845,0.17559276521205902,False,789,0.31138419383122135,0.41903792076135404,0.19000301103187556,789,0.31138419383122135,0.41903792076135404,0.514092103351017,30,0.25134198944568636,0.35825530602520683,0.24440252967449494,30,0.25134198944568636,0.35825530602520683,-0.07426463006908435,526,0.3812471421049348,0.4676348022786513,0.31234663448268307,526,0.3812471421049348,0.4676348022786513,0.3601737805535903,20,0.2536136421263218,0.27378969792684327,-1.419917903832114,20,0.2536136421263218,0.27378969792684327,-1.4049823507384307
GRU,5,24,0.003,0.05,2,256,0.0001,117,9,3,0.11568939313292503,0.18155840039253235,False,789,0.31282048926365547,0.42609669345315276,0.16248406233818147,789,0.31282048926365547,0.42609669345315276,0.49758380188834284,30,0.25144730481704075,0.34958955920512796,0.28051434452470336,30,0.25144730481704075,0.34958955920512796,-0.02292294756653379,526,0.35229479137131015,0.45278127313090316,0.35533686475699455,526,0.35229479137131015,0.45278127313090316,0.40017398689134376,20,0.21659430010318753,0.23679078465876788,-0.8100727105371104,20,0.21659430010318753,0.23679078465876788,-0.7989010765619067
LSTM,7,16,0.003,0.15,2,256,0.001,298,14,8,0.10692573860287666,0.16990801692008972,False,787,0.30434283685600894,0.4121989829993427,0.217971224982912,787,0.30434283685600894,0.4121989829993427,0.5309960687176776,30,0.25198599076271055,0.3420568375041044,0.31118628649626323,30,0.25198599076271055,0.3420568375041044,0.02068463939558729,526,0.3672953494103916,0.46432574196593657,0.3220440975140324,526,0.3672953494103916,0.46432574196593657,0.36919677298074394,20,0.21267912141680725,0.23736532228629456,-0.8188671113006385,20,0.21267912141680725,0.23736532228629456,-0.8076411989388321
LSTM,3,24,0.003,0.05,1,256,0.001,212,15,9,0.08943680208176374,0.16966792941093445,False,789,0.3028321946363787,0.41190766360093006,0.21733394858923627,789,0.3028321946363787,0.41190766360093006,0.5304876190909705,30,0.25239088141123456,0.39387781127071375,0.08666886146051422,30,0.25239088141123456,0.39387781127071375,-0.29852120501544444,526,0.34708390113031456,0.45777929933993305,0.3410260851341139,526,0.34708390113031456,0.45777929933993305,0.38685853977424844,20,0.1443675796985626,0.2006075098539364,-0.29915449885489087,20,0.1443675796985626,0.2006075098539364,-0.2911362140346423
LSTM,5,16,0.003,0.05,1,256,0.0001,243,11,5,0.10289868407628754,0.18019196391105652,False,789,0.30905013327644276,0.4244902574484736,0.16878723055058176,789,0.30905013327644276,0.4244902574484736,0.501365000152072,30,0.25258845337827995,0.3935118106870408,0.08836545065601242,30,0.25258845337827995,0.3935118106870408,-0.2961090929636454,526,0.3495956200179378,0.4567489371597168,0.34398916223272813,526,0.3495956200179378,0.4567489371597168,0.38961553117864345,20,0.14312510524392127,0.17732379583619626,-0.015080456159252575,20,0.14312510524392127,0.17732379583619626,-0.008815455175822828
GRU,5,16,0.001,0.05,2,256,0.0001,93,13,7,0.13671007312156938,0.18229793012142181,False,789,0.3127703318841406,0.42696361624548496,0.15907262884220108,789,0.3127703318841406,0.42696361624548496,0.4955373220900643,30,0.2526488407383362,0.37189071017113656,0.18579101197003767,30,0.2526488407383362,0.37189071017113656,-0.15759508425581137,526,0.359474821842442,0.47759606644791625,0.2827386886806884,526,0.359474821842442,0.47759606644791625,0.3326251041738665,20,0.12266835411787029,0.16165957532053865,0.1563364333525471,20,0.12266835411787029,0.16165957532053865,0.16154346205914727
LSTM,5,24,0.001,0.15,1,256,0.001,256,16,10,0.1090012053874406,0.1717689037322998,False,789,0.31264680223786406,0.41445010930068304,0.20764232462921672,789,0.31264680223786406,0.41445010930068304,0.5246737251164693,30,0.2527690964877605,0.3245255683993538,0.3799837513928589,30,0.2527690964877605,0.3245255683993538,0.1184968821297957,526,0.3904334821119452,0.4830000729894764,0.2664152133814224,526,0.3904334821119452,0.4830000729894764,0.3174369468657159,20,0.23432744068354375,0.28284053511420565,-1.5825558836553637,20,0.23432744068354375,0.28284053511420565,-1.5666165410616921
LSTM,3,16,0.003,0.05,2,256,0.0001,197,12,6,0.11667085004349549,0.17627224326133728,False,789,0.3130670212495916,0.41984786520461415,0.18686875248958046,789,0.3130670212495916,0.41984786520461415,0.5122118976260785,30,0.25286058973968023,0.35136219246639855,0.2731993795326977,30,0.25286058973968023,0.35136219246639855,-0.03332294024745175,526,0.37688298946007126,0.47350170274504444,0.29498393441711424,526,0.37688298946007126,0.4735017027450445,0.34401867785300566,20,0.23442549594640738,0.2518247851697658,-1.047214607670993,20,0.23442549594640738,0.2518247851697658,-1.0345793515663892
GRU,3,24,0.001,0.15,1,256,0.001,64,13,7,0.1354465273519357,0.1834098845720291,False,789,0.31600506784635657,0.42826381522775187,0.15394320960328445,789,0.31600506784635657,0.42826381522775187,0.49246024236340014,30,0.25293760960201417,0.3634524305559504,0.22232097145719654,30,0.25293760960201417,0.3634524305559504,-0.10565890797665345,526,0.36539553511171063,0.4704924986131912,0.3039165141093766,526,0.36539553511171063,0.4704924986131912,0.3523299855277735,20,0.18718680215775968,0.20760112467296396,-0.39131616629751464,20,0.18718680215775968,0.20760112467296396,-0.3827290665289935
GRU,5,24,0.001,0.05,2,256,0.001,110,11,5,0.13416659019210123,0.16685470938682556,False,789,0.30401753668466297,0.40847852227069475,0.2303111329869253,789,0.30401753668466297,0.40847852227069475,0.5382724830608232,30,0.253156701974074,0.3821085290401887,0.1404350544412981,30,0.253156701974074,0.3821085290401887,-0.2220795523086896,526,0.3583734734819869,0.4676496898946093,0.3123028495371275,526,0.3583734734819869,0.4676496898946093,0.36013304090540654,20,0.17531777939200402,0.1938456815711122,-0.21304996116079677,20,0.17531777939200402,0.1938456815711122,-0.20556310713508075
LSTM,3,16,0.001,0.15,1,256,0.0001,191,30,28,0.114604903695484,0.1713763177394867,False,789,0.3034447902193239,0.41397622100030856,0.20945327535081348,789,0.3034447902193239,0.41397622100030856,0.5257600936685141,30,0.25402130267222717,0.36784920019812284,0.20339163080306166,30,0.25402130267222717,0.36784920019812284,-0.13257154590079256,526,0.370456069909801,0.46352746179175985,0.3243732104017265,526,0.370456069909801,0.46352746179175985,0.3713638931728718,20,0.20897482528388506,0.23839474842714015,-0.8346777571170299,20,0.20897482528388506,0.23839474842714015,-0.823354262626647
LSTM,3,24,0.001,0.05,2,256,0.001,206,15,9,0.12790766917169094,0.16439372301101685,False,789,0.3042245620575996,0.40545495140322885,0.2416634840771752,789,0.3042245620575996,0.40545495140322885,0.5450826281791541,30,0.2543267533898353,0.3522678155816829,0.26944794748363954,30,0.2543267533898353,0.3522678155816829,-0.038656508609816065,526,0.36558123178887725,0.4576378561033875,0.3414332376811341,526,0.36558123178887725,0.4576378561033875,0.38723737435568306,20,0.23266965747773655,0.2704751680310589,-1.3616809476327743,20,0.23266965747773655,0.2704751680310589,-1.3471048286959073
GRU,7,16,0.003,0.05,1,256,0.001,148,12,6,0.10122585892677308,0.174345001578331,False,787,0.30887399901705287,0.4175464115808845,0.19754920273025933,787,0.30887399901705287,0.4175464115808845,0.5187484263965625,30,0.2544184363206228,0.35491558732620226,0.25842448989731515,30,0.2544184363206228,0.35491558732620226,-0.054329020828462804,526,0.34370324612224734,0.4445135921187734,0.37866472034034315,526,0.34370324612224734,0.4445135921187734,0.42187936113096103,20,0.15023758054971695,0.18091529466200235,-0.05661554367921018,20,0.15023758054971695,0.18091529466200235,-0.05009419122868208
LSTM,7,48,0.001,0.15,1,256,0.001,320,13,7,0.10087212100625038,0.17027439177036285,False,787,0.2994208599201946,0.412643180658579,0.21628484274247273,787,0.2994208599201946,0.412643180658579,0.5299846994104633,30,0.2546553602774938,0.37775665952087756,0.1599028890037254,30,0.2546553602774938,0.37775665952087756,-0.19440131499875957,526,0.3697640188906356,0.46473043282638227,0.3208618149251097,526,0.3697640188906356,0.46473043282638227,0.36809671961502155,20,0.175386472736299,0.21340034344504286,-0.4701330991498738,20,0.175386472736299,0.21340034344504286,-0.4610595471412029
LSTM,3,16,0.003,0.15,1,256,0.001,200,16,10,0.10325487423688173,0.18744710087776184,False,789,0.31293847519997864,0.43295161841823465,0.1353198544038513,789,0.31293847519997864,0.43295161841823465,0.4812883053355459,30,0.25533114470640816,0.4028957548917928,0.04436815058446697,30,0.25533114470640816,0.4028957548917928,-0.3586619006974192,526,0.3439319031277084,0.4449088034242381,0.3775593868121412,526,0.3439319031277084,0.4449088034242381,0.4208509049231669,20,0.15981240301132205,0.20950209400669192,-0.41691293119969286,20,0.15981240301132205,0.20950209400669192,-0.40816785010435996
LSTM,3,24,0.001,0.05,1,256,0.001,204,15,9,0.12027967317650716,0.17213506996631622,False,789,0.30880242893481286,0.4148916321142208,0.20595319326913208,789,0.30880242893481286,0.4148916321142208,0.5236604346011697,30,0.25612999708255135,0.38294806516005936,0.13665378015683827,30,0.25612999708255135,0.38294806516005936,-0.22745554862936945,526,0.34781444534772704,0.443528223517762,0.38141633781448325,526,0.34781444534772704,0.443528223517762,0.4244396001905305,20,0.19498102119266986,0.2233391926466433,-0.6102611358353929,20,0.19498102119266986,0.2233391926466433,-0.6003227240194882
GRU,3,48,0.003,0.05,2,256,0.001,86,13,7,0.09381345193833113,0.16633948683738708,False,789,0.2990169655739204,0.40784737818224603,0.2326878027831858,789,0.2990169655739203,0.40784737818224603,0.5396982199925138,30,0.25628802683949475,0.38440685931547913,0.1300636266362617,30,0.25628802683949475,0.38440685931547913,-0.23682504642669633,526,0.36472587812808077,0.4690003412365827,0.30832474190072345,526,0.36472587812808077,0.46900034123658263,0.3564316155984333,20,0.12157573462426663,0.15970237149670438,0.17664114997588531,20,0.12157573462426663,0.15970237149670438,0.18172285948355738
LSTM,5,16,0.003,0.15,1,256,0.0001,247,13,7,0.10458605296232483,0.16899234056472778,False,789,0.31076058307641363,0.4110867937813099,0.2204503109554965,789,0.31076058307641363,0.4110867937813099,0.5323570891053154,30,0.2563554105182488,0.3601465109391665,0.2364039800737856,30,0.2563554105182488,0.3601465109391665,-0.08563650367288789,526,0.38389072295876053,0.47676905752592236,0.2852205681044655,526,0.38389072295876053,0.47676905752592236,0.3349343657996603,20,0.2190810434103012,0.24145402875837393,-0.882068126569773,20,0.2190810434103012,0.24145402875837393,-0.8704521422482394
LSTM,3,48,0.003,0.05,2,256,0.001,230,11,5,0.10622239516427119,0.1648753136396408,False,789,0.2981941811601019,0.4060484012538783,0.2394419596372056,789,0.2981941811601019,0.4060484012538783,0.5437499611659655,30,0.25679160869121553,0.3447654926188386,0.3002340364539279,30,0.25679160869121553,0.3447654926188386,0.005113365930252578,526,0.3507593439493343,0.4514483895165201,0.3591267573506246,526,0.3507593439493343,0.4514483895165201,0.40370028774565003,20,0.16813284141421317,0.21477120500341482,-0.48908172982639964,20,0.16813284141421317,0.21477120500341482,-0.47989122828027786
GRU,5,48,0.003,0.05,1,256,0.001,132,11,5,0.08722850849682634,0.18805968761444092,False,789,0.31805319024658324,0.4336584938335756,0.13249404164281597,789,0.31805319024658324,0.4336584938335756,0.47959313269448733,30,0.25729516327778496,0.3807610709272424,0.1464866628127116,30,0.25729516327778496,0.3807610709272424,-0.21347572674844906,526,0.335732606117603,0.44364633563370814,0.3810868347540851,526,0.335732606117603,0.44364633563370814,0.42413301447743357,20,0.16492471555471425,0.21039238598324342,-0.42898103542625776,20,0.16492471555471425,0.21039238598324342,-0.4201614708903376
GRU,3,16,0.003,0.05,1,256,0.0001,51,16,10,0.10233253488938014,0.16655820608139038,False,789,0.3010846251381139,0.40811542122792915,0.23167889457469404,789,0.3010846251381139,0.40811542122792915,0.539092987538348,30,0.25730074202120307,0.3697327033295856,0.1952129768716372,30,0.25730074202120307,0.3697327033295856,-0.14419948138914163,526,0.3490978916557683,0.43836928677018866,0.39572286561375125,526,0.3490978916557683,0.43836928677018866,0.43775109120362876,20,0.20591395257413386,0.23938345553737003,-0.8499274261573195,20,0.20591395257413386,0.23938345553737003,-0.838509811845247
GRU,5,24,0.003,0.05,1,256,0.0001,115,13,7,0.08693234012885527,0.17170418798923492,True,789,0.3017662034288559,0.41437205058424587,0.2079407663338665,789,0.3017662034288559,0.41437205058424587,0.5248527568696162,30,0.2573423411051432,0.3792503468332459,0.15324609950799106,30,0.2573423411051432,0.3792503468332459,-0.20386555195815825,526,0.3644448961959762,0.4511272598724715,0.3600381802455047,526,0.3644448961959762,0.4511272598724715,0.404548320045629,20,0.21517423793226484,0.2520039068733742,-1.050127990355434,20,0.21517423793226484,0.2520039068733742,-1.037474753069858
GRU,3,24,0.001,0.05,2,256,0.0001,61,21,15,0.11768548997739951,0.16904541850090027,False,789,0.3099670144441161,0.41115132227320056,0.22020555916777207,789,0.3099670144441161,0.41115132227320056,0.5322102653170866,30,0.25770284516612685,0.35930559894893394,0.23996568279508823,30,0.25770284516612685,0.35930559894893394,-0.08057268145724694,526,0.36657797155668076,0.4545802781404613,0.35020389543608244,526,0.36657797155668076,0.4545802781404613,0.3953980219650862,20,0.18093941462934018,0.21206360847616948,-0.4517730218002254,20,0.18093941462934018,0.21206360847616948,-0.44281278682170067
LSTM,3,48,0.003,0.15,1,256,0.001,232,15,9,0.08343453239649534,0.16676709055900574,False,789,0.3008740115333419,0.40837127062889433,0.23071526467460546,789,0.3008740115333419,0.40837127062889433,0.538514917021695,30,0.2577318446209033,0.3849423854346617,0.1276380811582667,30,0.2577318446209033,0.3849423854346617,-0.2402735462139065,526,0.3629353571104119,0.4645868046180419,0.3212815349202378,526,0.3629353571104119,0.4645868046180419,0.3684872475629315,20,0.1484257959514856,0.17890687063438968,-0.0332858117502528,20,0.1484257959514856,0.17890687063438968,-0.02690844866784925
GRU,5,24,0.001,0.15,2,256,0.001,114,14,8,0.14134716919877313,0.17845945060253143,False,789,0.31003254158891197,0.422444612184019,0.17677926028182778,789,0.31003254158891197,0.422444612184019,0.5061593270564386,30,0.25783930759330587,0.3866895281955787,0.11970131094240599,30,0.25783930759330587,0.3866895281955787,-0.25155758547387386,526,0.3538092950255586,0.4631196247244717,0.3255615949140258,526,0.3538092950255586,0.4631196247244717,0.3724696240656177,20,0.1610943376109004,0.2021099140733339,-0.31868681037672064,20,0.1610943376109004,0.2021099140733339,-0.3105479735843102
GRU,3,16,0.003,0.05,2,256,0.0001,53,16,10,0.10965446910510461,0.1793488711118698,False,789,0.3076361048862678,0.4234960190028382,0.17267639340030694,789,0.3076361048862678,0.4234960190028382,0.5036980643063509,30,0.25904014989584684,0.37227320400775227,0.18411530421112543,30,0.25904014989584684,0.37227320400775227,-0.15997750829298596,526,0.3678959823205444,0.4841025410774568,0.26306251482196086,526,0.3678959823205444,0.4841025410774568,0.314317432657231,20,0.15874735621288416,0.1938244071744655,-0.21278371339428492,20,0.15874735621288416,0.1938244071744655,-0.20529850262995653
GRU,7,16,0.003,0.05,1,256,0.0001,147,13,7,0.09445376470685005,0.1794082522392273,False,787,0.31822473675618485,0.42356608815862173,0.17424489819647004,787,0.31822473675618485,0.42356608815862173,0.504772200979654,30,0.2590673702220122,0.344074201539486,0.30303743181578424,30,0.2590673702220122,0.344074201539486,0.009099070752748406,526,0.37471921496631533,0.46787018312490936,0.31165420882915673,526,0.37471921496631533,0.4678701831249093,0.3595295139646961,20,0.2262540664464235,0.2574364420486642,-1.1394713570265038,20,0.2262540664464235,0.2574364420486642,-1.126266699135142
LSTM,5,24,0.001,0.05,1,256,0.001,252,13,7,0.11568867821585048,0.17111794650554657,False,789,0.30729869443873187,0.4136640237218737,0.21064519633410794,789,0.30729869443873187,0.4136640237218737,0.5264751133856889,30,0.2591182696978251,0.37232830366188213,0.1838737703541321,30,0.2591182696978251,0.37232830366188213,-0.16032090711275737,526,0.3573563690202544,0.4610166034078076,0.33167292292522743,526,0.3573563690202544,0.4610166034078076,0.3781559016195164,20,0.23864218109250074,0.27232964661093584,-1.3941770998253822,20,0.23864218109250074,0.27232964661093584,-1.3794004170571372
GRU,3,16,0.003,0.15,2,256,0.001,58,15,9,0.12323051660011212,0.17159396409988403,False,789,0.3058121953870067,0.41423903139629775,0.2084492087592501,789,0.3058121953870067,0.41423903139629775,0.5251577656447721,30,0.25924694637159507,0.3639023654621506,0.22039432855572794,30,0.25924694637159507,0.3639023654621506,-0.10839809703578251,526,0.3401812468020125,0.4382733405963769,0.3959873537330869,526,0.3401812468020125,0.4382733405963769,0.4379971838456036,20,0.17550193426162003,0.2106895501181789,-0.4330205523445927,20,0.17550193426162003,0.2106895501181789,-0.42417605621107124
GRU,7,48,0.003,0.05,2,256,0.001,182,9,3,0.09657980687916279,0.16271790862083435,False,787,0.30159969184571334,0.4033830632367576,0.25106483823627024,787,0.30159969184571334,0.40338306323675754,0.550843208889499,30,0.25977592540582023,0.32703987818032465,0.37033919931634307,30,0.25977592540582023,0.32703987818032465,0.10478481773630721,526,0.3588849364931593,0.4455426306105573,0.37578463746849844,526,0.3588849364931593,0.4455426306105573,0.4191995916017326,20,0.2602118134588004,0.28555757524426745,-1.6324116166567877,20,0.2602118134588004,0.28555757524426745,-1.6161645681917358
GRU,5,48,0.001,0.05,1,256,0.0001,123,15,9,0.09594605626030402,0.16936847567558289,False,789,0.3076039990800609,0.4115440049397313,0.21871531471402905,789,0.3076039990800609,0.4115440049397313,0.5313162847741051,30,0.2599882833727946,0.3359414628640537,0.335595675334174,30,0.2599882833727946,0.3359414628640537,0.05538849177729832,526,0.36341372913992237,0.44656032351123925,0.37292975886398416,526,0.36341372913992237,0.44656032351123925,0.41654327335172203,20,0.2132381266951561,0.2415949015685463,-0.8842648972846205,20,0.2132381266951561,0.2415949015685463,-0.872635354657826
LSTM,7,24,0.001,0.15,1,256,0.0001,303,20,14,0.10665560811758042,0.18756431341171265,False,787,0.32166712518144286,0.4330869373531371,0.1367053068359807,787,0.32166712518144297,0.4330869373531371,0.4822586867852221,30,0.2600295961797237,0.3450384171194135,0.2991256954299861,30,0.2600295961797237,0.3450384171194135,0.0035375909881233403,526,0.3919324861136,0.48884095138906236,0.24856557935052925,526,0.3919324861136,0.48884095138906236,0.3008287770621745,20,0.21592864291965963,0.25083301259679663,-1.0311210913204918,20,0.21592864291965963,0.25083301259679663,-1.0185851632003362
LSTM,5,16,0.003,0.05,1,256,0.001,244,10,4,0.10282718796621669,0.17287032306194305,False,789,0.3109031993792651,0.41577678024371933,0.20256147005349345,789,0.3109031993792651,0.41577678024371933,0.5216257787738363,30,0.26023347268998626,0.3821604059411632,0.14020164121361056,30,0.26023347268998626,0.3821604059411632,-0.22241140568901785,526,0.3712616550720973,0.4619783092859165,0.3288816808614632,526,0.3712616550720973,0.4619783092859165,0.3755587939097701,20,0.1732337932780385,0.19143429910104073,-0.18305771648690206,20,0.1732337932780385,0.19143429910104073,-0.17575597236182205
LSTM,3,48,0.001,0.05,2,256,0.0001,221,23,17,0.09560407977551222,0.17060308158397675,False,789,0.3061000516968006,0.4130412611276758,0.21302012180444163,789,0.3061000516968006,0.4130412611276758,0.5278998039162772,30,0.2610054413219293,0.369565328359115,0.19594145295152832,30,0.2610054413219293,0.369565328359115,-0.14316377637792566,526,0.3650443467888769,0.4689551035365192,0.30845816734236353,526,0.3650443467888769,0.4689551035365192,0.3565557611348086,20,0.1542489852875471,0.1934179212707842,-0.20770218051653555,20,0.1542489852875471,0.1934179212707842,-0.2002483325947122
GRU,7,24,0.001,0.05,1,256,0.001,156,18,12,0.10049494542181492,0.17238318920135498,False,787,0.3082886542920047,0.41519055814748773,0.2065787300250579,787,0.3082886542920047,0.41519055814748773,0.5241636795613696,30,0.26118016907672087,0.36623968918796035,0.2103474428028247,30,0.26118016907672087,0.36623968918796035,-0.12268217609978405,526,0.3685001670145943,0.4593022499575232,0.3366342128657088,526,0.3685001670145943,0.4593022499575232,0.38277212767958624,20,0.18700404212176797,0.22006007379542394,-0.5633237870003407,20,0.18700404212176797,0.22006007379542394,-0.5536750690060703
GRU,5,48,0.003,0.05,2,256,0.001,134,8,2,0.10353276235136119,0.1636979579925537,False,789,0.2975560558555584,0.4045960440463226,0.24487296970241224,789,0.2975560558555584,0.4045960440463226,0.5470079617677035,30,0.26173943359057106,0.34867839504102843,0.28425996676121457,30,0.26173943359057106,0.34867839504102843,-0.017597639258459585,526,0.3927296727312722,0.49454952723598766,0.23091293798265866,526,0.3927296727312722,0.49454952723598766,0.2844038988371532,20,0.26068529670387514,0.2930668974168262,-1.77268134721181,20,0.26068529670387514,0.2930668974168262,-1.7555685644155132
LSTM,3,16,0.003,0.05,2,256,0.001,198,16,10,0.10028608236461878,0.16186101734638214,False,789,0.2957384907324127,0.4023195554592674,0.2533466161759419,789,0.2957384907324127,0.4023195554592674,0.5520912050278359,30,0.262320736721158,0.37259367977913666,0.18270997167716085,30,0.262320736721158,0.37259367977913666,-0.1619755285273221,526,0.34894915782051167,0.4405196759778179,0.38977984816004063,526,0.3489491578205117,0.4405196759778179,0.43222141799879965,20,0.15681953607350588,0.21287952281040615,-0.4629659006818043,20,0.15681953607350588,0.21287952281040615,-0.4539365840883447
GRU,5,16,0.001,0.15,1,256,0.001,96,23,17,0.11913558298891241,0.18385185301303864,False,789,0.31632500528715113,0.4287794883400049,0.15190450639889774,789,0.31632500528715113,0.4287794883400049,0.49123724771104094,30,0.26291236779093746,0.39192843959082696,0.09568696805109134,30,0.26291236779093746,0.39192843959082696,-0.28569978445632516,526,0.33451313869371835,0.4342218555420579,0.4071029613843211,526,0.33451313869371835,0.4342218555420579,0.44833968717209927,20,0.1355388494685292,0.16404107822246247,0.13129632680203895,20,0.1355388494685292,0.16404107822246247,0.13665790118155818
GRU,5,24,0.003,0.05,1,256,0.001,116,14,8,0.08643722669644789,0.1671404093503952,False,789,0.29552573375315117,0.4088280965145993,0.22899317612637793,789,0.29552573375315117,0.4088280965145993,0.5374818558675066,30,0.2639713367601236,0.3877355709030179,0.11493223686086262,30,0.2639713367601236,0.3877355709030179,-0.25833797821628757,526,0.37462178614282343,0.47168014737124103,0.30039787736522083,526,0.37462178614282343,0.47168014737124103,0.34905607434153985,20,0.17353103703260422,0.20866767603338263,-0.40564867002127714,20,0.17353103703260422,0.20866767603338263,-0.39697311110709954
GRU,3,16,0.001,0.15,1,256,0.0001,47,27,21,0.11925120744854212,0.17448508739471436,False,789,0.30731815683056046,0.4177141209919638,0.19511271610719993,789,0.3073181568305604,0.4177141209919638,0.5171573567772185,30,0.2643995987802744,0.3879248834912835,0.11406775402259706,30,0.2643995987802744,0.3879248834912835,-0.25956704974302314,526,0.3550142385165841,0.4580086921739203,0.34036549708164054,526,0.3550142385165841,0.4580086921739203,0.38624389644169155,20,0.14161252097934482,0.17472017141939392,0.014509319310192392,20,0.14161252097934482,0.17472017141939392,0.020591694402944394
GRU,7,16,0.001,0.05,1,256,0.0001,139,21,15,0.11178678199648857,0.17043103277683258,False,787,0.30429844906649717,0.41283294690107447,0.21556384753486224,787,0.30429844906649717,0.41283294690107447,0.5295522989699583,30,0.2654240877608458,0.358657011768625,0.2427071018116984,30,0.2654240877608458,0.358657011768625,-0.07667509100544945,526,0.3443578043941536,0.44071768904178915,0.389231138418459,526,0.3443578043941536,0.44071768904178915,0.4317108717015886,20,0.13559342451095582,0.17207746944865157,0.044095625709203445,20,0.13559342451095582,0.17207746944865157,0.04999539632212213
GRU,5,24,0.003,0.15,1,256,0.0001,119,9,3,0.11706474660472437,0.1743776947259903,False,789,0.31018717208531116,0.4175855440867675,0.19560814579530195,789,0.31018717208531116,0.4175855440867675,0.5174545593606378,30,0.26542453961769735,0.3864715899976281,0.12069330391062238,30,0.26542453961769735,0.3864715899976281,-0.250147227444786,526,0.35693527866429703,0.47048989936447894,0.30392420515274876,526,0.35693527866429703,0.47048989936447894,0.352337141649522,20,0.17304264819025994,0.19902195341385362,-0.2786992092226461,20,0.17304264819025994,0.19902195341385362,-0.2708071729267236
LSTM,7,24,0.003,0.15,1,256,0.001,312,10,4,0.10401104763150215,0.17606498301029205,False,787,0.3136880396054691,0.41960098654301736,0.18963270986651937,787,0.3136880396054691,0.41960098654301736,0.5140006902598949,30,0.2654250115791956,0.380558055787343,0.14739657692359065,30,0.2654250115791956,0.380558055787343,-0.21218206367504444,526,0.34623986915127863,0.4550815741068115,0.34876995828775015,526,0.34623986915127863,0.4550815741068115,0.39406381692727477,20,0.1462431506425142,0.18350348376166814,-0.08706385274584538,20,0.1462431506425142,0.18350348376166814,-0.08035457559921189
GRU,5,48,0.003,0.15,2,256,0.0001,137,10,4,0.10578579252416437,0.16625410318374634,False,789,0.3033043195799427,0.4077426899258926,0.23308166710958056,789,0.3033043195799428,0.4077426899258926,0.5399344946811979,30,0.26558952200015384,0.3404272687441755,0.31773371047894705,30,0.26558952200015384,0.3404272687441755,0.02999338681586805,526,0.3752463926013432,0.471384471646085,0.30127470261121525,526,0.3752463926013432,0.471384471646085,0.3498719153021054,20,0.28121545948982246,0.3104936866808332,-2.1122320839458317,20,0.28121545948982246,0.3104936866808332,-2.093023619288403
LSTM,3,16,0.001,0.15,1,256,0.001,192,18,12,0.1317548075069984,0.1775500327348709,False,789,0.31736640996473675,0.42136688004384343,0.18097427049691917,789,0.31736640996473675,0.42136688004384343,0.5086758655347271,30,0.2671975372046232,0.36606093368804415,0.2111180872422359,30,0.2671975372046232,0.36606093368804415,-0.12158651856236236,526,0.3491793455706463,0.4449683399186656,0.3773927890226191,526,0.3491793455706463,0.4449683399186656,0.42069589421692566,20,0.16241678795814513,0.19158580856193314,-0.18493110457469464,20,0.16241678795814513,0.19158580856193314,-0.17761779803784616
LSTM,7,24,0.001,0.05,1,256,0.001,300,17,11,0.09802470915019512,0.1766878366470337,False,787,0.3061848156502165,0.42034251510049137,0.1867659794325408,787,0.3061848156502165,0.42034251510049137,0.5122814340299265,30,0.2675004552861055,0.4123282048547284,-0.0009014515835703563,30,0.2675004552861055,0.4123282048547284,-0.4230235937103288,526,0.38635663025381445,0.4843898547110349,0.2621875141769586,526,0.38635663025381445,0.4843898547110349,0.3135032893943913,20,0.2061261909306049,0.24409270295063887,-0.9234283838963477,20,0.2061261909306049,0.24409270295063887,-0.9115571271466498
LSTM,7,16,0.003,0.15,2,256,0.0001,297,15,9,0.10041302926838398,0.16270644962787628,False,787,0.2978800753097522,0.4033688737214892,0.251117526814308,787,0.2978800753097522,0.4033688737214892,0.5508748076631282,30,0.26794472955465315,0.3355438206732482,0.3371676089066111,30,0.26794472955465315,0.3355438206732482,0.05762337569897136,526,0.4095827396575489,0.49866171038110035,0.21806983405865388,526,0.4095827396575489,0.49866171038110035,0.272454048750298,20,0.35203364246785646,0.3772212971592429,-3.593659873945179,20,0.35203364246785646,0.3772212971592429,-3.5653081472882597
LSTM,5,48,0.001,0.05,1,256,0.001,268,12,6,0.09903399239886891,0.16808655858039856,False,789,0.30886215449312493,0.40998361939951683,0.22462862735047595,789,0.30886215449312493,0.40998361939951683,0.5348636131525281,30,0.26908557980557285,0.36567685271246925,0.21277265101448806,30,0.26908557980557285,0.36567685271246925,-0.1192341558182699,526,0.3813332038266804,0.4690642828502704,0.30813612861789297,526,0.3813332038266804,0.46906428285027035,0.3562561206038002,20,0.22546217159628873,0.26470169288729783,-1.2619336690137772,20,0.22546217159628873,0.26470169288729783,-1.247973182852471
GRU,5,24,0.001,0.15,1,256,0.0001,111,17,11,0.11364548043771223,0.18704210221767426,False,789,0.31645652753264847,0.43248363904415105,0.1371881175573486,789,0.31645652753264847,0.43248363904415105,0.48240905495766373,30,0.26943737181127064,0.4055145874438974,0.03190451265611427,30,0.26943737181127064,0.4055145874438974,-0.3763819777414157,526,0.32118965222485396,0.4203907955888765,0.4442719466534427,526,0.32118965222485396,0.4203907955888765,0.48292352332843147,20,0.13297138853110374,0.1620430291884638,0.15232937428716686,20,0.13297138853110374,0.1620430291884638,0.15756113426391694
LSTM,7,16,0.001,0.05,1,256,0.0001,283,24,18,0.09826220981776715,0.16998161375522614,False,787,0.30126664019465976,0.41228827442913135,0.2176323787773955,787,0.30126664019465976,0.41228827442913135,0.5307928534299999,30,0.2709994497895241,0.39025440453909227,0.10339561340768899,30,0.2709994497895241,0.39025440453909227,-0.2747400798813857,526,0.3914181734759771,0.4948739980350181,0.22990342066373692,526,0.3914181734759771,0.4948739980350181,0.28346459470221963,20,0.15725460221916435,0.17894237958967524,-0.03369602004143979,20,0.15725460221916435,0.17894237958967524,-0.02731612518401083
LSTM,3,16,0.001,0.05,2,256,0.001,190,28,22,0.1098802558456858,0.18006353080272675,False,789,0.31377100695898175,0.42433894666600075,0.16937970133897107,789,0.31377100695898175,0.4243389466660007,0.5017204165777294,30,0.2722457463850578,0.4072226024701199,0.023732160875111874,30,0.2722457463850578,0.4072226024701199,-0.38800095319805794,526,0.377577428109009,0.4738581938533705,0.2939219463868433,526,0.377577428109009,0.4738581938533705,0.3430305524098991,20,0.15987424347996712,0.21208467075179213,-0.45206141793043075,20,0.15987424347996712,0.21208467075179213,-0.4430994029924671
GRU,3,24,0.001,0.15,2,256,0.0001,65,28,22,0.11759563597540061,0.17663107812404633,False,789,0.30294955758544584,0.42027501565813913,0.1852133620719456,789,0.30294955758544584,0.42027501565813913,0.5112188479148809,30,0.2734652709225813,0.4163223131680067,-0.02038627511170432,30,0.2734652709225813,0.4163223131680067,-0.45072598494569793,526,0.33700954639175096,0.43511734621877385,0.4046549904551029,526,0.33700954639175096,0.43511734621877385,0.44606197566293204,20,0.126114454010129,0.16495748293621657,0.12156330400654458,20,0.126114454010129,0.16495748293621657,0.1269849498779495
GRU,7,16,0.001,0.15,1,256,0.001,144,17,11,0.12145205438137055,0.17896391451358795,False,787,0.3173936947761376,0.4230412766510945,0.1762899028137852,787,0.3173936947761376,0.42304127665109453,0.5059986458825161,30,0.27452891674637797,0.37357539804642187,0.17839746925351063,30,0.27452891674637797,0.37357539804642187,-0.16810679418497299,526,0.3683620486211867,0.4700151380441653,0.30532828685057767,526,0.3683620486211867,0.4700151380441653,0.353643567720512,20,0.18485418269634246,0.2169734232338591,-0.5197757464349273,20,0.18485418269634246,0.2169734232338591,-0.5103958037040492
LSTM,5,16,0.001,0.05,2,256,0.0001,237,19,13,0.11374696344137192,0.17397187650203705,False,789,0.31225304116450336,0.4170993566968055,0.19748013353479532,789,0.31225304116450336,0.4170993566968055,0.5185775433191444,30,0.2757100899616878,0.38240998718392755,0.1390782406120632,30,0.2757100899616878,0.38240998718392755,-0.2240085914645613,526,0.37574760569966337,0.4603854260348049,0.3335016820639528,526,0.37574760569966337,0.4603854260348049,0.3798574682876712,20,0.23541135587096215,0.2625990789653593,-1.2261418005923015,20,0.23541135587096215,0.2625990789653593,-1.2124022191775095
GRU,3,24,0.001,0.05,1,256,0.0001,59,25,19,0.11106767877936363,0.18087995052337646,False,789,0.31540889627474195,0.4252998236391086,0.16561371396406788,789,0.31540889627474195,0.42529982363910857,0.4994612439770053,30,0.27631528198520344,0.397077769124244,0.07176833595012133,30,0.27631528198520344,0.397077769124244,-0.3197059073919113,526,0.3480583247347476,0.448860639747031,0.36645280615874354,526,0.3480583247347476,0.448860639747031,0.41051680075559116,20,0.16474275102615354,0.2100222423490747,-0.4239574414493996,20,0.16474275102615354,0.2100222423490747,-0.4151688821614028
LSTM,3,16,0.003,0.05,1,256,0.001,196,18,12,0.09599624077479045,0.18786261975765228,False,789,0.3136336076566324,0.43343121276414226,0.1334031257115874,789,0.3136336076566324,0.43343121276414226,0.48013848179300267,30,0.27679228531519573,0.4128085662296136,-0.003234905632583329,30,0.27679228531519573,0.4128085662296136,-0.4263411632485994,526,0.35901279538728215,0.4612391150304734,0.33102762542756914,526,0.35901279538728215,0.4612391150304734,0.37755548536468675,20,0.15670441818535324,0.2039434524514444,-0.34272155697636353,20,0.15670441818535324,0.2039434524514444,-0.33443437951778243
LSTM,5,24,0.001,0.15,1,256,0.0001,255,16,10,0.11440611867742105,0.16333113610744476,False,789,0.3038536810751801,0.4041424806576436,0.24656505742752366,789,0.3038536810751801,0.4041424806576436,0.5480230257724497,30,0.2768299256483714,0.3832093911669889,0.13547507306205964,30,0.2768299256483714,0.3832093911669889,-0.22913136596712036,526,0.37332512262962164,0.4733232896076854,0.2955151275680423,526,0.37332512262962164,0.47332328960768544,0.34451292586020976,20,0.25311076657176024,0.296164193592767,-1.8315975594940515,20,0.25311076657176024,0.296164193592767,-1.8141211502229782
LSTM,3,16,0.001,0.05,1,256,0.0001,187,26,20,0.11225952859967947,0.1707995980978012,False,789,0.3109307371764733,0.4132790962338889,0.2121135521778954,789,0.3109307371764733,0.4132790962338889,0.5273559632027924,30,0.27889281417926154,0.3645947587244189,0.21742481093029054,30,0.27889281417926154,0.3645947587244189,-0.1126199848512619,526,0.35812381339843735,0.45356613291570025,0.3530999847053389,526,0.35812381339843735,0.45356613291570025,0.3980926846268965,20,0.2403827686518431,0.2692962784314502,-1.3411386285538756,20,0.2403827686518431,0.2692962784314502,-1.3266892952805982
GRU,3,16,0.003,0.15,1,256,0.001,56,16,10,0.10908010105292003,0.17283934354782104,False,789,0.3047555017378016,0.4157394986111213,0.2027044721585065,789,0.3047555017378016,0.4157394986111213,0.5217115640952754,30,0.28402518291870754,0.40984709552875015,0.011107789392448386,30,0.28402518291870754,0.40984709552875015,-0.4059495518809464,526,0.3485751355833201,0.4420569148604289,0.3855135648860426,526,0.3485751355833201,0.4420569148604289,0.4282518600279227,20,0.19050117986351253,0.2458116422545317,-0.9506139424773583,20,0.19050117986351253,0.2458116422545317,-0.9385748984845785
GRU,5,16,0.001,0.05,1,256,0.0001,91,13,7,0.1317983791232109,0.18747468292713165,False,789,0.31996006131617893,0.4329834808333907,0.13519258008319457,789,0.31996006131617893,0.4329834808333907,0.4812119549314209,30,0.2848639166176319,0.40832163742307526,0.018455438296518745,30,0.2848639166176319,0.40832163742307526,-0.39550309111075843,526,0.3559395996670986,0.4645885929842804,0.3212763096339726,526,0.3559395996670986,0.4645885929842804,0.3684823857018191,20,0.21657593192160132,0.24651208321123422,-0.9617463404948157,20,0.21657593192160132,0.24651208321123422,-0.9496385881704903
GRU,5,24,0.001,0.05,1,256,0.001,108,16,10,0.11394240063699809,0.1767144352197647,False,789,0.308822507819371,0.42037416154477425,0.18482888871883307,789,0.308822507819371,0.42037416154477425,0.5109882067632805,30,0.28521849704186125,0.39866216718384,0.06434599860272738,30,0.28521849704186125,0.39866216718384,-0.33025855585606134,526,0.34339336543085464,0.4403870627279382,0.3901471920104559,526,0.3433933654308546,0.4403870627279382,0.4325632126279457,20,0.13219026408493517,0.17011331214016423,0.06579319083172286,20,0.13219026408493517,0.17011331214016423,0.07155904568850058
LSTM,3,16,0.003,0.05,1,256,0.0001,195,14,8,0.10470843749741714,0.16656234860420227,False,789,0.30318725711424543,0.4081205003856572,0.23165977033600627,789,0.30318725711424543,0.4081205003856572,0.5390815151270645,30,0.285267386285464,0.39616686771874843,0.07602220140257665,30,0.285267386285464,0.39616686771874843,-0.3136580083767426,526,0.360542395259151,0.451509394102998,0.35895354220749165,526,0.360542395259151,0.451509394102998,0.40353911993096436,20,0.19885298594236372,0.23673937159852215,-0.8092867739179839,20,0.19885298594236372,0.23673937159852215,-0.7981199906850653
LSTM,5,24,0.003,0.05,1,256,0.001,260,10,4,0.09822359477931802,0.17644722759723663,False,789,0.31526916798088034,0.42005619636920993,0.18606159055010174,789,0.31526916798088034,0.42005619636920993,0.511727690443078,30,0.2853953103244305,0.3972315180626849,0.07104937219186669,30,0.2853953103244305,0.3972315180626849,-0.3207280883362993,526,0.3788809319694346,0.4699063547641918,0.3056498080795753,526,0.3788809319694346,0.4699063547641918,0.3539427267485007,20,0.228103715647757,0.26392004846272044,-1.2485947485521018,20,0.228103715647757,0.26392004846272044,-1.2347165892145497
LSTM,5,24,0.003,0.15,1,256,0.0001,263,10,4,0.10412443022836339,0.1809457540512085,False,789,0.3178791653496722,0.4253771932348998,0.1653101069647256,789,0.3178791653496722,0.4253771932348998,0.4992791136228587,30,0.28553643482625485,0.38974736949923766,0.10572391264752923,30,0.28553643482625485,0.38974736949923766,-0.2714298391516232,526,0.3656975386056327,0.45791489549478,0.34063564562453685,526,0.3656975386056327,0.45791489549478,0.3864952558177346,20,0.1654522347435355,0.2098060428707405,-0.42102727180903954,20,0.1654522347435355,0.2098060428707405,-0.41225679730985654
LSTM,7,16,0.003,0.05,1,256,0.001,292,11,5,0.09775149039924144,0.17485114932060242,False,787,0.31195282029851873,0.4181520476642052,0.19521966233789567,787,0.31195282029851873,0.4181520476642052,0.5173513376486764,30,0.28691445321242015,0.3704975952709495,0.19187969396412907,30,0.28691445321242015,0.3704975952709495,-0.14893854957052044,526,0.3794490346141414,0.4841789001779347,0.26283001729642896,526,0.3794490346141415,0.4841789001779347,0.31410110562350835,20,0.19678443205952642,0.23407837158329572,-0.7688418404089041,20,0.19678443205952642,0.23407837158329572,-0.7579246802937116
GRU,3,24,0.003,0.05,1,256,0.0001,67,18,12,0.08766920274744432,0.17820154130458832,False,789,0.31015550225278116,0.42213925621560744,0.17796892874022296,789,0.31015550225278116,0.42213925621560744,0.5068729955097806,30,0.2888503404021263,0.4024367364980957,0.04654440939639426,30,0.2888503404021263,0.4024367364980957,-0.3555678222239662,526,0.3656171091781936,0.46169642546559686,0.3297004192177976,526,0.3656171091781936,0.46169642546559686,0.37632058799603196,20,0.2219255550742149,0.2570519769810787,-1.1330857981009363,20,0.2219255550742149,0.2570519769810787,-1.1199205514037374
LSTM,3,48,0.003,0.15,2,256,0.001,234,15,9,0.09408406727015972,0.1573541760444641,False,789,0.29071382596087847,0.3966789219291996,0.2741364294438575,789,0.2907138259608785,0.3966789219291996,0.5645627753846678,30,0.28906113798022276,0.4027989437219834,0.04482734987304404,30,0.28906113798022276,0.4027989437219834,-0.35800903779985194,526,0.3486288939616979,0.460782710402217,0.33235089146057273,526,0.3486288939616979,0.460782710402217,0.378786716600764,20,0.19000155243873598,0.25233377437169474,-1.0554986467978549,20,0.19000155243873598,0.25233377437169474,-1.042812262220664
LSTM,5,16,0.001,0.15,1,256,0.001,240,20,14,0.11879893426190723,0.1845213621854782,False,789,0.3161986139920577,0.42955949006759836,0.14881612340986583,789,0.3161986139920577,0.42955949006759836,0.4893845622039519,30,0.29358898116747534,0.4144457288449852,-0.011208168496785298,30,0.29358898116747534,0.4144457288449852,-0.4376770856380239,526,0.3507368894155941,0.43975502535175015,0.3918964403656102,526,0.3507368894155941,0.43975502535175015,0.4341907985863295,20,0.14587991652488708,0.19270975434245557,-0.19887477659472874,20,0.14587991652488708,0.19270975434245557,-0.19147541075254315
LSTM,3,48,0.001,0.15,1,256,0.001,224,20,14,0.10469275402526061,0.16930872201919556,False,789,0.30416959999103205,0.4114714118110438,0.21899091536377902,789,0.30416959999103205,0.4114714118110438,0.5314816144405841,30,0.29399800551136335,0.4051749474927888,0.03352549606249111,30,0.29399800551136335,0.4051749474927888,-0.3740773576125933,526,0.3528951814512336,0.45544088452061243,0.3477411927909344,526,0.3528951814512336,0.45544088452061243,0.39310660334913816,20,0.16399929521679876,0.2048685546944996,-0.3549305488415455,20,0.16399929521679876,0.2048685546944996,-0.3465680183943636
GRU,3,16,0.001,0.05,1,256,0.0001,43,23,17,0.11593821582694848,0.17440317571163177,False,789,0.31042779444197743,0.4176160765216148,0.19549051270143003,789,0.31042779444197743,0.4176160765216148,0.5173839926178003,30,0.2976681092381478,0.39771597050806423,0.0687821461221011,30,0.2976681092381478,0.39771597050806423,-0.32395149877740437,526,0.3478237306338526,0.4406661694237875,0.3893739270562053,526,0.3478237306338526,0.4406661694237875,0.4318437292121461,20,0.1492290200591087,0.18695630798346208,-0.12835737941783032,20,0.1492290200591087,0.18695630798346208,-0.12139324169966348
LSTM,5,16,0.001,0.05,1,256,0.001,236,22,16,0.11187873001803052,0.19390368461608887,False,789,0.3237693708064589,0.44034494082472325,0.1055361888502202,789,0.3237693708064589,0.4403449408247233,0.4634214262227011,30,0.30884559623996416,0.42660510331667983,-0.0714140211065879,30,0.30884559623996416,0.42660510331667983,-0.5232742726614281,526,0.3719915712506372,0.4705498689120125,0.3037467475245773,526,0.3719915712506372,0.4705498689120125,0.3521720264199042,20,0.1909451804727316,0.22872483179660497,-0.6888577116632109,20,0.1909451804727316,0.22872483179660497,-0.678434207634302
LSTM,5,16,0.001,0.05,1,256,0.0001,235,16,10,0.11785436658696695,0.20972450077533722,False,789,0.335162186740318,0.45795686177733996,0.032555870935295106,789,0.335162186740318,0.4579568617773399,0.41964137116349554,30,0.31579072525898616,0.42896644382194793,-0.0833078088196626,30,0.31579072525898616,0.42896644382194793,-0.5401841697422138,526,0.3503669454594189,0.4545896064919669,0.35017722648911964,526,0.3503669454594189,0.4545896064919669,0.3953732078765244,20,0.20978267454355953,0.26870742134714676,-1.3309113144575093,20,0.20978267454355953,0.26870742134714676,-1.3165251034052177
