Area,Year,Temperature_Change,Artificial surfaces (including urban and associated areas),Grassland,Herbaceous crops,Inland water bodies,Mangroves,Permanent snow and glaciers,Shrub-covered areas,"Shrubs and/or herbaceous vegetation, aquatic or regularly flooded",Sparsely natural vegetated areas,Terrestrial barren land,Tree-covered areas,Woody crops,AFOLU,Agricultural Soils,Agrifood Systems Waste Disposal,Agrifood systems,All sectors with LULUCF,All sectors without LULUCF,Burning - Crop residues,Crop Residues,Drained organic soils,Drained organic soils (CO2),Drained organic soils (N2O),Emissions from crops,Emissions from livestock,Emissions on agricultural land,Energy,Enteric Fermentation,Farm gate,Fertilizers Manufacturing,Fires in humid tropical forests,Fires in organic soils,Food Household Consumption,Food Packaging,Food Processing,Food Retail,Food Transport,Forest fires,Forestland,IPCC Agriculture,IPPU,International bunkers,LULUCF,Land-use change,Manure Management,Manure applied to Soils,Manure left on Pasture,Net Forest conversion,On-farm energy use,Other,Pesticides Manufacturing,Pre- and post-production,Rice Cultivation,Savanna fires,Synthetic Fertilizers,Waste
Brunei Darussalam,1992,0.454,1.1,10.53,27.8,16.56,19.3,0.0,7.64,0.0,0.23,0.0,498.68,27.8,506.5115333333333,24.9895,103.61256666666668,543.616125,2602.89095,2246.18485,0.0568666666666666,0.1855,331.0947,318.0302,13.0645,4.700733333333333,17.4064,515.9017,2914.283,8.862,147.09380000000002,,8.9254,117.509,59.188225,0.0,,0.41945,24.156566666666663,8.9254,2.3705,30.9034,1.5573,,475.6081333333333,368.8079,3.6720666666666655,4.558,7.1815,844.6295,10.180333333333332,14.8135,1.6735333333333335,156.68985,6.8068,0.0689333333333333,0.0,37.77466666666667
Cambodia,1992,0.448,4.77,1013.74,5762.81,429.0,43.21,0.0,1470.96,472.11,0.26,1.77,8856.38,179.11,15401.698799999998,1338.356,810.6946333333334,11566.881,12969.4293,9333.63135,61.4358,259.3025,0.0,0.0,0.0,5178.588199999999,4577.447666666667,14173.296833333332,1061.4466666666667,4614.568,10553.9682,,1680.7160666666666,0.0,8.227166666666667,,,574.714,41.62473333333333,3156.1750666666667,-741.1711,10553.9682,7.686933333333333,,4847.7306,3619.328633333333,816.2736666666666,305.8365,721.3565,5815.8377,0.0,625.4,5.522100000000001,936.908375,7364.5656,797.9323333333333,51.8605,404.8066666666667
Indonesia,1992,0.38,710.6,9059.49,24151.96,5500.85,4278.22,0.0,6733.35,0.0,1601.47,0.0,123843.9,15275.56,585676.2227333334,29164.628,43943.796700000006,479293.16355,537632.31015,161004.7858,627.2068666666667,3605.325,195292.4181,187421.1231,7871.295,53094.05173333333,24877.218066666668,589530.2332666666,109027.33333333331,23214.884,147744.9418,616.9785,2880.8240666666666,147476.45415,771.613,189.6279333333333,606.8440666666667,593.7757,1480.6081,2931.9108666666666,-89247.77525,76708.51846666668,5109.3181,,425562.22685,441785.2914666667,3850.9457333333335,2350.126,5974.372,689652.90195,1765.0438333333334,2809.0,1280.2634,37145.4886,65731.4588,287.39046666666667,9363.51,13454.433333333334
Lao People's Democratic Republic,1992,0.135,3.18,1293.59,2572.77,224.64,0.0,0.0,8063.66,88.67,0.0,0.0,10668.12,209.3,8719.3147,836.1545,263.96146666666664,6441.6423,9465.5177,5106.7806,21.68573333333333,118.932,0.0,0.0,0.0,1150.0474666666669,3054.574133333333,8121.806066666667,512.1366666666667,3136.294,4375.039366666667,,956.5566666666668,0.0,4.331633333333333,,,271.0221,17.97286666666667,1662.5148666666666,-281.9634,4360.5776,6.5595,,4358.7371,3746.7667,497.04833333333335,200.8965,499.101,8370.6301,14.461766666666668,132.235,0.1031666666666666,350.28775,1556.3856,155.95413333333332,17.225,141.53666666666666
Malaysia,1992,0.463,115.33,1504.42,855.91,602.31,625.66,0.0,1178.75,0.0,7.83,0.0,23069.28,5173.32,42670.50493333334,3819.339,3707.8941666666665,27174.444025,57443.2572,29757.88415,23.17543333333333,145.061,21484.4219,20619.1704,865.2515,3452.5174666666667,1721.9613333333334,30538.255266666663,29305.86666666667,1406.5646000000002,12634.160066666664,,178.45126666666667,5410.96025,753.29625,0.0,,4.221925,638.1354333333333,185.02266666666665,36390.322,5131.010433333334,1249.9235,,-17799.366949999996,17904.0952,478.1650333333334,210.9665,334.2975,42355.0113,4.4290666666666665,503.5,338.2825,4270.752575,3370.2788,5.376866666666667,1627.153,2612.4066666666663
Myanmar,1992,0.057,39.1,4310.42,17157.03,1254.86,440.81,1.31,14855.86,58.79,1.67,0.86,28191.3,908.78,73048.8609,5681.6795,4086.4935666666665,58332.5512,60003.516925,29761.0248,189.7288,1155.2675,14813.1689,14208.4919,604.677,15932.672933333335,15890.852533333333,73261.4507,4839.599999999999,16719.8136,37524.560333333335,27.6906,5869.366666666666,2248.38265,33.30355,0.0314666666666666,0.0,238.251225,47.030233333333335,7561.126,-5524.4725,32725.53806666667,121.84625,,40323.32283333333,35736.89036666667,2332.136933333333,1046.1405,2572.1165,85105.8058,62.85829999999999,731.4,1.1955333333333331,3386.463175,22155.6972,498.8788,303.478,1466.1666666666667
Philippines,1992,0.343,76.36,2122.92,7298.29,1500.35,640.91,0.0,1399.97,0.0,145.85,0.0,11282.63,5908.46,31291.91113333333,5219.9965,5864.589166666666,36434.413375,42904.8911,42274.13515,330.4016666666667,923.843,0.0,0.0,0.0,22252.742266666668,8171.2226,38255.335366666666,19921.8,7312.2252,30857.588033333333,46.6257,25.979466666666667,0.0,352.17152500000003,25.183733333333333,680.7523666666667,2008.4017,494.9582666666667,42.896800000000006,-19720.9702,30450.9032,998.93275,,841.0079333333334,7397.747333333333,1766.1191333333334,644.374,1651.056,22115.3036,406.6848333333333,694.3,95.42596666666668,7742.91185,29958.9444,26.938333333333333,2000.7235,4198.033333333333
Singapore,1992,,8.24,3.71,23.33,9.69,6.15,0.0,1.12,0.0,0.16,0.0,9.17,4.67,-4.423633333333334,21.7565,123.80486666666668,626.942275,16295.084775,16310.6653,0.0,,0.0,0.0,0.0,9.557666666666666,6.790866666666666,16.354133333333333,16238.396666666667,0.5936,16.3504,,0.0037333333333333,0.0,224.005425,7.506333333333333,,103.520025,251.5569,0.0037333333333333,-62.3333,16.3504,3607.55,,-20.77403333333333,0.0037333333333333,1.4503333333333333,3.074,4.346,0.0,,125.96333333333332,,614.676675,,0.0,14.3365,556.7766666666666
Thailand,1992,0.337,96.1,3933.75,24679.15,964.14,322.99,0.0,5481.44,11.46,30.3,0.24,11242.77,4776.06,51207.53596666667,9514.0565,10840.2623,53577.8604,81578.91047500001,79271.1611,431.1976666666666,1926.55,1141.7907,1093.8787,47.912,31269.3362,16627.451333333334,53198.533866666665,44746.8,16982.392,50849.77363333333,562.3578,1387.6336,83.53829999999999,1158.4561250000002,334.5158,2083.920833333333,1494.177,1137.8944,1726.5696,74.0301,48130.5368,3432.5835,,3076.999166666667,2348.7602333333334,2487.2636666666667,1233.4425,2994.447,2716.3033,2354.6106,1605.9,117.7234,13678.96,41018.9528,201.80793333333332,3311.705,7170.166666666667
Viet Nam,1992,-0.002,73.27,1835.53,9988.64,890.47,186.27,0.0,5644.06,56.98,6.2,18.65,11935.05,2160.64,11415.9739,7310.979,3987.2124666666655,33421.7251,22893.430125,40850.359800000006,259.51640000000003,1544.8705,4054.5601,3895.9841,158.576,24614.7988,10512.432333333332,37326.34126666666,14254.066666666666,9185.5988,36997.26276666667,,163.00206666666665,249.11465,129.03356666666667,0.0,0.0,2146.776725,111.05129999999998,513.5782,-77762.6667,35358.546800000004,510.8597,,-23942.5729,329.0785,2641.4841333333334,936.192,1684.6315,0.0,340.0546,487.6,146.2927666666667,5426.96915,32001.3176,125.616,2986.709,3848.32
Brunei Darussalam,1993,0.267,1.1,10.53,27.8,16.56,19.3,0.0,7.64,0.0,0.23,0.0,498.68,27.8,507.11626666666666,26.076,104.0769,553.14395,2680.376,2323.6699,0.0587333333333333,0.1855,331.0947,318.0302,13.0645,5.045066666666666,17.68446666666667,519.0250333333333,3015.0220000000004,8.2236,150.21713333333332,,8.9254,117.509,66.201325,0.0,,0.8262499999999999,22.970266666666664,8.9254,2.3705,31.508133333333333,1.5648000000000002,,475.6081333333333,368.8079,3.6514,4.982,7.844,844.6295,12.698933333333336,15.8205,2.0827666666666667,163.8752,7.294,0.0689333333333333,0.0,39.063
Cambodia,1993,0.324,4.85,1013.74,5776.69,429.0,43.21,0.0,1470.96,472.11,0.26,1.77,8856.4,165.13,15961.7664,1392.6015,828.7154333333333,11869.487975,13316.42535,9680.6274,65.9106,278.2765,0.0,0.0,0.0,5600.598866666667,4715.522266666667,14733.364433333334,1076.47,4747.9656,11114.0358,,1680.7160666666666,0.0,9.384166666666667,,,308.7093,43.20329999999999,3156.1750666666667,-741.1711,11114.0358,8.380733333333334,,4847.7306,3619.328633333333,844.1105333333334,316.0655,743.0865,5815.8377,0.0,455.8,5.510433333333334,819.4646499999999,7968.5564,797.9323333333333,55.173,404.75
Indonesia,1993,0.273,734.19,9060.99,23639.76,5500.41,4277.85,0.0,6732.9,0.0,1600.48,0.0,123847.7,15761.14,583976.0081333333,28230.079,44313.5966,479304.338525,542617.5288,165992.69014999998,581.7304,3500.226,195281.2248,187410.3803,7870.8445,52109.52806666666,24165.426066666667,588195.6825333334,116000.0,22172.9144,146410.39106666666,924.5974,2880.8240666666666,147476.45415,1307.303025,210.86300000000003,671.7136333333333,533.5781,1539.0322,2931.9108666666666,-137552.10025,75910.8483,5526.7477,,389139.7761500001,441785.2914666667,3874.7868,2391.625,5871.393,661056.19695,2130.7077,2968.0,1378.8559333333333,38157.576625,65195.48,287.39046666666667,8595.9905,14166.366666666669
Lao People's Democratic Republic,1993,0.248,3.23,1293.59,2569.74,224.64,0.0,0.0,8063.66,88.67,0.0,0.0,10668.13,212.27,8733.3673,832.206,269.6049,6395.9097,9537.277166666669,5178.5400666666665,20.8902,107.007,0.0,0.0,0.0,1111.0444,3107.614,8136.925166666667,519.6466666666666,3182.6928,4390.158466666667,,956.5566666666668,0.0,4.796133333333334,,,146.7852,18.45586666666667,1662.5148666666666,-281.9634,4374.6302,6.7098,,4358.7371,3746.7667,509.3488,205.693,509.012,8370.6301,15.528266666666669,200.34,0.2407666666666666,293.215825,1517.7568,155.95413333333332,10.494,146.23
Malaysia,1993,0.273,118.52,1504.63,834.41,602.25,625.59,0.0,1178.73,0.0,7.83,0.0,23069.75,5191.11,42822.07393333333,4144.82525,3747.5578,27415.389225,60865.49895,33182.86045,23.813866666666662,150.7055,21473.0332,20608.2322,864.801,3548.477666666667,1781.5007333333333,30688.716066666664,33324.53333333333,1430.569,12784.620866666666,79.2006,178.45126666666667,5410.96025,801.3149249999999,0.0,,4.2629,664.1554333333333,185.02266666666665,36390.322,5329.521299999999,1309.6935,,-28893.9215,17904.0952,488.7337,224.667,352.2115,42355.0113,3.320866666666667,596.25,352.91910000000007,4398.852175,3473.8844,5.376866666666667,1660.808,2863.6333333333337
Myanmar,1993,0.106,40.04,4310.44,17154.99,1254.84,440.81,1.31,14855.83,58.79,1.67,0.86,28191.44,909.78,74579.04393333333,5870.4655,4130.1923,59587.085725,60956.05475,30713.9413,203.1532,1280.1885,14811.6012,14206.9772,604.624,17305.6512,16048.631,74859.60336666666,4570.433333333333,16885.6772,39122.713,33.93685,5869.366666666666,2248.38265,40.1417,0.0,0.0,243.718625,57.2867,7561.126,-5524.4725,34256.226,118.6968,,40322.81793333333,35736.89036666667,2355.1028666666666,1056.237,2598.3515,85105.8058,130.82793333333333,720.8,1.2602666666666666,3442.3832,24042.494,498.8788,331.0645,1486.4666666666665
Philippines,1993,0.295,77.92,2123.01,7267.1,1500.33,640.86,0.0,1399.95,0.0,145.85,0.0,11282.89,5937.83,32277.22053333333,5569.9555,5927.457933333334,36418.412375,43671.77975,43041.0238,326.65246666666667,946.898,0.0,0.0,0.0,22932.46813333333,8476.825666666666,39254.84176666667,19719.533333333336,7623.084,31857.094433333332,56.8165,25.979466666666667,0.0,384.44005,27.8179,704.5069333333334,1095.131075,558.3777666666666,42.896800000000006,-19720.9702,31436.2126,1144.2143500000002,,841.0079333333334,7397.747333333333,1788.2866666666666,666.157,1743.541,22115.3036,420.8818333333333,712.85,93.18073333333336,6977.2810500000005,30748.4632,26.938333333333333,2213.3595,4231.433333333333
Singapore,1993,,8.38,3.72,23.19,9.69,6.15,0.0,1.12,0.0,0.16,0.0,9.19,4.64,-4.817900000000002,21.1735,126.2107,658.11595,14268.935575,14284.5161,,,0.0,0.0,0.0,13.8065,6.769466666666666,24.376500000000004,17002.48,0.5852,24.372766666666667,,0.0037333333333333,0.0,288.03035,9.401366666666666,,61.942125,250.86926666666668,0.0037333333333333,-62.3333,15.956133333333334,986.169,,-20.77403333333333,0.0037333333333333,1.4503333333333333,3.0475,4.3195,0.0,8.416633333333333,134.62,,639.833575,,0.0,13.8065,578.0733333333334
Thailand,1993,0.281,96.71,3933.78,24613.84,964.13,322.96,0.0,5481.44,11.46,30.3,0.24,11242.89,4840.65,51710.9027,10458.1455,10898.229033333331,53532.673200000005,85462.99752500001,83155.24815,427.6126,1839.471,1141.7907,1093.8787,47.912,31351.908266666665,17048.246,53357.77123333333,48108.63333333333,17373.3588,51009.011,549.944,1387.6336,83.53829999999999,1292.121,334.9398,2175.3375,933.426475,1334.4427333333333,1726.5696,74.0301,48633.90353333333,4327.2905,,3076.999166666667,2348.7602333333334,2580.8988,1268.4225,3059.2395,2716.3033,2010.4812333333327,1661.55,125.46613333333332,13514.344775,40303.872,201.80793333333332,4243.1005,7253.706666666666
Viet Nam,1993,0.256,75.35,1835.53,9913.05,890.41,186.25,0.0,5644.05,56.98,6.2,18.65,11935.44,2233.85,12273.622566666669,7625.322,4073.637733333333,33300.5052,24618.456375,42575.38605,263.4465333333333,1611.4385,4054.5601,3895.9841,158.576,25027.02506666667,10957.8352,38306.6434,15451.033333333336,9506.9548,37977.5649,40.8944,163.00206666666665,249.11465,156.90736666666666,0.0,0.0,1162.33775,163.1255,513.5782,-77762.6667,36216.19546666666,535.9219499999999,,-23942.5729,329.0785,2794.651333333333,985.2965,1752.5245,0.0,462.7080666666666,575.05,136.94443333333334,4570.52265,32416.4456,125.616,3117.4865,4002.023333333333
Brunei Darussalam,1994,0.457,1.11,10.53,27.8,16.56,19.29,0.0,7.64,0.0,0.23,0.0,498.68,27.8,507.6553333333334,26.129,104.74473333333331,561.06505,2575.28855,2218.58245,0.0587333333333333,0.1855,331.0947,318.0302,13.0645,5.045066666666666,18.221666666666668,520.9073999999999,2873.2163333333333,9.0356,152.0995,,8.9254,117.509,68.079075,0.0,,1.4846499999999998,27.205,8.9254,2.3705,32.0472,2.0878,,475.6081333333333,368.8079,3.6138,5.0085,7.8705,844.6295,14.042233333333334,14.204,2.4780333333333333,170.3845,7.294,0.0689333333333333,0.0,40.59333333333333
Cambodia,1994,0.391,5.01,1013.75,5763.2,428.99,43.21,0.0,1470.96,472.11,0.26,1.77,8856.42,178.43,15010.044533333334,1618.3285,848.9805,11179.503475,12628.50435,8992.7064,51.030033333333336,239.772,0.0,0.0,0.0,4590.003,4774.3786,13781.642566666667,1100.0200000000002,4794.5226,10162.313933333333,,1680.7160666666666,0.0,10.751633333333332,,,321.3429,44.90236666666667,3156.1750666666667,-741.1711,9123.7803,10.201266666666667,,-1273.1920499999997,3619.328633333333,789.2865666666667,318.5035,755.833,5815.8377,0.0,482.3,5.4989333333333335,843.2715499999999,6530.8404,797.9323333333333,33.0985,396.20666666666665
Indonesia,1994,0.344,756.62,9062.39,22351.03,5499.96,4277.56,0.0,6732.38,0.0,1599.51,0.0,123851.0,17024.95,584512.8305,21609.425,44662.59916666666,480217.7096,546306.142375,169685.63390000002,484.13183333333336,3420.991,195263.1621,187393.0596,7870.1025,51291.82713333333,25526.2176,588849.8845333332,118999.66666666669,24873.24,147064.59306666665,1263.3815,2880.8240666666666,147476.45415,1389.9836249999998,210.59086666666667,684.2596666666667,545.64185,1636.4210333333333,2931.9108666666666,-105636.58025,76121.21626666667,6045.0695,,415526.620975,441785.2914666667,4070.474933333333,2604.844,6354.17,662498.92195,2248.0873333333334,2541.35,1244.5631,38580.2962,63543.9252,287.39046666666667,9098.6425,15141.366666666669
Lao People's Democratic Republic,1994,0.337,3.27,1293.59,2569.4,224.64,0.0,0.0,8063.66,88.67,0.0,0.0,10668.14,212.55,8984.479033333333,876.4345,274.95596666666665,6594.53125,9768.142366666669,5409.405266666668,22.963466666666665,126.034,0.0,0.0,0.0,1230.036,3239.749933333333,8387.3501,529.1999999999999,3319.68,4640.5834,,956.5566666666668,0.0,5.083,,,158.9278,19.1837,1662.5148666666666,-281.9634,4625.741933333334,7.46,,4358.7371,3746.7667,528.9069333333333,214.491,532.067,8370.6301,14.841466666666667,147.34,0.1835666666666666,304.018675,1680.7616,155.95413333333332,3.8425,151.26333333333335
Malaysia,1994,0.412,121.76,1504.85,832.77,602.19,625.45,0.0,1178.7,0.0,7.83,0.0,23070.02,5189.24,43007.49443333333,4029.6165,3785.582300000001,27772.195975,62313.196825,34631.91885,24.145433333333333,152.5605,21467.3526,20602.7901,864.5625,3515.7252000000003,2001.6662666666668,30870.815700000003,34699.13333333333,1528.688,12966.7205,85.4317,178.45126666666667,5410.96025,943.1738,0.0,,4.689525,736.6824333333334,185.02266666666665,-87726.394,5592.648566666667,1473.0410000000002,,5895.0129750000015,17904.0952,579.1392999999999,252.6775,383.508,89939.00565,0.0,506.15,344.2192333333334,4619.0842,3499.8824,5.376866666666667,1583.5605,3076.146666666667
Myanmar,1994,0.46,41.23,4310.46,17091.81,1254.8,440.81,1.31,14855.76,58.79,1.67,0.86,28191.62,971.66,75722.01763333332,6268.522,4179.609533333333,60535.44135,62044.135525000005,31802.53525,213.38426666666663,1365.81,14809.4425,14204.9245,604.518,18305.053866666665,16192.941133333334,76045.04863333334,4769.633333333334,17030.3168,40308.158266666665,41.3688,5869.366666666666,2248.38265,47.37275,0.1540333333333333,0.0,248.667625,65.25783333333332,7561.126,-5524.4725,35399.88393333334,125.9973,,40322.1337,35736.89036666667,2380.760066666667,1066.625,2621.327,85105.8058,173.2995,821.5,1.5522,3501.654875,25161.4524,498.8788,610.242,1518.2
Philippines,1994,0.359,79.33,2123.09,7235.7,1500.32,640.8,0.0,1399.93,0.0,145.85,0.0,11283.13,5967.59,34751.068933333336,6559.174,5995.7749,38524.5771,46700.88065,46070.1247,399.1904333333334,1013.1215,0.0,0.0,0.0,25289.688066666666,8593.416933333334,41768.06483333333,20971.1,8507.1224,34370.3175,68.9948,25.979466666666667,0.0,420.010875,30.790266666666668,785.8960000000001,1146.01415,595.3936666666667,42.896800000000006,-19720.9702,29712.433833333333,1324.30395,,-62.7440499999999,7397.747333333333,2292.90204,683.6735,1783.662,22115.3036,460.2565,749.95,79.15146666666666,7198.528475,34206.8748,26.938333333333333,2217.891,4279.966666666666
Singapore,1994,,8.58,3.73,23.01,9.69,6.11,0.0,1.12,0.0,0.16,0.0,9.23,4.6,-2.641900000000001,24.3005,128.9334,649.07965,17286.689575,17302.2701,,,0.0,0.0,0.0,16.536,7.125800000000001,26.1713,20496.14,0.6132,26.16756666666667,,0.0037333333333333,0.0,300.978375,9.820133333333333,,77.627175,195.7074666666667,0.0037333333333333,-62.3333,18.13213333333333,1270.021,,-20.77403333333333,0.0037333333333333,1.523,3.2065,4.558,0.0,8.035433333333332,139.39,,629.451175,,0.0,16.536,722.6700000000001
Thailand,1994,0.333,97.32,3933.8,24491.75,964.13,322.94,0.0,5481.44,11.46,30.3,0.24,11243.01,4962.02,51762.97363333334,9918.526000000002,10997.423266666665,54124.982050000006,88555.205975,86247.45659999999,427.29553333333337,1973.19,1141.7907,1093.8787,47.912,31260.114133333333,17192.095266666667,53351.0972,51331.6,17543.783600000002,51002.33696666666,557.6892,1387.6336,83.53829999999999,1375.187275,344.3689,2495.281166666666,1001.86055,1493.6705333333332,1726.5696,74.0301,56044.90656666667,4701.86325,,17426.686875,2348.7602333333334,4326.4079,1280.639,3063.2675,2716.3033,1951.7362666666663,1852.35,129.50813333333335,14111.65915,40192.9416,201.80793333333332,4083.0935,7474.983333333334
Viet Nam,1994,0.299,77.4,1835.58,9741.25,890.37,186.25,0.0,5644.03,56.97,6.2,18.65,11935.82,2403.22,13894.805566666668,8178.589,4150.9974,34730.399275,26809.8746,44766.804275,721.9171666666667,1656.727,4054.5601,3895.9841,158.576,26331.024466666662,11275.020666666664,39990.35436666667,16546.666666666668,9581.4894,39661.27586666667,82.9407,163.00206666666665,249.11465,206.6666333333333,0.0,0.0,1204.2277,181.5582,513.5782,-77762.6667,40873.9459,608.900425,,-14150.929675,329.0785,3186.90248,1017.9445,1800.145,0.0,525.2360333333334,530.0,144.33863333333332,4737.6335,32610.1692,125.616,4827.4255,4139.826666666667
Brunei Darussalam,1995,0.501,1.16,10.62,28.21,15.99,19.39,0.0,7.69,0.0,0.23,0.0,498.16,28.21,511.3226666666667,27.03,105.24123333333334,552.074125,2615.7568,2255.35285,0.028,0.1325,346.5221,332.8216,13.7005,3.356866666666667,18.242266666666666,510.5325,2920.663666666667,8.9376,141.7246,,8.9254,117.509,62.300325,0.0,,2.918725,30.587333333333333,8.9254,2.3705,30.784066666666664,2.7278,,480.5386,368.8079,3.4682,5.1145,8.0825,844.6295,0.0,15.1315,2.779,169.17475,4.8608,0.0689333333333333,0.0,41.964666666666666
Cambodia,1995,0.627,5.11,1039.5,5882.99,428.17,43.59,0.0,1525.09,472.66,0.26,1.75,8655.1,179.9,16475.325866666666,1469.001,875.2105666666666,12305.05135,14084.0907,10448.29275,69.55626666666667,329.978,0.0,0.0,0.0,5916.358933333333,4913.284466666667,15246.9239,1543.96,4977.5936,11627.595266666664,,1680.7160666666666,0.0,8.963466666666667,,,334.1741,47.34453333333333,3156.1750666666667,-741.1711,10352.4943,13.521733333333335,,4847.7306,3619.328633333333,857.6057333333333,327.1425,778.782,5815.8377,0.0,508.8,5.509766666666668,869.858425,8407.1568,797.9323333333333,33.0985,406.78
Indonesia,1995,0.4,780.78,9145.5,21977.17,5452.13,4319.42,0.0,6806.68,0.0,1616.06,0.0,123523.6,17534.09,589179.1964,31088.634,45042.943633333336,484528.6431,551557.8348000001,174572.27825,640.9138666666666,3675.762,196786.1594,188853.2519,7932.9075,55019.3354,25936.4568,593639.9106666667,118892.66666666669,23578.8728,151854.6192,1580.3905,2880.8240666666666,147476.45415,1572.1206,270.4441333333333,732.6892666666666,507.8075,1726.4353666666666,2931.9108666666666,-6420.1605,86531.78766666667,6968.262500000001,,502647.4087333334,441785.2914666667,4013.628933333333,2707.4255,6597.9435,1021760.4939,2371.7475666666664,2676.5,1325.7332666666669,39298.7101,67717.2748,287.39046666666667,10174.5955,16263.233333333332
Lao People's Democratic Republic,1995,0.554,3.29,1304.3,2601.89,224.79,0.0,0.0,8061.38,88.82,0.0,0.0,10613.2,226.25,9006.228633333332,901.7685,280.2419,6623.791499999999,9855.282166666666,5496.545066666666,21.263266666666667,114.533,0.0,0.0,0.0,1132.1839333333337,3359.3358000000003,8409.880366666666,588.1966666666667,3442.992,4663.113666666667,,956.5566666666668,0.0,5.8278,,,173.2188,20.15643333333333,1662.5148666666666,-281.9634,4647.491533333333,7.6103,,4358.7371,3746.7667,546.9044666666667,222.6265,553.055,8370.6301,15.622133333333332,149.725,0.1363333333333333,316.381225,1540.294,155.95413333333332,11.554,155.96666666666667
Malaysia,1995,0.54,125.43,1514.59,806.47,595.41,647.09,0.0,1192.03,0.0,8.27,0.0,23066.34,5177.18,42811.62566666667,3755.96425,3841.5558,27773.869275,67560.94025,39958.1128,23.9533,149.5925,21141.016,20288.988,852.028,3422.9178666666667,2011.542333333333,30674.94693333333,41593.333333333336,1499.4574,12770.851733333337,179.7386,178.45126666666667,5410.96025,990.301175,0.0,,5.1423,760.6321333333334,185.02266666666665,36390.322,5385.254533333334,1535.196,,-29243.340050000003,17904.0952,584.1304,269.929,404.0985,42355.0113,0.0,535.3,367.5198,4767.659075,3370.4496,5.376866666666667,1578.0485,3272.5
Myanmar,1995,0.574,42.61,4316.94,17152.42,1249.57,444.75,1.31,14828.64,58.82,1.68,0.86,28098.36,1024.83,76986.18013333333,6417.0015,4229.468233333333,61563.866175,63282.08295,33038.287150000004,223.24786666666668,1398.3255,14818.1451,14213.7066,604.4385,19200.1368,16559.14446666667,77314.56629999999,5113.566666666667,17389.078,41577.67593333334,48.0569,5869.366666666666,2248.38265,52.6345,0.1058666666666666,0.0,253.72705,98.2564,7561.126,-5524.4725,36661.119066666666,133.29785,,40325.06106666667,35736.89036666667,2447.5124666666666,1095.033,2683.3105,85105.8058,178.65466666666666,837.4,2.2381,3577.94145,26431.1404,498.8788,635.894,1540.3666666666668
Philippines,1995,0.396,80.88,2145.79,7254.79,1465.59,650.06,0.0,1415.59,0.0,149.08,0.0,11174.01,6039.94,35827.55273333334,5761.1,6109.249466666667,39662.702875,48920.65375,48289.897800000006,311.0643333333333,1001.2495,0.0,0.0,0.0,25913.971133333336,9045.653,42917.50416666667,22520.36666666667,8062.81,35519.75683333333,79.9303,25.979466666666667,0.0,488.5288,34.7308,778.9218666666666,1194.968875,673.1739333333334,42.896800000000006,-19720.9702,34986.5448,1459.9892,,841.0079333333334,7397.747333333333,1958.774133333333,715.712,1851.7935,22115.3036,533.2120333333334,840.05,98.71643333333334,7474.574750000001,35210.742,26.938333333333333,2192.345,4372.933333333333
Singapore,1995,,8.82,3.88,23.54,9.64,6.01,0.0,1.19,0.0,0.16,0.0,8.28,4.71,-0.6515666666666663,27.348,132.27163333333334,694.37745,13250.407325,13265.98785,,,0.0,0.0,0.0,18.709,7.632133333333333,27.84143333333333,13977.22,0.3444,27.8377,,0.0037333333333333,0.0,308.857775,9.823633333333332,,96.556875,215.34716666666668,0.0037333333333333,-62.3333,20.122466666666668,2110.591,,-20.77403333333333,0.0037333333333333,1.6608666666666665,3.5775,5.0615,0.0,7.715233333333333,138.15333333333334,,673.49635,,0.0,18.709,738.3666666666668
Thailand,1995,0.646,97.96,3948.52,24476.65,964.01,335.5,0.0,5435.09,11.53,30.4,0.24,11115.04,5123.45,50325.22753333333,10005.711,11260.5101,53536.402825,92971.16965,90683.25855,431.5632666666667,2011.032,1059.0456,1014.5256,44.52,31656.624066666667,15386.549733333331,51911.14286666667,57508.93333333333,15460.7012,49562.38263333333,554.6173,1387.6336,83.53829999999999,1541.630775,326.2445333333333,2393.370233333333,987.4352,1766.5449666666666,1726.5696,74.0301,47274.6794,5278.904,,3050.5481333333337,2348.7602333333334,2457.2406,1180.31,2752.979,2716.3033,1949.5280333333333,1984.85,167.09736666666666,14603.045675,40809.6892,201.80793333333332,4016.87,7765.626666666666
Viet Nam,1995,0.386,79.58,1876.89,9925.33,880.06,175.12,0.0,5689.79,57.21,6.21,18.48,11610.8,2476.28,14612.782866666666,9282.1815,4222.1430666666665,35465.628625,28827.673975,46779.812825,277.68326666666667,1730.3175,4074.5184,3915.1474,159.371,26714.6882,11602.3988,40598.87506666667,18169.3,9979.0488,40269.79656666666,123.7258,163.00206666666665,249.11465,307.5296,0.0,0.0,1253.67035,264.9823,513.5782,-77762.6667,38548.968,748.591825,,-23936.18513333333,329.0785,3014.5282666666667,1051.202,1851.555,0.0,415.7794333333333,553.85,181.17263333333332,5016.472325000001,33435.4804,125.616,4489.736,4287.46
Brunei Darussalam,1996,0.414,1.2,10.61,28.13,15.9,19.38,0.0,7.68,0.0,0.23,0.0,498.38,28.13,487.3975666666667,27.0565,105.7428,542.3756,2634.1814750000003,2291.87505,0.0242666666666666,0.106,346.5221,332.8216,13.7005,3.0302,18.682533333333332,486.6074,2964.988,9.4612,141.92953333333332,,7.613466666666667,83.28184999999999,63.8792,0.0,,6.962975,33.367733333333334,7.613466666666667,2.3705,30.989,3.5978000000000003,,456.4085666666667,344.67786666666666,3.541733333333333,5.141,8.109,844.6295,0.0,17.2515,2.9933,177.42005,4.3764,0.1602666666666666,0.0,43.55833333333334
Cambodia,1996,0.27,5.24,1046.65,5904.74,428.72,43.49,0.0,1536.74,472.67,0.26,1.75,8593.32,200.54,13783.096066666663,1448.8345,897.3998,11244.30365,12146.6337,10616.9688,68.11066666666666,324.678,0.0,0.0,0.0,5774.057,4880.375666666667,13797.3079,1581.8066666666666,4917.9396,11743.542866666665,,115.15246666666668,0.0,14.3267,,,347.4843,46.22923333333333,347.99766666666665,-741.1711,10395.7781,16.715533333333337,,2039.5532,2053.765033333333,868.1232666666666,328.229,772.21,5815.8377,0.0,588.3,5.485,896.322725,8210.524,1089.1101999999998,23.7175,421.6933333333333
Indonesia,1996,0.4,803.12,9152.95,22266.0,5452.56,4330.52,0.0,6813.85,0.0,1617.92,0.0,123529.7,17188.79,520756.9532666667,32942.3885,45355.64859999999,433885.352325,511402.55495,187243.09005,651.9423333333333,3758.336,196726.4592,188795.1152,7931.344,56485.12353333333,26719.12433333333,525359.7545666667,132812.0,24161.3092,153993.61933333334,1924.0359,1852.298266666667,43390.5085,1773.73905,278.44750000000005,745.1948666666667,456.237475,1771.9384333333337,1907.1313333333333,-6420.1605,88544.3334,6980.5650000000005,,432212.6198666667,371366.1352333333,4109.032533333333,2850.128,6903.727,1021760.4939,2517.5808666666667,2862.0,1388.1717666666666,39865.5364,68492.6116,52.48566666666667,11498.8535,17085.7
Lao People's Democratic Republic,1996,0.082,3.31,1311.39,2611.95,225.22,0.0,0.0,7803.02,87.91,0.0,0.0,10840.2,240.91,8984.884100000001,922.4385,284.681,6585.009425,9898.147766666669,5524.158133333333,21.602733333333333,114.745,0.0,0.0,0.0,1121.0162,3444.641266666667,8340.334833333334,612.9933333333333,3528.238,4626.5197333333335,,923.6050666666666,0.0,6.4910000000000005,,,191.1218,21.006,1677.7674,-281.9634,4610.894466666667,21.4605,,4373.989633333334,3713.8151,561.3696,229.119,567.5505,8370.6301,15.625266666666668,186.825,0.0853333333333333,329.7583,1523.3512,45.237,11.024,161.41333333333333
Malaysia,1996,0.463,129.03,1508.63,791.02,597.41,652.93,0.0,1190.09,0.0,8.37,0.0,23126.67,5128.66,41392.71206666667,3664.9235,3875.001,26991.38285,67541.16405,40913.06775,24.18413333333333,154.8395,20587.3517,19757.2657,830.086,3355.1108666666664,1977.028,29258.986666666668,42576.26666666666,1441.1026,12478.767966666666,277.3525,211.51646666666667,3675.5477,1121.431375,0.0,,5.963725,870.3673333333332,219.5636,36390.322,5278.7385,1677.605,,-23785.491200000004,16780.2187,563.2579333333333,282.278,419.4685,42355.0113,4.4290666666666665,606.85,388.5113,5047.1428750000005,3433.976,3.054133333333333,1407.0175,3444.5333333333333
Myanmar,1996,0.369,43.98,4315.36,17131.3,1250.43,450.95,1.31,14627.47,58.31,1.68,0.86,28271.02,1068.13,74626.78540000001,6595.0285,4272.966933333333,60015.4044,61574.26242500001,32888.573475,215.07886666666664,1376.5425,14809.3855,14205.424,603.9615,18463.040933333334,17044.331866666667,75173.48986666667,5196.266666666666,17867.7716,41263.5093,55.57115,4803.550266666666,1106.74255,62.246425,0.0488666666666666,0.0,260.37065,105.52976666666667,6247.504466666666,-5524.4725,36379.20013333333,136.148375,,38247.58526666667,33909.980566666665,2537.6218,1131.391,2760.9025,85105.8058,149.16783333333333,792.35,1.3004666666666669,3635.287,25273.1696,469.1863333333333,722.231,1566.2
Philippines,1996,0.336,82.76,2144.68,7138.59,1463.18,653.42,0.0,1415.68,0.0,150.1,0.0,11191.0,6136.33,37748.9964,6414.06,6176.033033333333,41370.948775,50673.7511,50047.40475,324.2490666666667,1051.3345,0.0,0.0,0.0,27475.673866666664,9430.609066666666,44885.02936666666,22635.33333333333,8418.9728,37489.1155,92.1885,24.146,0.0,551.390075,40.900533333333335,777.5394000000001,1249.552025,752.9142,37.01733333333333,-19720.9702,36913.867933333335,1597.5288,,835.1284666666666,7395.913866666667,2017.6565333333333,758.5625,1941.8935,22115.3036,575.2475666666667,887.75,96.86283333333334,7707.17675,37013.5304,7.586866666666666,2662.2695,4458.8
Singapore,1996,,9.09,3.92,23.46,9.54,5.94,0.0,1.21,0.0,0.16,0.0,8.22,4.69,-1.4731000000000012,25.334,134.51626666666667,816.9225749999999,15501.512675,15517.0736,,,0.0,0.0,0.0,15.317,9.065333333333331,27.334666666666667,16460.08,0.6132,27.3048,,0.0298666666666666,0.0,404.8079,10.061466666666666,,122.021575,214.87823333333336,0.0298666666666666,-62.3333,19.2748,2487.21,,-20.7479,0.0298666666666666,1.9766666666666663,4.134,5.883,0.0,8.03,136.03333333333333,,796.421575,,0.0,15.317,757.7633333333333
Thailand,1996,0.199,98.59,3952.41,24627.71,968.93,337.81,0.0,5395.41,11.58,30.38,0.24,11110.87,5004.47,49162.05623333334,10214.69,11398.225233333333,53710.61747500001,97198.318175,95370.3191,442.6560666666667,2051.9745,997.9717,955.9162,42.0555,32459.9152,14020.076333333333,51180.62103333333,62925.69999999999,13766.6984,49255.68063333334,560.348,1006.9775333333332,18.79265,1702.02585,393.9456666666667,2942.9949333333334,880.3636,1934.8267666666668,1176.0538,74.0301,46724.72413333334,6005.915999999999,,2437.3321,1924.9404,2410.814066666667,1134.624,2512.571,2716.3033,2212.3177666666666,2008.7,133.5744,15325.1517,41500.4492,216.6956,4473.465,8162.98
Viet Nam,1996,0.009,81.3,1885.88,9872.13,881.15,176.55,0.0,5647.6,57.28,6.21,18.48,11591.82,2577.35,16300.1968,10488.17,4282.353433333334,37063.9298,31823.653125,49874.768975,290.06686666666667,1825.055,4070.952,3911.74,159.212,28243.04753333333,11921.712733333334,42440.8657,20106.5,10190.096,42162.94693333333,40.2122,138.24746666666667,209.50695,394.8123666666666,0.0,0.0,1315.230025,292.12076666666667,409.1498,-77762.6667,40368.351266666665,857.083025,,-24068.15446666667,277.91876666666667,3120.2160666666664,1098.7165,1913.4325,0.0,490.68233333333336,630.7,241.3768333333333,5233.280525,34612.662,97.44966666666666,5491.754,4461.596666666667
Brunei Darussalam,1997,0.676,1.27,10.68,28.2,15.89,19.38,0.0,7.74,0.0,0.23,0.0,498.05,28.2,579.7719333333333,31.429,106.20203333333332,619.522875,2771.9703,2364.8855,0.0242666666666666,0.106,350.1532,336.3202,13.833,3.0302,24.65986666666667,580.2596,3053.914666666667,12.4152,150.37676666666667,,20.1472,192.2887,69.5515,0.0,,7.939975,33.85326666666666,20.1472,2.3705,36.9922,4.50785,,542.7797333333334,429.8828333333333,4.740733333333334,6.8105,10.6795,844.6295,1.2778333333333334,17.4105,2.3934,184.328175,4.3764,0.0801333333333333,0.0,44.65633333333333
Cambodia,1997,0.29,5.43,1059.8,5964.98,429.25,43.42,0.0,1568.58,474.12,0.26,1.75,8485.08,201.46,14631.458466666669,1567.9255,920.5316,11774.1961,12724.95335,10599.09695,69.0508,331.091,0.0,0.0,0.0,5977.743733333333,5037.340866666666,14470.8923,1593.746666666667,5039.2328,11796.983266666668,,735.2964666666667,0.0,18.360133333333334,,,360.5734,43.20283333333333,1142.919666666667,-741.1711,10495.831633333331,19.816,,2834.4751999999994,2673.9090333333334,922.8143333333334,341.267,791.29,5815.8377,0.0,424.0,5.558766666666667,921.026875,8427.6444,781.9163333333332,104.2775,438.9166666666667
Indonesia,1997,0.389,823.43,9192.37,22316.19,5458.38,4344.96,0.0,6841.86,0.0,1627.6,0.0,123323.1,17227.54,936934.4682333332,30432.812,45578.3995,746469.5446499999,832895.1536750001,194305.7967,610.618,3597.1365,198106.2755,190119.891,7986.3845,53254.456666666665,26535.20233333333,941216.9203,144073.66666666666,24211.9472,151301.93783333333,2286.3607,34514.17686666667,622220.9614500001,2123.84765,296.0664333333333,790.6999666666667,393.788025,1868.4557333333332,34818.42686666667,-6420.1605,85481.99226666667,7336.6775,,851452.4759666667,789914.9824666666,4105.365866666666,2712.275,6720.5325,1021760.4939,2446.6485666666667,2809.0,1423.216666666667,40556.854425,65952.138,368.0769333333333,9416.4835,17863.833333333332
Lao People's Democratic Republic,1997,0.253,3.43,1323.14,2670.65,226.12,0.0,0.0,7542.92,87.64,0.0,0.0,11032.35,237.67,8736.3215,971.278,288.6632333333334,6540.70405,9599.638633333334,5646.081933333334,23.29733333333333,129.002,0.0,0.0,0.0,1230.4715333333334,3521.303866666666,8264.697933333335,628.7266666666666,3605.1904,4798.905566666667,,675.5823333333334,0.0,7.328766666666667,,,209.3642,20.64453333333333,1257.334466666667,-281.9634,4782.7648,22.8607,,3953.556700000001,3465.7923666666666,574.7172666666667,234.6575,580.032,8370.6301,16.140766666666668,79.5,0.0281333333333333,342.1806,1654.1728,30.9894,27.5865,166.35
Malaysia,1997,0.643,133.0,1512.64,786.47,598.02,657.24,0.0,1195.03,0.0,8.42,0.0,23122.48,5119.51,42706.74813333333,4694.01125,3906.1072,27837.811125,71890.1106,44614.0779,24.040033333333337,151.0765,20608.5263,19777.5923,830.934,3698.5489333333335,2081.991133333333,30592.856933333333,46696.93333333333,1430.975,12955.649633333334,378.9112,342.2390666666667,4764.9467,866.7139999999999,5.401366666666667,,35.78210000000001,902.3183333333332,350.43726666666663,36390.322,5868.438933333334,1823.5495,,-33692.217300000004,17637.207300000002,611.7867333333334,327.7255,474.721,42355.0113,24.41433333333333,630.7,380.76580000000007,4893.168425,3461.5644,4.1908,1898.089,3597.933333333333
Myanmar,1997,0.196,45.42,4323.22,17194.62,1252.13,454.07,1.31,14399.69,58.5,1.68,0.86,28419.02,1070.28,73020.48263333333,6644.2655,4298.9966,59094.5744,60500.161025,32325.3867,203.17373333333333,1324.364,14793.6468,14190.5333,603.1135,17381.0072,17358.61793333333,73918.11206666667,5342.666666666667,18182.71,40383.61496666667,66.17285,4625.398266666667,810.74535,64.706775,0.0001,0.0,268.377425,86.1696,5768.580000000001,-5524.4725,35454.11686666667,145.64905,,37566.36576666667,33534.4971,2590.5742666666665,1154.8435,2814.512,85105.8058,199.3203333333333,781.75,1.2600333333333331,3655.99035,23694.9244,312.4356,747.4325,1588.3666666666668
Philippines,1997,0.412,84.55,2146.02,6956.95,1462.64,656.17,0.0,1417.87,0.0,150.65,0.0,11194.69,6306.2,37837.54886666666,6930.28,6251.339666666667,41695.34565,52960.40285,52324.89755,319.0412,1046.7235,0.0,0.0,0.0,27029.23086666667,9955.380866666666,45002.63139999999,25206.83333333333,8830.5364,37593.89286666667,105.2322,36.970666666666666,0.0,640.9049,47.71106666666666,767.3402000000001,1310.7542,793.747,49.22926666666667,-19720.9702,36990.20846666667,1814.1412,,847.3403999999999,7408.738533333333,2162.5649333333336,816.7035,2041.984,22115.3036,603.6844,911.6,93.73536666666668,7943.3721,35993.6948,5.594866666666667,3024.869,4542.900000000001
Singapore,1997,,9.26,3.94,23.36,9.54,5.88,0.0,1.21,0.0,0.16,0.0,8.22,4.67,-6.426566666666666,18.6295,138.5339,839.84385,18630.715575,18646.25485,,,0.0,0.0,0.0,10.2025,7.473133333333333,22.311566666666664,19390.66333333333,0.3444,22.25283333333333,,0.0587333333333333,0.0,398.27855,10.259533333333334,,147.685875,220.73443333333333,0.0587333333333333,-62.3333,14.292466666666664,3304.448,,-20.71903333333333,0.0587333333333333,1.6432,3.498,4.929,0.0,7.960366666666666,131.79333333333332,,823.110175,,0.0,10.2025,918.9933333333332
Thailand,1997,0.35,99.34,3959.95,24824.87,973.87,340.27,0.0,5335.3,11.54,30.4,0.24,11116.52,4846.1,49791.07383333333,9909.198,11423.304633333331,54153.85995,99957.622875,98154.57845,457.4179333333333,2126.9165,978.5646,937.3041,41.2605,34353.626266666666,12872.210733333332,51470.43896666667,64815.43333333333,12328.9712,49560.44406666667,569.0616,983.6437333333332,31.3751,1873.01295,393.8953666666666,3036.4873,747.209175,2056.4051000000004,1140.5966666666666,74.0301,47387.0146,6661.965,,2404.0592333333334,1909.9949000000004,2376.104933333333,1095.563,2319.598,2716.3033,1860.9947666666665,1955.7,141.29850000000002,15551.030725,44391.536,133.68826666666666,4325.86,8483.903333333334
Viet Nam,1997,0.277,83.21,1906.54,9867.31,882.97,177.94,0.0,5633.78,57.33,6.21,18.43,11491.53,2670.51,16444.894766666668,10229.2915,4341.160666666667,37598.069725,34498.728225,52659.09855,297.18013333333334,1885.5545,4077.079,3917.6285,159.4505,28340.1264,12161.967333333334,42757.5281,23131.2,10321.178,42552.53666666667,251.4901,107.64713333333331,146.01645,566.9093666666666,0.0,0.0,1349.335925,319.6036,303.8413333333333,-77762.6667,40658.72186666667,1039.08215,,-24213.8271,204.99143333333333,3219.8511333333336,1135.419,1956.601,0.0,587.9386333333333,617.45,262.6134666666667,5529.92365,35086.5984,50.312000000000005,5092.2665,4625.133333333333
Brunei Darussalam,1998,1.28,1.32,10.84,28.46,15.78,19.35,0.0,7.86,0.0,0.23,0.0,497.33,28.46,2428.2588,34.397,106.1081,2021.957625,4121.9917,2330.64645,0.0242666666666666,0.106,354.3696,340.3776,13.992,3.0302,27.226866666666663,2427.4686333333334,3002.5376666666666,12.5636,153.2576666666667,,217.67326666666668,2662.4918,91.445525,0.0,,4.344225,31.796900000000004,217.67326666666668,2.3705,39.79846666666666,5.68785,,2388.460333333333,2274.2109666666665,5.318466666666667,7.95,12.349,844.6295,0.0,17.4635,2.8500666666666667,201.35615,4.3764,0.2310666666666666,0.0,45.96633333333333
Cambodia,1998,1.427,5.57,1079.71,6011.69,429.25,43.42,0.0,1623.46,479.6,0.26,1.77,8348.17,211.22,16922.74413333333,1427.7935,934.9209,12225.92985,14638.9204,10692.8013,70.54206666666667,336.55,0.0,0.0,0.0,6023.861933333334,4757.2684,15255.565566666666,1766.6166666666668,4741.4976,11661.252,,1655.701,0.0,26.91756666666667,,,31.6156,57.18383333333333,3569.9365999999995,-741.1711,10354.592666666667,23.183066666666665,,5261.492133333333,3594.3135666666662,880.5952000000001,325.8705,747.618,5815.8377,0.0,527.35,5.574833333333333,784.255675,8575.6748,880.1374666666667,17.755,454.45
Indonesia,1998,0.989,844.3,9291.03,22360.17,5464.17,4350.48,0.0,6924.51,0.0,1637.44,0.0,122834.9,17448.44,600243.0168666667,31643.597,45244.054,493667.280425,569092.54265,184516.61315,662.1165333333333,3714.2135,199962.5869,191902.2674,8060.3195,57234.9598,24687.353333333333,604457.9904333333,130130.66666666669,23259.0848,153563.05966666667,2643.8578,22351.639266666665,131934.6903,2151.9472,282.755,724.9618,236.9414,2054.2439,22397.24553333333,-6420.1605,87475.11086666667,6662.530000000001,,512767.906,450894.9307666666,3736.8718,2234.9835,5931.6275,1021760.4939,2120.526333333333,3259.5,1392.5648,40323.7876,69442.5956,179.27093333333335,11702.453,17360.0
Lao People's Democratic Republic,1998,1.316,3.5,1330.97,2684.56,227.29,0.0,0.0,7473.27,87.66,0.0,0.0,11073.75,242.92,9943.597033333332,885.1,292.3496,6802.542525,10859.247633333332,5377.910199999999,24.454733333333333,132.7915,0.0,0.0,0.0,1256.0660666666663,3158.336533333333,8699.888033333335,640.2399999999999,3253.2164,4481.261333333333,,1428.4166666666667,0.0,8.651233333333332,,,78.7384,16.675533333333334,2785.1152,-281.9634,4462.2596,22.1109,,5481.337433333334,4218.6267,498.4806,210.4365,526.1045,8370.6301,19.00173333333333,132.5,0.0,277.6265,1698.858,47.87466666666666,15.7675,172.33666666666667
Malaysia,1998,1.237,137.4,1519.57,774.49,597.76,661.02,0.0,1202.76,0.0,8.46,0.0,23109.15,5122.21,56511.94933333333,5109.45175,3907.6423,38780.06925,79158.382,41661.12685,23.4627,142.517,20812.7673,19973.8568,838.9105,3905.4734,2033.8156666666664,44615.8989,41607.8,1472.5578,13560.4073,480.7193,3196.310133333333,20611.26655,1088.750025,5.024833333333333,,156.83745,959.7047666666668,3349.099133333333,36390.322,6053.5379,2378.42,,-22751.33485,31055.491600000005,563.4214666666667,305.6775,455.4025,42355.0113,386.8459,638.65,397.4653,5318.145075,3378.55,17.02873333333333,2300.8625,3827.7666666666655
Myanmar,1998,1.125,46.82,4331.97,17244.66,1253.13,456.98,1.31,14337.04,58.65,1.69,0.86,28413.95,1073.73,76662.22346666666,6748.3045,4335.486633333333,61152.494325,63468.3923,33003.437900000004,207.33146666666667,1348.585,14790.4387,14187.5637,602.875,17547.373266666666,17694.569933333332,76577.13456666667,5651.633333333334,18517.5676,40962.39503333333,76.63765000000001,6324.756466666667,1382.0717,70.59495,0.0005666666666666,0.0,276.7924,107.28223333333334,8442.259066666667,-5524.4725,36042.28426666666,142.1497,,40619.9392,35614.73953333333,2648.2208666666666,1180.6015,2871.3545,85105.8058,190.92286666666664,763.2,2.4803,3719.6434,23916.5892,398.4244000000001,744.8885,1612.3333333333333
Philippines,1998,1.22,86.22,2144.35,6912.72,1462.55,657.86,0.0,1417.66,0.0,151.17,0.0,11216.08,6327.13,33305.8804,6008.61,6295.664733333334,37479.66265,49173.3707,48461.2042,269.73066666666665,846.4895,0.0,0.0,0.0,22137.46386666667,10209.335466666666,40441.759633333335,24898.233333333337,9040.1248,32965.81283333333,117.9619,104.17893333333336,0.0,840.10625,45.338166666666666,708.4927666666667,268.518575,860.2465333333334,151.4442,-19720.9702,32356.325066666668,1632.2354,,949.5553333333332,7475.946800000001,2246.9902666666667,842.3025,2061.0905,22115.3036,609.4877666666666,919.55,103.89493333333331,7148.342925000001,29696.3828,9.525733333333331,2258.7275,4571.033333333333
Singapore,1998,,9.34,3.97,23.35,9.53,5.88,0.0,1.23,0.0,0.16,0.0,8.1,4.67,-4.570233333333333,21.677,140.4218,806.874875,19169.045325,19184.5916,,,0.0,0.0,0.0,13.568,7.1128,24.791166666666665,16243.156666666668,0.21,24.741766666666667,,0.0494,0.0,387.078375,10.024,,122.27225,221.46203333333327,0.0494,-62.3333,16.158133333333335,6172.108,,-20.728366666666663,0.0494,1.5668,3.3655,4.7435,0.0,8.583633333333333,126.14,,788.2815,,0.0,13.568,964.5233333333334
Thailand,1998,1.397,100.48,3977.01,24985.74,976.97,342.46,0.0,5355.2,11.59,30.42,0.24,11042.12,4716.17,49256.02416666667,10208.489,11295.291266666669,52920.0228,94849.283125,91755.2881,453.5297333333333,2098.111,939.7454,900.0749,39.6705,33577.64653333333,11358.010333333334,51120.9585,59901.26666666666,10613.1732,47773.680400000005,574.514,2346.0794666666666,143.6463,1853.11325,256.5538666666667,2567.1325666666667,548.01815,1808.0878333333333,2799.4264000000003,74.0301,45130.697466666665,5610.469999999999,,4125.3267000000005,3347.2781,2231.1082,1016.381,2060.8255,2716.3033,2342.9579666666664,1727.8,118.99333333333334,14579.303925,42594.566,168.57406666666665,4993.501,8675.926666666666
Viet Nam,1998,1.28,85.4,1924.73,9803.63,883.99,179.75,0.0,5641.09,57.52,6.21,18.43,11388.16,2806.87,19569.748033333333,11845.341,4406.8258,38495.992625,37964.971725,55378.56265,306.3106666666667,1985.8305,4077.0782,3917.6277,159.4505,30211.56613333333,12370.095266666664,45194.9961,24147.466666666664,10454.0128,44695.86893333334,466.5706,307.80306666666667,286.98615,719.4329666666667,0.0,0.0,249.055975,338.5558,1205.5676666666666,-77762.6667,42787.86926666667,1251.0832,,-23218.12123333333,499.12716666666665,3297.042066666667,1163.615,1991.9255,0.0,602.1237666666666,683.7,180.58113333333336,4599.74555,36327.536,99.92333333333332,6544.5195,4778.836666666667
Brunei Darussalam,1999,0.542,1.35,11.05,28.89,14.38,19.65,0.0,8.08,0.0,0.26,0.0,497.08,28.89,466.0262666666667,40.651,106.4629,535.450675,2843.4565500000003,2526.3779,0.0112,0.053,361.927,347.6435,14.2835,1.2766666666666666,32.41753333333333,465.2361,3257.186333333333,12.2612,159.1359,,2.8508666666666667,32.55925,75.15615,0.0,,6.105325,31.438266666666664,2.8508666666666667,2.3705,43.25473333333333,7.545349999999999,,422.77153333333337,306.10020000000003,6.702266666666667,10.4675,15.847,844.6295,0.0,15.6615,2.448566666666667,186.5236,1.848,0.0344666666666666,0.0,47.56133333333333
Cambodia,1999,0.322,5.72,1107.68,6097.5,429.29,43.53,0.0,1679.82,495.78,0.26,1.77,8142.06,230.72,16580.704533333334,1475.1755,945.8149333333334,12345.765025,14296.066,11235.9341,75.87400000000001,372.272,0.0,0.0,0.0,6381.640666666666,4856.844333333333,15415.9959,1797.6266666666668,4870.9024,12500.528666666669,,976.8546666666666,0.0,26.07603333333334,,,23.8923,51.5285,2388.6203333333333,-741.1711,10857.071,30.7168,,4080.175866666667,2915.4672333333333,874.3051999999999,332.045,770.8585,5815.8377,0.0,263.94,5.676566666666667,783.7681,9086.3808,1262.0436666666667,0.0,476.41333333333336
Indonesia,1999,0.278,862.31,9338.88,21714.65,5466.51,4359.04,0.0,6970.75,0.0,1647.7,0.0,122640.5,18155.05,536315.0460333334,30298.616,45299.72316666666,446688.4091,532677.1020249999,195244.4423,645.8858,3760.0055,201130.2144,193020.7639,8109.4505,57450.07406666666,23475.654466666663,541119.9988000001,144529.0,22120.9324,153473.1329666667,3029.9835,2738.6407333333336,66482.0907,2400.53285,328.09156666666667,816.1944,182.084675,2123.6031,2801.786733333333,-6420.1605,86404.83306666666,7076.817499999999,,449910.2129666666,387646.8658333334,3525.1442,2143.638,5661.2215,1021760.4939,2728.0452666666665,3471.5,1443.4498333333331,40848.41,70821.9764,72.78653333333334,10624.3005,17642.0
Lao People's Democratic Republic,1999,0.58,3.57,1352.15,2741.72,227.05,0.0,0.0,7335.72,87.95,0.0,0.0,11122.54,253.23,9013.772433333334,859.183,295.99983333333336,6540.599125000001,9925.579833333331,5296.212333333334,27.52313333333333,158.947,0.0,0.0,0.0,1466.1727333333336,2873.2682,8323.433433333334,654.5233333333334,2951.0012,4403.530333333333,,1129.6930666666667,0.0,9.781166666666666,,,110.0204,18.237266666666667,1933.1452666666669,-281.9634,4384.404933333333,22.2111,,4629.367499999999,3919.9031,455.7520666666667,193.874,481.399,8370.6301,19.125400000000003,95.93,0.0,298.024025,1974.0672,44.96213333333333,24.963,178.5233333333333
Malaysia,1999,0.443,141.61,1530.5,776.2,595.47,666.36,0.0,1214.38,0.0,8.46,0.0,23080.35,5119.48,41532.69733333333,4882.042,3924.5607,27794.479025,66974.17300000001,40483.225600000005,23.7234,147.923,21183.2391,20329.9126,853.3265,3768.8922,1871.1839333333332,29530.99626666667,39807.2,1425.9588,13120.226866666666,588.7157,152.7498,3209.5237500000003,1136.93875,4.3821,,216.913675,1169.73,156.49873333333332,36390.322,5805.0104,2576.8,,-39171.25009999999,16410.7694,431.9956,290.97,459.8015,42355.0113,132.1552,673.1,428.2612333333333,5646.231825,3468.6484,2.473666666666667,1999.6105,4074.533333333333
Myanmar,1999,0.836,48.06,4355.32,17398.24,1254.77,468.55,1.31,13475.41,57.31,1.69,0.86,29090.96,1068.31,79740.82696666667,7020.221,4379.782566666666,63265.824975,65968.020475,35284.0153,234.9152,1566.9185,14771.5889,14170.0124,601.5765,19880.265333333333,18138.7412,79336.43096666667,5872.233333333334,18955.2524,43738.8821,87.9348,6295.542866666667,1400.1061,68.140125,0.0,0.0,282.490975,108.5537,8728.154266666666,-5524.4725,38828.82006666667,158.15025,,40912.0069,35597.54886666667,2727.2502666666664,1216.191,2945.8195,85105.8058,186.72456666666665,718.15,3.5346333333333333,3763.50175,27211.3912,408.74486666666667,689.7155,1654.6666666666667
Philippines,1999,0.448,87.92,2142.96,6864.44,1462.53,660.77,0.0,1419.02,0.0,151.75,0.0,11241.64,6344.71,38861.697466666665,6589.3575,6360.010633333334,41489.399975,53407.4974,52776.9496,320.4038,1089.945,0.0,0.0,0.0,27793.971666666668,10219.064733333336,46015.9116,24925.266666666663,9092.916,38617.06013333333,131.8829,27.0836,0.0,733.17515,45.441966666666666,593.1331333333334,248.208625,872.5110666666668,42.61926666666667,-19720.9702,38020.96706666666,1629.9743,,840.7303999999999,7398.851466666667,2257.9364,816.5975,2032.179,22115.3036,596.0930666666667,850.65,79.71856666666666,6977.46625,37469.7708,7.930666666666667,2650.636,4682.633333333333
Singapore,1999,,9.4,3.98,23.3,9.51,5.88,0.0,1.23,0.0,0.16,0.0,8.11,4.66,-4.929766666666667,21.041,140.67823333333334,887.5237,18374.876175,18390.4427,,,0.0,0.0,0.0,12.9055,7.221933333333333,25.237366666666663,16810.77,0.3388,25.21496666666667,,0.0224,0.0,410.628775,10.1543,,176.83044999999998,224.01603333333333,0.0224,-62.3333,15.8256,4947.676,,-20.755366666666667,0.0224,1.5724,3.3655,4.77,0.0,9.389366666666666,124.37333333333332,,868.5956749999999,,0.0,12.9055,972.72
Thailand,1999,0.368,101.44,3999.03,24943.89,978.88,343.9,0.0,5284.32,11.61,30.35,0.24,11051.91,4792.82,49014.57146666667,11003.436,11378.4944,53434.969575,97608.7781,95464.35685,457.375,2173.424,935.2319,895.7469,39.485,35607.28773333333,10336.179533333334,51412.40709999999,62194.466666666674,9523.2172,49133.373966666666,584.2585,1358.8266666666666,22.15805,1853.494225,303.45476666666667,2831.6523,555.68835,1796.2377333333332,1615.7628666666667,74.0301,46155.343133333336,6538.662,,2859.228333333334,2279.0331333333334,2063.044066666667,973.0535,1913.406,2716.3033,2679.4485333333337,1587.35,117.38343333333334,14875.664250000002,44647.3748,185.57206666666664,5904.0675,9159.55
Viet Nam,1999,0.718,87.64,1954.66,9815.05,883.11,183.43,0.0,5690.94,57.41,6.22,18.31,11201.92,2897.07,20446.432666666668,12233.6985,4467.516766666667,39617.099925,39562.08865,57435.80959999999,321.688,2098.058,4079.7834,3920.2269,159.5565,31439.53093333333,12618.8514,46565.80993333333,24918.43333333333,10598.8932,46164.34653333334,690.7623,234.69073333333333,250.159,717.3424,0.0,0.0,259.33842500000003,365.6017,615.746,-77762.6667,44278.0606,1401.08415,,-23831.627933333337,401.4634,3405.3626,1195.786,2025.554,0.0,579.5436333333333,651.9,130.4902,4692.742475,37823.9624,113.30726666666668,6754.744,5081.873333333333
Brunei Darussalam,2000,0.47,1.42,11.09,28.96,14.21,19.65,0.0,8.11,0.0,0.24,0.0,497.0,28.96,477.4491666666666,45.58,106.70993333333332,546.2962249999999,2767.091225,2444.2979,0.0130666666666666,0.053,361.927,347.6435,14.2835,1.5575333333333334,35.9884,476.65899999999993,3135.4906666666666,11.0488,162.9392333333333,,3.975533333333333,42.3016,72.908825,0.0,,10.4765,31.67773333333333,3.975533333333333,2.3705,47.05806666666667,12.76785,,430.3911,313.71976666666666,7.793533333333333,12.5875,18.656,844.6295,0.0,15.423,2.1678666666666664,188.801975,2.2372,0.0074666666666666,0.0,49.20933333333334
Cambodia,2000,0.193,5.89,1131.5,6170.65,429.71,43.6,0.0,1713.2,538.92,0.26,1.77,7965.14,233.48,15344.979533333331,1769.9085,955.4227,11548.595125,13454.57505,10692.72565,76.36976,356.213,0.0,0.0,0.0,5851.138,5073.319266666666,14327.502566666668,1842.7833333333333,5106.159799999999,11662.637533333334,,726.2524666666667,0.0,27.14366666666667,,,24.531825,50.47486666666668,1990.9103333333333,-741.1711,10544.386833333332,48.55053333333333,,-3564.9331,2664.865033333333,806.7184333333333,345.083,819.221,5815.8377,0.1238666666666666,312.7,4.874033333333333,802.9682,8316.0896,738.0563999999999,0.0,494.65333333333336
Indonesia,2000,0.266,883.44,9341.03,21323.78,5473.25,4360.53,0.0,6976.49,0.0,1649.76,0.0,122724.6,18422.53,502794.00093333336,24690.156000000003,45425.23856666667,422548.923175,504775.5932,192008.6432,871.8225666666667,3770.844,239367.65805,235314.19155,8106.933,56924.49126666666,23389.465666666667,508135.2537666666,136635.66666666666,19288.3334,153343.68869999997,3362.2646,798.6047333333332,67263.12903333333,2667.0804,287.0314666666667,710.7002333333334,230.16855,2364.4621666666667,845.2321333333333,-231827.58025,71903.26546666666,8149.067499999999,,518060.2925,354791.56506666675,2502.1685666666667,2394.434,5994.777,870916.7469500001,3247.8267333333333,3604.0,1492.1245333333334,41447.48285,69814.3712,52.822,10838.924,20336.36666666667
Lao People's Democratic Republic,2000,-0.011,3.64,1363.76,2761.08,227.18,0.0,0.0,7227.71,88.35,0.0,0.0,11209.12,243.09,8617.877433333333,1480.25025,299.1053,6479.807475,9704.831633333331,5708.104533333334,17.39836,164.035,0.0,0.0,0.0,1468.8112666666666,3114.841733333333,8144.744266666666,792.6233333333333,3003.637,4640.4266333333335,,714.1075999999999,0.0,10.024266666666666,,,124.509575,19.850666666666665,1300.5048666666669,-281.9634,5339.885166666666,24.3613,,13175.490325,3504.3176333333336,443.15644,211.1255,521.732,8370.6301,19.2763,140.185,0.0060333333333333,371.249275,1978.998,37.49733333333334,17.808,184.63333333333333
Malaysia,2000,0.43,145.85,1540.54,770.07,594.91,667.28,0.0,1224.44,0.0,8.51,0.0,23053.04,5128.18,41724.83153333334,5035.54325,3943.398233333333,28331.45975,72606.84865,45987.04755,23.94813333333333,152.6665,21736.4481,20861.3916,875.0565,3742.530666666667,1903.4775333333332,29719.96553333333,45993.5,1444.3002,13315.690466666669,686.72,160.8156,3187.68355,1170.335625,5.9265333333333325,,481.069175,1232.1075,165.70413333333332,-99426.984,5849.248366666667,3236.275,,-30522.1314,16404.275066666665,442.3556333333333,297.807,470.322,48326.92065,130.1298666666667,739.35,443.1021666666666,6041.4856,3500.2632,2.3665333333333334,1923.3965,4282.866666666666
Myanmar,2000,0.143,49.51,4372.55,17459.99,1258.32,470.78,1.31,12967.54,57.28,1.69,0.91,29543.07,1037.84,76950.2675,4793.492249999999,4424.679733333333,61895.220675,64250.701525,36272.259600000005,119.3658,1628.1865,14769.2471,14167.8031,601.444,20339.88193333333,18580.185266666667,77396.37743333333,6325.033333333333,15352.6576,44530.78893333333,97.67105,3560.0663333333337,1405.38035,66.99810000000001,0.0082333333333333,0.0,314.903475,126.98666666666666,5117.956866666666,-5524.4725,29559.92946666667,177.6509,,837.271174999998,32865.588500000005,1908.6720666666668,1253.1055,3020.841,85105.8058,162.50963333333334,694.3,4.592533333333333,3847.9376,27613.936,324.66606666666667,910.4075,1692.5666666666668
Philippines,2000,0.565,89.75,2134.93,6803.94,1461.48,661.77,0.0,1414.42,0.0,151.91,0.0,11305.03,6352.5,39307.78826666666,7169.6015,6423.657766666666,42035.458675,54942.313550000006,54307.770650000006,437.2374333333334,1111.7545,0.0,0.0,0.0,28068.235,10388.7788,46412.19876666667,26379.33333333333,9011.394,39004.411433333335,143.4192,36.019466666666666,0.0,789.665525,51.580233333333325,593.5077,384.2777,855.3450666666668,47.94606666666667,-19720.9702,33826.78886666666,1691.47235,,-25643.2996,7407.787333333334,2677.5125666666668,834.0345,2065.1715,22115.3036,542.6803666666667,818.85,97.92473333333334,7226.3096,37828.0532,4.734933333333333,2693.5925,4768.099999999999
Singapore,2000,,9.46,3.95,23.24,9.51,5.89,0.0,1.2,0.0,0.16,0.0,8.17,4.65,-7.649566666666666,16.9865,141.25813333333335,1046.9791,18370.826825,18386.40455,,,0.0,0.0,0.0,8.851,7.221933333333333,23.1403,16557.756666666668,0.3388,23.132833333333338,,0.0074666666666666,0.0,443.46915,11.263333333333335,,301.301225,227.28296666666668,0.0074666666666666,-62.3333,13.120733333333334,5145.974,,-20.7703,0.0074666666666666,1.5705333333333331,3.3655,4.77,0.0,10.0121,132.14666666666668,,1029.623875,,0.0,8.851,950.8833333333332
Thailand,2000,-0.014,102.86,4008.45,24922.22,987.63,346.57,0.0,5284.14,11.61,30.34,0.24,11022.05,4822.29,47214.34923333333,10223.6205,11340.669199999998,52224.039725,97990.600925,96334.5481,455.2336666666667,2236.3615,923.2155,884.234,38.9815,34874.9308,9968.3468,49713.5472,63715.466666666674,9023.2352,47983.663,582.6986,812.0448666666666,18.60735,1958.446575,359.2690333333333,2944.597533333333,493.733875,1745.5545333333332,970.8097333333334,74.0301,45006.2788,7113.209000000001,,2208.0704333333338,1729.8841999999995,2052.8968666666665,977.7705,1872.172,2716.3033,2682.639533333333,1582.05,64.6084,14938.879324999998,44294.852,137.0098,5098.335,9185.339999999998
Viet Nam,2000,0.112,90.04,1982.88,9729.76,885.01,184.7,0.0,5759.9,57.51,6.22,18.31,11040.1,3041.34,21199.706666666665,12575.628,4544.7836333333335,40376.906575,41751.22005,59610.1667,836.0706666666666,2154.6885,4099.9671,3939.6156,160.3515,31902.084133333334,12917.325933333334,47140.976200000005,26229.533333333336,10473.3538,46885.6261,904.6185,133.24706666666663,183.15455,841.7539,0.0,0.0,431.142575,396.7066,673.6518,-77762.6667,49037.434433333336,1884.08505,,-14893.899149999996,255.3501,3991.97752,1267.3625,2085.815,0.0,560.7853666666666,691.65,35.258633333333336,5021.174425,37886.7272,85.32446666666667,7327.4885,5265.84
Brunei Darussalam,2001,0.587,1.48,10.6,24.52,14.19,19.78,0.0,7.78,0.0,0.24,0.0,500.39,30.65,473.9972333333333,48.76,107.05363333333332,597.147275,2941.881025,2624.66255,0.0149333333333333,0.0795,330.6962,317.6317,13.0645,1.8151333333333333,40.507,521.3395666666667,3364.9266666666667,11.9364,156.9165,,0.2729999999999999,26.04495,85.36257499999999,0.0,,14.1389,33.12563333333333,0.2729999999999999,-142.027,51.03926666666666,17.09285,,422.95796666666666,364.4230666666666,8.807266666666667,14.3895,21.2265,1040.3603,0.0,15.2905,2.0091,206.1426,2.6208,0.0056,0.0,50.6
Cambodia,2001,0.54,6.06,1158.99,6257.49,429.7,43.36,0.0,1738.19,548.19,0.26,1.77,7813.35,236.77,15238.782633333334,1484.053,965.9096666666666,11749.862324999998,13643.685125,10946.6137,72.89793333333334,367.6875,0.0,0.0,0.0,6086.7864,4866.568,14564.368433333331,1958.04,4882.6848,11642.811266666666,,1058.6919333333333,0.0,28.8678,,,33.948725,58.876666666666665,2146.5396666666666,-1239.929,10524.057033333333,61.217533333333336,,3596.095233333333,2921.557166666667,867.1834666666667,336.2585,780.107,5588.5957,0.1238666666666666,633.35,3.1956333333333333,826.586,8653.1452,689.3506666666667,0.0,511.3066666666667
Indonesia,2001,0.505,919.79,9321.42,20651.54,5488.72,4353.16,0.0,6957.0,0.0,1654.01,0.0,122932.0,18877.73,104481.99596666668,31202.213,45584.7393,167154.8652,217902.711975,203112.1835,618.9903333333333,3647.831,240989.7732,236949.9807,8079.585,55623.21466666667,23696.0686,167347.03376666666,151630.66666666666,21598.9536,151400.54143333333,3722.4898,137.12813333333335,32771.03086666667,2528.025775,286.6978,696.6206333333333,239.966975,2471.0229,147.90886666666668,-344941.33335,84761.29133333334,8961.89,,19720.70463333333,15946.492333333334,3499.343533333333,2523.0915,6173.0425,62804.5,2524.9296333333336,3180.0,1555.552233333333,41644.589875,68079.816,55.63573333333333,10778.663,20355.1
Lao People's Democratic Republic,2001,0.61,3.95,1382.59,2795.64,227.27,0.0,0.0,7258.2,88.71,0.0,0.0,11134.11,233.45,-16016.2036,964.759,302.4979666666666,6928.2720500000005,-14892.262600000002,5919.733133333334,28.799000000000003,171.19,0.0,0.0,0.0,1535.4155333333335,3219.311733333333,8683.148833333335,839.4566666666666,3310.2384,4817.831966666667,,145.3476,0.0,11.404966666666668,,,164.96567499999998,20.69003333333333,221.22646666666665,-74259.5744,4795.792133333333,24.3615,,-20811.995733333333,3865.3168666666666,506.31846666666667,217.989,541.2625,11159.9078,22.03983333333333,116.865,0.0,415.910425,2054.3908,41.08253333333334,34.3175,190.33333333333331
Malaysia,2001,0.623,159.65,1547.84,773.76,595.96,669.53,0.0,1231.73,0.0,8.61,0.0,23041.7,5104.01,36208.8135,4347.25875,3962.258466666666,24792.741075,70790.747625,48288.3164,23.719666666666665,148.4,22267.7861,21371.7681,896.018,3593.672466666667,2013.7844666666667,24406.347833333333,48690.19999999999,1469.6416,13453.558733333331,790.5124,7.9614,117.203,1327.605975,6.487066666666666,,680.9048,1334.1238666666666,7.9614,35779.5895,5592.1126,3338.8375,,-36332.403775,10952.789100000002,470.2456666666667,334.43,517.8365,32600.0771,124.06416666666668,702.25,406.2525,6487.9802,3374.5208,0.7696000000000001,1831.415,4568.7
Myanmar,2001,0.592,50.77,4410.0,17481.64,1257.1,471.58,1.31,12952.79,57.64,1.72,0.94,29424.11,1111.19,69774.15936666667,4678.7605,4443.277766666666,56862.506425,58582.862925,36371.134000000005,123.02546666666666,1675.3565,14772.4995,14171.0555,601.444,20363.077533333333,19080.780666666666,70731.90693333333,5993.900000000001,16496.0978,45041.58473333333,108.21885,1900.520533333333,1663.2898,56.2288,0.0377,0.0,292.97360000000003,101.7727,2885.538,-5350.1588,30029.512466666667,154.7934,,-2930.7385749999994,25690.3222,1765.11588,1299.825,3112.1335,68042.8254,159.37876666666668,614.8,1.9308666666666665,3813.576225,28092.7276,313.69806666666665,408.312,1726.1666666666667
Philippines,2001,0.641,92.21,2133.78,6762.24,1460.88,662.08,0.0,1413.82,0.0,151.72,0.0,11322.1,6376.91,34722.89196666667,6857.5375,6489.474799999999,42849.7323,51212.038575,54312.9197,311.6696,1136.7175,0.0,0.0,0.0,28325.281866666668,10516.8318,47173.4171,26155.36666666667,9305.814,39380.52566666666,156.1403,1.9444666666666668,0.0,826.796575,54.5744,621.6850666666667,485.775825,906.1111,2.714066666666667,-35784.5076,38857.400133333336,1484.6696000000002,,-4134.508166666667,7792.891433333334,2365.3294666666666,845.933,2075.5065,23372.8409,523.1255333333334,800.3,85.57076666666667,7469.669475000001,38084.3204,15.286466666666668,2799.3805,4891.366666666667
Singapore,2001,,11.32,4.12,21.94,9.47,5.15,0.0,1.2,0.0,0.16,0.0,8.49,4.39,6.504033333333335,16.059,143.15563333333333,1219.7375,19328.188025,19332.77135,,,0.0,0.0,0.0,7.473,7.615466666666667,22.7312,16829.899999999998,0.3696,22.7312,,0.0,0.0,450.5679750000001,10.4767,,463.178,231.6251,0.0,-18.3333,12.615133333333333,5758.75,,-6.1111,0.0,1.6627333333333334,3.551,5.035,0.0,10.116066666666669,126.67,,1202.6891,,0.0,7.473,1129.51
Thailand,2001,0.579,111.26,4021.0,24915.9,989.52,347.45,0.0,5310.27,11.78,30.77,0.23,10954.13,4846.09,47516.132866666674,10658.8035,11329.7362,53138.1936,102318.74915,101108.19315,460.9694,2384.4965,967.6392,926.8822,40.757,35874.157333333336,9823.7394,50897.07853333334,67166.86666666665,8803.2392,49746.401966666665,585.8231,245.3278,0.0,2083.97005,366.0438666666666,3043.3108,268.7446,1717.710466666667,326.11393333333336,220.9537,45902.0582,8364.332,,1614.0746666666666,1150.6765666666668,2060.2339333333334,984.157,1857.862,2716.0463,3535.383033333333,1568.8,164.8178333333333,14965.3847,45343.7544,176.99013333333335,5391.531,9543.69
Viet Nam,2001,0.655,94.53,2004.95,9646.44,882.52,187.22,0.0,5890.49,57.72,6.21,18.31,10827.2,3180.18,49182.694333333326,11522.2265,4594.8484,39367.2008,65138.121750000006,60762.0348,316.31600000000003,2129.54,4139.5584,3977.6699,161.8885,30332.79633333333,12824.0296,45301.5742,28694.733333333337,10247.9048,45243.148,1126.3264,58.4262,0.0,943.3253333333332,0.0,0.0,576.678675,427.3303333333333,212.78153333333333,12888.3333,43347.91173333333,2287.586,,5834.7826,58.4262,3749.150733333333,1306.344,2058.0695,0.0,569.3463,726.1,78.17576666666666,5391.020149999999,37028.7988,83.15826666666666,5866.3845,5439.22
Brunei Darussalam,2002,0.699,1.54,10.51,24.35,14.19,19.82,0.0,7.7,0.0,0.24,0.0,500.84,30.44,453.0056,46.1895,107.45566666666669,592.243825,2538.26255,2234.84535,0.0149333333333333,0.0795,328.3205,315.3355,12.985,1.9940666666666669,37.800466666666665,500.3479333333333,2840.97,11.452,153.56116666666665,,0.0,0.0,92.436175,0.0,,17.6122,34.5785,0.0,-142.027,48.449333333333335,21.22035,,404.55626666666666,346.78676666666667,8.153133333333333,13.303,19.716,1040.3603,0.0,14.4425,0.5451666666666667,216.982875,2.7804,0.0,0.106,52.452333333333335
Cambodia,2002,0.772,6.27,1179.22,6343.69,429.5,43.23,0.0,1743.78,559.87,0.26,1.77,7669.36,257.18,17274.738833333333,1540.604,972.7752,12652.305375,15140.430025,11071.16545,73.72893333333333,357.9885,0.0,0.0,0.0,6152.8102,4936.953533333333,15756.444433333332,1955.17,4955.6108,11849.1766,,2044.4026,0.0,29.6975,,,42.6278,49.21063333333333,3976.1305333333335,-1239.929,10747.326366666666,75.18453333333333,,5425.6861,3907.267833333333,874.6612,342.645,795.212,5588.5957,0.1238666666666666,535.3,4.775666666666667,834.9720500000001,8715.8484,759.2871333333333,44.7585,525.2800000000001
Indonesia,2002,0.63,934.15,9344.77,20324.12,5486.14,4354.36,0.0,6969.41,0.0,1659.95,0.0,122824.4,19258.12,315851.3776333333,32342.349,45832.39116666666,326147.410775,375008.615725,203264.62405,608.2994666666667,3682.493,242257.7673,238188.01655,8139.5015,55797.077,24865.017866666665,378586.9205666667,147555.0,21982.6908,154025.65846666667,4721.5759,2236.855266666667,322908.7401666666,2644.84105,242.15556666666663,622.1309333333332,257.20635,2483.1895666666665,2422.459933333333,-349530.83335,86859.38873333334,9458.9325,,228991.9889,224561.2621,3793.3396666666663,2900.372,6724.428,79485.0,2570.2587,4293.0,1653.1711000000005,42207.22035,68205.1188,770.9771999999999,10895.5545,21131.2
Lao People's Democratic Republic,2002,0.578,4.3,1396.05,2819.52,227.33,0.0,0.0,7321.28,88.85,0.0,0.0,11041.6,225.01,-15250.865866666669,997.46,306.3163333333333,7382.59325,-14082.864733333336,6076.431666666666,28.578866666666663,174.1315,0.0,0.0,0.0,1521.4662666666666,3314.5057333333334,9230.722333333331,870.25,3380.146,4929.9058,,580.8472666666667,0.0,12.127566666666668,,,203.939275,22.3603,873.9258,-74259.5744,4908.430533333333,54.011700000000005,,-20159.2964,4300.816533333334,535.3150666666667,229.808,558.832,11159.9078,21.47526666666667,98.315,0.0120666666666666,459.5515,2030.5376,72.44086666666666,34.6885,196.2
Malaysia,2002,0.726,169.7,1554.36,839.97,594.35,671.34,0.0,1238.56,0.0,8.81,0.0,23033.25,5022.47,39876.3715,5115.46725,3994.572633333333,28014.900275,75021.738625,50035.98095,24.052166666666665,152.9315,22600.8622,21691.6472,909.215,3928.4778666666666,2020.1842,28069.97453333333,49026.06666666667,1400.6258,13912.791866666666,851.8967,50.52813333333333,4859.94325,1547.82205,6.957333333333334,,843.8349,1364.8189666666667,50.61013333333333,35779.5895,6017.7173,4256.985,,-38934.03232500001,14157.182666666668,487.57573333333335,359.287,546.8805,32600.0771,120.21486666666668,728.75,444.0355,6962.419375,3399.0684,7.204866666666667,2304.3075,4964.733333333334
Myanmar,2002,0.626,52.33,4430.07,17322.41,1269.95,472.22,1.31,13027.96,58.34,1.74,0.94,29267.92,1315.6,69686.71216666666,4660.422500000001,4467.2023,57033.6274,58700.45327500001,36715.86005,122.7275,1682.803,14773.3533,14171.9093,601.444,20114.604333333333,19632.8456,70877.1106,6252.766666666666,16971.1234,45241.48653333334,102.8877,2188.405733333333,1149.4148,68.76155,0.0671333333333333,0.0,305.026975,126.0922,2924.989133333333,-5350.1588,30263.20746666667,169.91915,,-2865.486775000001,25635.624066666667,1823.81584,1346.836,3214.026,68042.8254,143.59556666666666,482.3,7.387766666666668,3875.79445,27943.5856,225.5086,178.186,1779.7
Philippines,2002,0.541,93.58,2136.89,6731.37,1459.43,662.84,0.0,1416.16,0.0,151.82,0.0,11312.81,6410.83,34711.9819,6598.288,6551.462299999999,42923.561975,51621.668425,54691.53569999999,304.71586666666667,1137.5125,0.0,0.0,0.0,27970.983,10790.791933333334,47162.59796666666,25877.166666666668,9485.0756,39355.53346666667,162.9544,16.117533333333334,0.0,806.003875,48.21863333333334,576.7116666666667,568.50405,939.6466666666666,44.065866666666665,-35784.5076,38805.13826666667,2037.232,,-4093.1563666666666,7807.064499999999,2464.6990666666666,880.0915,2123.975,23372.8409,550.3951999999999,760.55,65.78336666666667,7551.6135,37905.1792,43.361466666666665,2456.709,5016.400000000001
Singapore,2002,,13.39,4.29,20.31,9.43,4.63,0.0,1.19,0.0,0.14,0.0,8.78,4.06,3.527366666666666,11.0505,143.95273333333333,1323.8863,15525.665025,15530.24835,,,0.0,0.0,0.0,0.3445,9.4088,19.49483333333333,16099.24,0.3416,19.49483333333333,,0.0,0.0,468.825325,10.0517,,552.03745,230.5321,0.0,-18.3333,9.638466666666666,2404.782,,-6.1111,0.0,2.0437333333333334,4.452,6.254,0.0,9.856366666666668,119.07333333333334,,1309.265175,,0.0,0.3445,1272.67
Thailand,2002,0.59,119.72,4034.33,24879.68,987.98,348.59,0.0,5356.28,12.15,30.76,0.23,10871.37,4897.3,47499.6441,11217.4235,11416.035666666668,53630.7802,106410.913075,104684.27775,446.5181333333333,2295.0325,972.1523,931.2098,40.9425,34779.527,10192.9892,51070.26046666666,70519.59999999999,9188.4044,49272.948533333336,591.53,700.9447999999999,286.52755,2106.09125,399.73603333333335,3224.360533333333,268.241925,1814.2694333333336,821.7588000000001,220.9537,45197.46366666667,9698.63,,2302.180433333333,1797.3119333333332,2129.0702666666666,1002.5215,1904.9525,2716.0463,3765.0816,1486.65,220.09076666666667,15328.08485,43230.5328,197.6348,5973.9745,9939.366666666669
Viet Nam,2002,0.704,100.81,2020.08,9621.01,883.17,187.46,0.0,5949.48,57.75,6.2,18.31,10725.54,3225.95,51619.53916666666,12153.801,4656.193966666667,41374.026175,69584.543775,64021.8676,323.3556,2240.734,4156.8795,3994.302,162.5775,30718.7204,13260.937333333331,47642.61873333333,31206.966666666664,10505.6672,46179.523400000005,439.868,160.45426666666663,1953.9616,1156.6175333333333,0.0,0.0,700.1977,525.1588333333333,486.7154,12888.3333,44202.6376,2865.0869,,7416.901566666666,1463.0953333333334,3934.292866666666,1361.464,2122.8355,0.0,645.4517999999999,776.45,104.55956666666668,5642.062125,37086.1232,114.59486666666668,6266.19,5615.136666666666
Brunei Darussalam,2003,0.828,1.65,10.1,23.41,14.13,19.9,0.0,7.41,0.0,0.24,0.0,503.54,29.26,518.867,50.1645,107.85533333333336,656.4829,2873.62385,2524.62155,0.0224,0.106,313.9397,301.5377,12.402,3.1206,41.99853333333333,566.2093333333333,3213.824333333333,12.082,154.04316666666668,,1.0239333333333334,96.5332,100.967375,0.0,,21.2951,36.14676666666666,1.0239333333333334,-142.027,53.5306,25.94285,,465.3364,412.1661666666666,9.139866666666666,15.0255,22.207,1040.3603,0.0,15.5025,2.082733333333333,231.8259,4.088,0.1453333333333333,0.424,53.88166666666667
Cambodia,2003,0.611,6.51,1183.37,6421.13,429.53,43.22,0.0,1701.19,566.78,0.26,1.77,7620.05,260.32,18899.7307,1627.895,980.7908666666666,13654.58685,16482.776675,11894.7801,83.018,426.756,0.0,0.0,0.0,6917.890200000001,5095.2116,17071.847033333335,2028.49,5094.8044,12782.525799999998,,2426.456,0.0,32.175133333333335,,,52.815575,47.7356,4667.7732000000005,-1239.929,11475.340966666668,91.5182,,6117.328766666666,4289.321233333333,917.0666666666666,354.623,817.79,5588.5957,0.1238666666666666,625.4,3.146333333333333,850.701575,9796.8556,769.2806,28.726,540.3633333333333
Indonesia,2003,0.646,941.58,9382.23,20020.57,5479.91,4358.23,0.0,6996.84,0.0,1670.43,0.0,122665.6,19640.05,160459.4541,33039.5375,46058.360133333335,211209.456,262522.548075,206628.02405,620.7092,3758.654,244122.84405,240002.17355,8241.341,56221.17673333333,23996.96013333333,224386.35113333337,152470.0,21085.4896,154925.3021,4756.996,510.1216666666666,112975.92736666666,3062.9628,233.95093333333327,603.5730666666667,270.264775,2510.8423666666667,517.5445333333333,-343962.83335,85933.42206666667,9808.6325,,74526.03203333334,69461.04903333333,3711.1067333333335,2810.9875,6532.303,67448.5,3583.4310000000005,3445.0,1789.5616333333337,42919.69265,67945.7688,221.0755333333333,11696.252,21725.766666666663
Lao People's Democratic Republic,2003,0.922,4.85,1403.71,2842.36,227.3,0.0,0.0,7334.36,88.87,0.0,0.0,11005.26,217.2,-14905.964533333334,1003.2635,309.9549333333334,7526.663675,-13678.923333333334,6246.553666666667,29.711133333333333,175.6155,0.0,0.0,0.0,1543.8813333333335,3389.018066666667,9357.9402,905.0833333333334,3447.346,5040.8002,,597.1707333333333,0.0,13.8984,,,246.24545,25.4187,1107.7452,-74259.5744,5019.512466666666,56.0118,,-19925.477,4317.14,549.0037333333333,237.8905,574.785,11159.9078,21.28773333333333,122.43,0.0120666666666666,508.208525,2080.6408,86.63073333333334,14.9725,202.99666666666667
Malaysia,2003,0.755,178.76,1554.53,806.76,593.37,673.06,0.0,1240.36,0.0,8.94,0.0,23059.49,5017.54,39874.232833333335,5446.61125,3994.8849666666665,28082.332325,81856.33962500001,57208.18405,24.090433333333333,154.6275,22815.0359,21897.3674,917.6685,4291.292333333334,2101.2184666666667,28071.33573333333,57759.06666666667,1457.4266,14433.0424,795.7577,36.175266666666666,4103.13855,1495.622525,6.334133333333333,,828.4547249999999,1452.2368333333334,36.43706666666667,35779.5895,6236.3160333333335,4401.715,,-40693.121925,13638.293333333331,500.0652333333333,379.957,582.6025,32600.0771,123.89453333333334,720.8,554.2958666666667,7028.830525,3365.5048,5.755133333333333,2881.2125,5159.0
Myanmar,2003,0.623,53.74,4440.03,17260.86,1267.77,475.01,1.31,12948.23,58.33,2.22,0.94,29277.32,1435.05,77130.33796666666,4888.65375,4517.249666666667,61998.10395,65053.624775,38386.024300000005,126.0915,1766.649,14767.7731,14166.7001,601.073,20752.738466666666,19982.2248,77291.31796666667,6861.3,17300.2102,46429.901366666665,236.34855,6794.7247333333335,2078.6251,84.6762,0.0967666666666666,0.0,327.289575,140.44063333333335,8551.261666666667,-5350.1588,31119.1485,199.1963,,2095.067974999998,30861.4166,1870.43144,1368.566,3262.945,68042.8254,134.13066666666668,935.45,8.1802,4029.615475,28605.2564,437.8587333333333,379.8245,1857.3
Philippines,2003,0.665,94.44,2135.05,6700.57,1458.63,663.3,0.0,1414.18,0.0,151.96,0.0,11326.67,6430.93,35179.46796666667,7362.0445,6588.578733333333,43642.7083,52229.677125,55299.63175,305.22693333333336,1154.181,0.0,0.0,0.0,28201.802866666665,11026.723,47715.96116666667,25967.8,9634.9484,39887.88393333333,131.8239,37.13026666666666,0.0,936.8907,53.77266666666667,626.2366666666667,680.91395,924.2372666666666,43.9494,-35784.5076,39272.7408,2120.20115,,-4093.272833333333,7828.077233333333,2571.0154,903.756,2144.857,23372.8409,615.1431333333334,749.95,80.4772,7855.7374,37531.4296,44.2168,3159.2505,5165.400000000001
Singapore,2003,,14.02,4.32,17.82,9.22,4.69,0.0,1.18,0.0,0.13,0.0,8.9,5.94,4.212033333333333,11.819,143.69616666666667,1343.97835,16823.379025000002,16827.96235,,,0.0,0.0,0.0,0.265,10.162266666666667,18.9322,16929.206666666665,0.3556,18.9322,,0.0,0.0,431.035675,9.791433333333334,,610.1874,231.2539,0.0,-18.3333,10.323133333333333,2988.08,,-6.1111,0.0,2.206733333333333,4.7965,6.7575,0.0,8.609066666666665,102.99666666666668,,1329.7792,,0.0,0.265,1410.6500000000003
Thailand,2003,0.724,130.85,4036.42,24823.57,986.0,350.9,0.0,5332.69,12.2,30.75,0.23,10883.99,4950.78,50324.39226666667,12394.421,11528.491766666666,56511.104675,112365.1702,110583.66305,466.63146666666665,2395.335,972.1523,931.2098,40.9425,37037.0448,10651.5238,54152.9509,74766.0,9638.8152,52367.83733333333,600.38,879.7648,0.0,2170.1722250000003,414.5728333333333,3549.4338,275.8805,1935.1742,1085.9396,220.9537,47949.0494,10009.776,,2375.3428666666664,1785.1135666666669,2216.452333333333,1036.4945,1977.324,2716.0463,4108.384666666666,1597.95,305.98583333333335,15896.3915,45515.96,233.16813333333332,6944.325,10318.166666666666
Viet Nam,2003,1.022,105.64,2026.58,9524.78,883.36,187.99,0.0,5925.1,57.79,6.2,18.34,10710.9,3349.09,51843.12443333334,12997.402,4726.785633333333,41729.68755,72743.293525,67850.0179,327.3193333333333,2267.8965,4156.8795,3994.302,162.5775,30957.3486,14062.916666666666,47787.11503333333,34343.13333333333,11058.0568,47515.49643333334,498.825,271.6186,0.0,1120.6215,0.0,0.0,828.9287750000001,595.2732333333333,896.8224,12888.3333,45318.75693333333,3317.5877,,6524.3675,271.6186,4211.9293333333335,1459.6995,2258.7275,0.0,865.3055,829.45,138.2746,5889.351274999999,36828.6464,190.1048,6848.501,5828.383333333334
Brunei Darussalam,2004,0.659,1.8,9.92,22.96,14.1,19.91,0.0,7.27,0.0,0.24,0.0,504.72,28.71,458.3737,54.0865,108.3415,622.5309,2714.2066750000004,2412.1098,0.0261333333333333,0.1325,311.4934,299.1709,12.3225,3.578533333333333,43.7098,505.7160333333333,3054.0153333333333,9.7552,155.3015,,0.7332666666666667,4.341749999999999,107.304625,0.0,,25.35805,37.47413333333333,0.7332666666666667,-142.027,55.577866666666665,30.8229,,402.79583333333335,350.41453333333334,9.823,16.7215,24.3535,1040.3603,0.0,15.6615,1.6260333333333332,243.243875,4.6396,0.0745333333333333,0.5565,55.01500000000001
Cambodia,2004,0.492,6.79,1199.45,6521.21,429.44,43.15,0.0,1661.28,603.88,0.26,1.77,7502.52,264.37,19517.65363333333,1621.8795,988.0727333333334,13819.27415,17079.481625,11899.35205,77.93233333333333,394.2405,0.0,0.0,0.0,6511.996866666667,5170.7568,17258.285033333334,2062.9466666666667,5156.2952,12610.938066666668,,2784.481733333333,0.0,36.8086,,,68.01555,47.080033333333326,5457.283866666667,-1239.929,11491.930433333331,107.2852,,6906.839433333335,4647.346966666667,942.2193333333332,360.2675,826.27,5588.5957,0.1238666666666666,789.7,4.765333333333333,875.560375,9215.7548,928.0428666666668,41.1015,558.29
Indonesia,2004,0.599,947.19,9410.26,19986.22,5475.37,4364.04,0.0,7006.16,0.0,1683.16,0.0,122565.3,19717.75,310887.2349333333,34164.7275,46315.786400000005,325335.255075,382681.5287,216210.03325,636.3691333333334,3896.507,246548.48085,242399.16385,8298.634,58783.97913333333,23843.495066666663,375527.8109,160300.33333333334,21063.9688,159112.08303333333,4854.9895,2186.9672,291568.094,3182.558725,290.0985,1011.7745333333332,273.779,2579.2738,2223.0129333333334,-339493.33335,88925.241,10501.7025,,221961.9939333333,216415.72786666665,3648.522733333333,2756.848,6471.6445,135135.0,4325.7328,4399.0,1828.8160666666663,43689.3969,70583.814,765.3422666666667,12741.094,22119.533333333336
Lao People's Democratic Republic,2004,0.335,5.29,1416.35,2887.0,227.28,0.0,0.0,7293.44,90.15,0.0,0.0,10992.8,211.63,-11720.102866666668,1044.3915,313.30033333333336,9034.5148,-10338.174866666666,6645.2936,31.115666666666662,185.3145,0.0,0.0,0.0,1584.0231333333334,3471.076,11290.6206,937.29,3524.9284,5287.5752,,2283.076133333333,0.0,13.922066666666666,,,293.312725,37.07493333333333,4049.7537333333335,-74259.5744,5263.3656,56.012,,-16983.46846666667,6003.0454,564.9947333333333,244.2505,589.943,11159.9078,24.2096,296.8,0.0183333333333333,566.54935,2119.1632,208.26646666666667,24.8835,209.43
Malaysia,2004,0.683,185.54,1562.93,803.23,591.87,675.19,0.0,1250.05,0.0,10.17,0.0,23047.94,5005.88,43939.64993333333,6210.4605,4034.6449666666663,31565.466425,89301.42245,61919.33349999999,24.46443333333333,155.767,23359.187,22420.2125,938.9745,4617.181933333333,2174.5044666666668,32121.8437,63276.833333333336,1516.6452,15012.849366666667,692.4291,72.2648,9255.05575,1666.670925,5.422033333333332,,985.8876,1557.0071666666663,72.7884,35779.5895,6668.809,4501.21,,-34144.036049999995,17108.994333333332,513.9299333333333,393.313,604.7035,32600.0771,109.2472,776.45,600.8163333333333,7474.08365,3410.0892,12.5286,3323.9215,5332.833333333333
Myanmar,2004,0.551,55.4,4466.28,17253.03,1266.2,480.65,1.31,12827.19,58.56,2.3,1.01,29313.67,1495.19,86094.0927,5150.063,4559.534,67200.092625,72578.915525,40522.01495,131.2061,1866.554,14761.7872,14161.1117,600.6755,21769.536266666662,20423.1718,84205.85623333334,7574.100000000001,17652.656,48196.5949,116.055,10750.914,3866.1083,81.70530000000001,0.1262333333333333,0.0,372.2682,143.82366666666667,14547.202466666668,-5350.1588,32303.650866666663,233.271,,7800.255574999999,36009.261333333336,1927.82108,1411.1515,3344.035,68042.8254,124.66573333333334,1309.1,8.1156,4045.70045,29832.1996,758.416,562.86,1919.9333333333332
Philippines,2004,0.563,95.05,2129.25,6726.0,1458.29,665.48,0.0,1406.1,0.0,152.39,0.0,11371.87,6371.31,36378.6609,7803.084,6654.815066666667,44869.18665,54066.831875,57136.71175,316.9418,1238.1595,0.0,0.0,0.0,29230.878466666665,11212.3728,48941.55316666667,26864.966666666664,9814.5376,41114.67133333333,517.4169,35.934866666666665,0.0,943.95995,52.2499,624.9114666666667,797.8579,991.3995333333332,44.04906666666667,-35784.5076,40471.83406666666,2265.3862,,-4093.173166666667,7826.881833333334,2609.4497333333334,912.554,2177.293,23372.8409,642.8372666666667,768.5,65.75673333333333,8163.021775,38657.668,28.5828,3475.0775,5312.633333333333
Singapore,2004,,14.26,4.35,20.61,9.18,4.62,0.0,1.18,0.0,0.13,0.0,8.95,2.94,3.8725,11.4215,144.673,1286.121375,16629.488375,16634.0717,,,0.0,0.0,0.0,0.265,9.806933333333332,18.377033333333333,16115.566666666666,0.3528,18.377033333333333,,0.0,0.0,406.4111,9.5618,,573.18685,236.08603333333332,0.0,-18.3333,9.9836,3295.349,,-6.1111,0.0,2.1340666666666666,4.6375,6.519,0.0,8.393433333333332,103.35,,1272.3386,,0.0,0.265,1556.0633333333335
Thailand,2004,0.461,140.86,4049.27,24874.71,983.58,351.79,0.0,5302.46,12.54,30.73,0.23,10855.33,4936.89,52549.79093333334,11831.19,11524.830833333332,58920.06495,119862.4132,116122.74155,461.39933333333335,2339.4465,1001.6759,959.5409,42.135,36123.83693333333,11024.9298,56387.40669999999,80707.66666666667,10060.7024,52309.31736666666,581.6917,2426.039533333333,1120.05155,2383.452025,485.7275666666667,3889.4707333333336,279.50665000000004,2189.6669,2940.680866666667,220.9537,47563.562066666665,11049.895,,4986.228866666667,4078.089333333333,2287.469,1039.012,2006.5005,2716.0463,4425.908333333333,1884.15,338.4751,16629.509925,44750.1404,386.6718666666666,6404.096,10569.8
Viet Nam,2004,0.386,110.0,2035.68,9123.58,883.04,188.86,0.0,5871.03,58.21,6.2,18.39,10715.52,3785.24,53206.638666666666,13498.04,4808.3859,44011.225825,79986.0675,74882.7608,330.8969333333333,2344.932,4144.6232,3982.5227,162.1005,31236.21293333333,14841.3036,49115.18893333333,41673.8,11866.358,48506.917466666666,3113.5244,313.00113333333337,442.9055,1504.8226000000002,0.0,0.0,984.937425,730.7939666666667,885.5199333333334,12888.3333,46402.22973333333,3790.0885,,6804.408933333333,608.2714666666667,4415.405066666667,1465.4765,2307.037,0.0,777.1801666666667,924.85,171.35166666666666,7174.834125,36794.548,216.6304,7218.494,6097.633333333334
Brunei Darussalam,2005,0.914,2.63,9.88,22.45,14.04,19.92,0.0,7.17,0.0,0.24,0.0,505.25,28.06,472.5738666666667,50.88,108.74746666666664,637.4742000000001,2650.4888,2336.36365,0.0531333333333333,0.159,299.4325,287.587,11.8455,5.501133333333333,40.296533333333336,519.9162,2947.0130000000004,9.8056,149.60266666666666,,0.3745333333333333,34.72835,102.971625,0.0,,30.46565,39.1653,0.3745333333333333,-142.027,53.74033333333333,36.5954,,418.8335333333334,370.3135333333334,8.937800000000001,15.105,22.1275,1040.3603,0.0,14.469,4.2203,247.53705,6.37,0.0456666666666666,1.643,55.958333333333336
Cambodia,2005,0.675,7.15,1212.2,6577.07,429.42,43.07,0.0,1639.53,615.76,0.28,1.81,7430.52,277.3,18376.00803333333,1802.4505,1001.3778666666668,13407.825125,16188.772575,12445.61005,88.02626666666667,500.85,0.0,0.0,0.0,7496.234133333334,5430.888333333333,16677.936766666666,2193.2333333333336,5358.3376,13385.248533333332,,1429.823,0.0,40.59623333333334,,,82.433525,42.08776666666667,3541.3278,-1239.929,12250.475666666667,126.45206666666668,,4990.883366666667,3292.6882333333338,947.8444333333332,378.4465,862.151,5588.5957,0.1238666666666666,461.1,5.190166666666666,899.37255,10550.456,458.0217333333333,61.003,581.9366666666666
Indonesia,2005,0.714,967.78,9480.0,19985.26,5472.93,4366.39,0.0,7051.44,0.0,1697.17,0.0,122194.8,19939.59,192763.08103333332,35032.788,46547.89343333334,236744.149425,297131.818275,218983.459,651.8817333333333,3952.634,252038.72655,247796.31505,8484.823,58883.886333333336,23810.18406666667,257013.93723333333,163674.0,20827.5564,159833.26859999998,5025.8035,858.3868666666667,182617.9484333333,3348.181875,252.4202,886.7357666666667,283.2126,2561.8942666666667,870.5428,-319153.33335,88565.26866666666,10955.5825,,104197.81236666668,97180.66863333332,3733.810133333333,2779.744,6507.2605,119557.5,3912.123233333333,3630.5,1878.8577333333333,43983.6965,70087.0464,214.6496,13308.3265,22710.9
Lao People's Democratic Republic,2005,0.816,5.68,1425.78,2894.69,227.28,0.0,0.0,7313.86,90.21,0.0,0.0,10952.49,213.96,-13746.011266666668,1048.8965,315.5163333333333,8222.939175,-12399.536466666666,6520.0818,31.02893333333333,190.906,0.0,0.0,0.0,1527.8844,3438.904,10128.900333333331,973.6366666666668,3473.96,5197.224533333333,,1211.7065333333333,0.0,15.564266666666668,,,349.42447500000003,38.01433333333333,2113.6039333333333,-74259.5744,5173.607,55.51220000000001,,-18919.61826666667,4931.6758,570.6706666666666,244.33,584.0865,11159.9078,23.61753333333333,180.2,0.0243333333333333,626.263925,2024.8032,206.8009333333333,29.574,215.69666666666663
Malaysia,2005,0.883,196.26,1577.58,808.02,591.31,676.41,0.0,1263.69,0.0,11.32,0.0,22986.87,5021.35,45386.18153333333,6836.29775,4077.3787666666663,33199.230475000004,90863.94615,62527.6647,24.19303333333333,157.304,23889.0189,22929.0034,960.0155,4828.515,2121.7456666666667,33586.163166666665,63497.30000000001,1513.743,15374.591133333335,893.0828,87.43666666666667,10886.1645,1914.0188,5.8354,,1159.2564,1550.6288333333334,88.04226666666666,-99069.22525,6924.016466666667,4660.41,,-29695.666050000003,18211.57203333333,493.4915,373.173,580.085,34292.63355,127.11706666666667,760.55,650.2398333333333,8009.6081,3387.5464,14.184266666666666,3662.194,5547.533333333333
Myanmar,2005,0.914,57.46,4474.91,17231.6,1266.15,481.38,1.31,12819.15,58.76,2.39,1.04,29291.75,1534.89,79900.58463333333,5273.83125,4604.643466666667,64067.58835,67410.299875,41365.3725,141.82236666666668,2063.131,14772.5461,14171.4996,601.0465,23424.173266666665,20862.97073333333,80096.94006666668,7141.600000000001,18019.9516,50018.43036666667,118.9585,6385.512133333334,1518.08365,78.502075,0.1556666666666666,0.0,330.744375,86.32440000000001,8093.125333333333,-5350.1588,33860.572433333335,190.9114,,2101.2448750000003,30078.50970000001,1989.18436,1456.652,3429.6565,68042.8254,120.58236666666666,890.4,10.4199,3994.8833,32351.8104,486.15546666666665,296.8265,1990.0666666666664
Philippines,2005,0.67,98.22,2128.72,6646.39,1457.02,666.44,0.0,1404.06,0.0,152.53,0.0,11381.78,6440.56,35729.600366666666,7379.296,6708.8197666666665,44334.108575000006,54124.538025,57172.5098,308.8288,1228.964,0.0,0.0,0.0,28550.36593333333,11194.163066666668,48045.0728,27041.43333333333,9800.6188,40208.386633333335,411.0435,45.7392,0.0,922.6476,58.93416666666666,685.4624666666667,955.131,896.9304999999999,73.25986666666667,-35784.5076,39793.56273333333,2590.38775,,-4063.962366666666,7836.686166666667,2561.758533333333,922.5975,2225.3905,23372.8409,414.8239,739.35,76.2057,8300.303974999999,38130.9712,49.0514,3002.344,5448.266666666666
Singapore,2005,,15.56,4.44,19.36,9.1,4.37,0.0,1.17,0.0,0.11,0.0,9.2,2.93,3.6401,11.1035,147.2541,1245.066225,15606.744075,15611.3274,,,0.0,0.0,0.0,0.2385,9.5922,9.7512,14366.506666666668,0.3752,9.7512,,0.0,0.0,337.65725000000003,8.468633333333333,,599.6214,244.90953333333331,0.0,-18.3333,9.7512,3553.084,,-6.1111,0.0,2.098733333333333,4.505,6.36,0.0,,96.99,,1237.752825,,0.0,0.2385,1604.41
Thailand,2005,0.805,155.89,4049.7,24811.76,980.63,352.98,0.0,5292.52,12.59,30.7,0.22,10861.4,4990.0,51438.237233333326,11307.656,11508.6979,57744.5927,122284.061925,119881.75445,463.8774,2421.6495,1001.6759,959.5409,42.135,36480.13053333334,11402.828333333331,55105.36083333333,82639.66666666667,10553.9028,52541.53413333333,578.8185,1658.477933333333,0.0,2349.52645,451.7335000000001,3843.540766666667,283.940675,2129.840233333333,1904.2296666666668,220.9537,48235.1606,12671.258999999998,,3203.0766333333336,2563.8267,2346.427133333333,1018.448,2012.251,2716.0463,3986.526566666667,1820.55,249.38833333333332,16415.572075,45789.5284,324.1312666666667,5813.1725,10858.8
Viet Nam,2005,0.839,117.85,2045.12,8730.05,881.07,188.79,0.0,5863.51,58.23,6.19,18.39,10693.04,4193.53,53064.81606666666,12602.022,4870.314466666667,44414.75165,83107.01385,78052.4382,329.95306666666664,2338.731,4144.6232,3982.5227,162.1005,30088.64053333333,15923.387466666669,49093.410566666666,44690.6,12860.7444,48474.05603333333,3255.1036,364.6175333333333,382.1055,1675.6404000000002,0.0,0.0,1168.20105,737.2109,861.0785333333333,12888.3333,46325.38186666666,4570.0893,,6739.434200000001,619.3545333333333,4667.7932,1545.0295,2477.644,0.0,821.1666,908.95,200.45663333333331,7594.693725000001,36220.7832,205.2692,6078.517,6354.516666666666
Brunei Darussalam,2006,0.696,2.91,9.86,22.24,13.95,19.96,0.0,7.15,0.0,0.24,0.0,505.54,27.8,452.4890666666667,54.484,109.88343333333334,626.3016,3371.31845,3074.84515,0.055,0.1855,299.4054,287.5599,11.8455,4.924533333333334,44.352133333333335,499.8314,3918.876,9.5368,153.04463333333334,,0.0,0.0,104.618025,0.0,,31.709875,40.6118,0.0,-142.027,57.19133333333334,38.5179,,395.2977333333333,346.78676666666667,9.9926,17.0925,24.91,1040.3603,0.0,22.684,2.9716,251.42805,6.6948,0.0,0.4505,57.246333333333325
Cambodia,2006,0.635,7.76,1219.66,6609.59,429.47,42.98,0.0,1629.62,625.54,0.26,1.81,7390.56,276.89,20753.012766666667,1877.843,1014.8129333333331,15049.00505,18153.548875,13286.32985,93.8124,521.944,0.0,0.0,0.0,7811.520133333334,5701.0074,18829.780433333333,2277.92,5686.5788,14263.511266666668,,2703.403933333333,0.0,42.81633333333334,,,87.62389999999999,54.85983333333333,5040.0698,-1239.929,12977.6437,132.6524,,6489.625366666667,4566.269166666666,1045.2422,393.419,903.65,5588.5957,0.1238666666666666,651.9,6.238599999999999,926.669725,10995.7876,750.8598666666667,58.83,606.5466666666667
Indonesia,2006,0.396,987.57,9554.08,19524.56,5463.69,4371.5,0.0,7105.06,0.0,1710.77,0.0,121761.1,20677.04,365836.3462333333,35576.197,46930.01973333334,366765.181225,433841.47467500006,226860.0618,633.0629333333333,3912.884,257708.47925,253363.7645,8689.4295,58717.57986666667,24370.915533333333,429601.79226666666,172065.33333333334,21427.5068,162334.13246666666,5207.2726,2799.902333333333,434704.4241333334,3662.7243,225.85406666666665,773.3136666666668,298.318975,2483.8097,2852.838933333333,-324256.83335,89861.12906666666,11196.79,,275975.21716666664,267267.6598,3728.932,2836.825,6698.6435,131496.0,3467.493733333333,4876.0,1988.3032666666668,44563.837025,69775.4764,979.6806666666666,13438.415,22373.9
Lao People's Democratic Republic,2006,0.784,5.96,1433.9,2905.96,227.26,0.0,0.0,7311.02,90.26,0.0,0.0,10931.61,217.95,-14837.295866666667,1080.511,319.28496666666666,7840.428699999999,-13368.100933333331,6649.5076,33.0304,198.803,0.0,0.0,0.0,1546.3103333333336,3549.986866666666,9592.321833333332,1111.0433333333333,3566.108,5289.091233333334,,583.2613333333334,0.0,17.2484,,,362.3721000000001,41.862633333333335,1015.6136666666666,-74259.5744,5180.312666666667,85.01240000000001,,-20017.60853333333,4303.2306,603.0082,254.135,600.225,11159.9078,108.77856666666666,117.395,0.0243333333333333,646.1873250000001,2043.7452,84.03126666666667,27.348,223.2133333333333
Malaysia,2006,0.623,203.65,1584.17,762.43,590.27,678.23,0.0,1271.71,0.0,12.21,0.0,22976.98,5053.16,40279.9535,6460.011,4116.8879333333325,29584.69115,87750.870125,63142.24405,23.84143333333333,149.248,24813.3162,23817.0222,996.294,4665.750333333333,2135.992,28468.07996666667,63960.43333333333,1510.866,15522.377566666668,967.9079,56.81806666666666,3033.28795,1991.635025,5.620933333333333,,1229.9918,1529.5932000000005,57.07986666666667,35779.5895,6738.599366666666,4883.780000000001,,-39521.016425,12945.7024,496.9329333333333,380.328,594.342,32600.0771,114.9181,707.55,707.9343333333335,8233.631175,3231.2448,2.5118666666666667,3583.9925,5777.366666666666
Myanmar,2006,0.789,59.54,4487.31,17202.63,1264.9,480.56,1.31,12812.05,59.04,2.65,1.04,29261.99,1587.78,82592.42533333333,8302.1585,4655.314533333333,66069.78937500001,69768.08780000001,43787.0185,307.455,2277.993,14774.5993,14173.4998,601.0995,25659.120866666664,21429.41773333333,82640.51863333333,7588.3,21987.2688,52784.32176666666,169.62155,5128.654333333333,3069.9011,69.49067500000001,0.1851333333333333,0.0,357.55865,88.86009999999999,6972.769533333333,-5350.1588,47950.9996,196.8438,,34641.42573333334,29856.19686666667,3402.399533333333,1514.3955,3538.863,68042.8254,108.82223333333332,789.7,25.69386666666667,4089.4004,35379.7248,461.7103333333334,369.8075,2054.4666666666667
Philippines,2006,0.714,101.74,2129.03,6688.5,1454.43,668.44,0.0,1400.46,0.0,152.77,0.0,11390.28,6390.08,35856.84096666666,6882.209,6788.512766666667,44539.3081,52614.369725,55700.0154,320.9736,1300.514,0.0,0.0,0.0,28912.427066666667,11030.566733333331,48293.682700000005,25141.5,9568.3812,40483.83706666667,388.5643,18.898666666666667,0.0,910.03,53.19456666666667,634.6534333333334,969.53525,918.4433,23.028,-35784.5076,39971.0352,2363.839,,-4114.194233333334,7809.845633333334,2675.348466666667,935.026,2029.4495,23372.8409,512.8018666666667,689.0,61.64886666666666,8319.046075,38969.476,28.002333333333336,2617.2195,5543.033333333333
Singapore,2006,,16.35,4.51,18.82,8.91,4.25,0.0,1.16,0.0,0.08,0.0,9.26,2.9,3.705166666666667,11.183,150.6371,1561.475625,16002.232375,16006.8157,,,0.0,0.0,0.0,0.2385,9.657266666666668,9.816266666666666,14629.693333333336,0.3668,9.816266666666666,,0.0,0.0,340.92155,7.650533333333333,,899.8937999999999,259.4433333333333,0.0,-18.3333,9.816266666666666,3716.596,,-6.1111,0.0,2.1164,4.5315,6.413,0.0,,94.69333333333331,,1554.113425,,0.0,0.2385,1652.756666666667
Thailand,2006,0.603,167.05,4051.64,24699.97,980.12,355.22,0.0,5278.88,12.64,30.95,0.2,10871.23,5090.51,50867.34343333333,11534.6285,11587.133333333331,57344.163700000005,123710.022575,121931.5589,452.8228,2379.6205,1011.8311,969.1131,42.718,36331.90173333333,11951.5008,54691.54413333334,83826.33333333333,11097.7328,52932.4363,598.6338,853.7590666666666,0.0,2433.494825,455.7799333333333,3714.9660333333327,289.8578,2042.8985666666667,1069.2472,220.9537,48496.05853333334,13374.990000000002,,2371.2849,1759.1078333333337,2423.0129333333334,1068.5065,2126.466,2716.0463,4113.340066666667,1714.55,135.88163333333333,16325.5056,45521.6776,184.19686666666664,5917.3175,11276.666666666666
Viet Nam,2006,0.862,125.84,2049.68,8697.69,880.2,190.32,0.0,5838.17,58.17,6.16,18.39,10700.12,4231.01,52973.3298,12222.9395,4934.2229,44063.02085,84866.6676,80315.81904999999,329.4569333333333,2338.7575,4144.6232,3982.5227,162.1005,29661.590533333336,16998.331466666667,49175.8991,47019.333333333336,14142.6124,49038.93496666666,806.9198,136.96413333333334,0.0,1814.4776333333327,0.0,0.0,1200.936725,735.4704666666667,444.1794,12888.3333,46905.53173333334,4565.09025,,6067.798066666667,136.96413333333334,4728.8052,1590.8215,2670.8555,0.0,805.8956666666667,879.8,220.40176666666665,7181.096525,36199.0384,137.54273333333333,5460.4045,6489.573333333334
Brunei Darussalam,2007,0.738,3.45,9.79,21.73,13.95,19.94,0.0,7.07,0.0,0.24,0.0,506.31,27.16,453.4594666666666,59.0685,110.55126666666666,576.3836,3612.37875,3318.2685,0.0587333333333333,0.212,289.2985,277.8505,11.448,6.702133333333333,46.9588,500.8018,4237.361,9.4864,153.9293,,0.0857333333333333,0.0,45.681525,0.0,,38.217875,43.39223333333334,0.0857333333333333,-142.027,61.312466666666666,39.3429,,392.147,346.8725,10.656066666666666,18.3115,26.659,1040.3603,0.0,22.4985,1.9003666666666668,200.78225,7.3416,0.0,2.438,58.22833333333333
Cambodia,2007,0.491,8.45,1224.76,6620.58,429.3,43.0,0.0,1627.35,636.46,0.27,1.89,7364.73,277.35,20963.4705,1928.087,1024.0453333333332,15169.9997,18449.982325,13640.18395,97.9216,552.3925,0.0,0.0,0.0,7982.386866666668,5738.357666666667,18956.0541,2433.183333333333,5783.9432,14550.529866666666,,2542.659,0.0,51.12800000000001,,,91.403825,64.92823333333334,4963.5089333333335,-1239.929,13286.606333333337,152.81926666666666,,6413.0645,4405.5242333333335,1006.5175333333332,392.8625,920.981,5588.5957,0.1238666666666666,636.0,8.638833333333332,952.959125,11212.4544,829.6437999999999,61.851,626.5033333333333
Indonesia,2007,0.448,1004.94,9661.61,19166.36,5453.83,4386.46,0.0,7190.85,0.0,1732.63,0.0,121192.7,21365.98,120063.69166666668,36786.7965,47251.20133333333,183713.915075,258310.00875,236115.4685,650.8791333333334,3970.5215,263416.82805,258958.9053,8915.8455,58871.358533333325,25555.23153333333,183692.9625333333,182252.0,22335.6616,164600.84443333335,5463.3041,255.0082,39752.77656666667,4188.158600000001,204.4894,711.7119333333334,304.9855,2608.907133333333,271.2291333333333,-305024.33335,90470.97133333332,11508.115000000002,,29592.72033333333,19092.1181,3939.3024666666665,3017.8465,7070.359,163109.5,3294.6029,3418.5,2670.6543,45944.19317500001,69547.9708,100.5038,13812.224,24474.5
Lao People's Democratic Republic,2007,0.497,6.41,1448.28,2916.31,227.38,0.0,0.0,7309.9,91.24,0.0,0.0,10893.93,230.48,-11089.044133333337,1113.901,322.8588,9264.2355,-9376.7424,7148.1164,35.362,209.0055,0.0,0.0,0.0,1529.907333333333,3639.3068666666654,11477.264966666668,1192.7033333333331,3644.312,5525.391500000001,,2231.9042,0.0,19.476466666666667,,,365.026375,46.0118,4508.3634,-74259.5744,5435.814666666666,84.01259999999999,,-16524.858799999998,5951.873466666667,626.7832,260.23,614.2435,11159.9078,89.57683333333334,349.8,0.0,656.286775,2002.364,266.61813333333333,30.422,230.39
Malaysia,2007,0.673,210.81,1603.73,709.28,587.61,680.32,0.0,1291.1,0.0,13.12,0.0,22896.45,5140.39,43208.2404,6996.83475,4161.503,32900.8203,91125.0053,64548.52635,24.493366666666663,159.424,26092.1212,25045.9807,1046.1405,4825.761,2245.602,32128.16846666667,65331.73333333334,1610.0504,16968.740866666667,956.2589,66.62053333333334,6339.172049999999,2141.298275,0.0,,1438.567225,1583.9034,67.30813333333333,35779.5895,7146.9109,4912.299999999999,,-31214.31855,15159.4276,508.1589000000001,396.4665,629.269,32600.0771,847.1455000000001,749.95,902.2787666666668,8804.69395,3372.7288,4.145133333333333,3670.7005,5910.333333333333
Myanmar,2007,0.489,62.34,4507.2,17044.78,1263.95,480.15,1.31,12778.53,59.6,3.11,1.04,29244.54,1774.26,89895.14203333335,8626.5715,4708.286266666667,70573.45575,75568.413575,45125.44155,307.4606,2309.104,14777.0166,14175.8906,601.126,25545.397666666668,22574.456,88582.17450000001,7636.7,22910.1852,54129.63766666667,168.30245000000002,9949.516666666666,2733.11755,69.165975,0.2145666666666666,0.0,370.644225,87.10583333333334,13145.698600000002,-5350.1588,49304.51266666667,215.58205,,40590.62936666667,34452.53683333333,3786.1982,1644.7225,3627.479,68042.8254,99.82813333333335,1226.95,21.54443333333333,4136.824875,35103.6644,783.9064666666667,444.14,2120.633333333333
Philippines,2007,0.771,105.87,2124.13,6703.87,1451.61,670.51,0.0,1396.91,0.0,152.76,0.0,11433.71,6336.36,36940.817233333335,7221.5945,6869.220733333333,45963.6706,55091.44747499999,58168.63235,329.35526666666664,1374.873,0.0,0.0,0.0,29843.6868,11159.606733333334,49387.80416666667,27006.099999999995,9655.4556,41574.364,349.5802,22.4932,0.0,949.26695,95.6477,1161.9826333333333,1083.975775,886.7692999999999,34.309066666666666,-35784.5076,41043.7304,2517.40955,,-4102.913166666667,7813.440166666666,2737.4683333333337,946.8715,2030.8805,23372.8409,530.6336,712.85,55.95263333333333,8922.817475,40027.6548,40.43686666666667,2868.9695,5676.566666666667
Singapore,2007,,17.09,4.56,18.33,8.85,4.14,0.0,1.16,0.0,0.08,0.0,9.4,2.62,4.585166666666667,12.2165,155.85826666666665,1626.1526,12805.568375,12810.1517,,,0.0,0.0,0.0,0.265,10.537266666666667,10.696266666666668,10734.486666666666,0.3528,10.696266666666668,,0.0,0.0,348.46200000000005,7.509733333333333,,975.0212,229.4949333333333,0.0,-18.3333,10.696266666666668,3388.387,,-6.1111,0.0,2.316733333333333,4.9555,6.996,0.0,,93.45666666666666,,1618.1304,,0.0,0.265,1723.7133333333331
Thailand,2007,0.467,178.64,4056.27,24580.04,976.86,357.61,0.0,5255.69,12.74,30.98,0.18,10884.36,5205.02,56237.982533333336,12855.3355,11684.9044,62286.638325,130287.0019,126839.16555,471.7040666666667,2525.2115,1024.8169,981.5424,43.2745,38612.01273333334,12595.746333333334,60113.26993333333,86087.66666666667,11663.7136,56392.31776666667,576.0699,2815.6034,0.0,2630.01955,493.05556666666666,3972.7184333333335,299.255575,2132.064733333333,3290.934333333333,220.9537,51640.8674,13727.79,,4597.115133333334,3720.9521666666665,2567.172266666667,1127.893,2251.2545,2716.0463,4424.269566666667,1910.65,555.1143333333333,17201.685875,47777.576,404.241,6907.702,11812.866666666669
Viet Nam,2007,0.501,134.78,2055.06,8657.22,875.59,192.83,0.0,5805.43,58.47,6.18,18.4,10723.28,4268.51,54430.44446666667,13266.748,5027.382533333333,45071.807875,87487.6219,82417.35845,329.58746666666667,2351.186,4144.6232,3982.5227,162.1005,29864.57173333333,17435.6616,50042.26129999999,48047.1,14594.678,49807.00776666667,920.4108,212.09580000000005,34.7366,1890.0596666666663,0.0,0.0,1293.881875,860.8735666666666,1113.5748666666666,12888.3333,47670.0932,5070.091050000001,,6760.351266666666,235.2535333333333,4758.528600000001,1633.4335,2787.588,0.0,809.407,983.15,243.1875333333333,7540.1119,35618.8504,261.79286666666667,6332.44,6757.063333333334
Brunei Darussalam,2008,0.445,3.85,9.76,21.41,13.95,19.94,0.0,7.03,0.0,0.24,0.0,506.7,26.76,450.4562333333333,57.6375,111.38213333333331,670.7455,4474.215575,4181.72325,0.0568666666666666,0.1855,282.819,271.636,11.183,5.177733333333333,47.83526666666666,497.79856666666666,5382.759999999999,9.9316,151.0118,,0.0,0.0,115.1846,0.0,,64.847825,43.6422,0.0,-142.027,60.46646666666667,41.0204,,389.9897666666666,346.78676666666667,10.825666666666663,18.55,27.03,1040.3603,0.0,22.737,1.4612,297.396575,6.8068,0.0,0.689,62.552666666666674
Cambodia,2008,0.313,9.01,1235.01,6661.23,429.19,43.03,0.0,1616.17,642.66,0.27,1.89,7316.62,279.05,20518.387700000003,1976.317,1033.9633333333334,15094.2349,18211.970475,13836.08995,100.99186666666668,576.9315,0.0,0.0,0.0,8144.788933333333,5784.111533333333,18823.42643333333,2468.83,5858.076,14684.0042,,2276.557,0.0,64.34053333333334,,,97.08605,65.2183,4384.9518,-1239.929,13546.276833333332,265.35293333333334,,5834.507366666668,4139.422233333334,992.0375333333332,395.433,934.602,5588.5957,0.1238666666666666,585.65,9.249933333333331,976.665075,11419.4136,754.9798666666667,69.3505,639.6233333333333
Indonesia,2008,0.242,1021.19,9741.31,19113.93,5438.02,4401.94,0.0,7257.31,0.0,1749.91,0.0,120804.6,21627.16,117138.27523333336,38443.5235,47588.3424,183597.93595,268316.808925,249605.1989,673.9498666666667,4227.9955,267862.87855,263337.87105,9050.015,59710.84206666666,26388.754666666664,180847.96423333333,197621.0,23226.8904,167476.66853333332,6249.4465,168.49393333333333,40450.80176666666,5041.179025,307.9864,694.2247000000001,931.833675,2314.9564,175.65313333333333,-304085.83335,92189.46186666666,11818.4525,,24948.813366666665,13371.2957,4058.9990666666663,3053.383,7214.36,156663.5,3365.9593000000004,3233.0,2996.608066666666,47961.962775,69429.5728,56.521800000000006,14897.77,25083.2
Lao People's Democratic Republic,2008,0.199,6.75,1460.63,2939.64,227.77,0.0,0.0,7325.0,91.68,0.0,0.0,10846.85,225.6,-14792.995266666669,1176.8385,326.58806666666663,8090.675149999999,-13048.9334,7260.907666666666,42.02193333333333,242.5015,0.0,0.0,0.0,1666.8552666666667,3764.906466666667,9888.963366666663,1373.2,3757.1156,5625.496966666667,,543.4971333333334,0.0,21.439266666666665,,,373.401025,52.708333333333336,723.3811333333333,-74259.5744,5516.8458,83.5128,,-20309.841066666664,4263.4664,658.4360666666666,270.5915,631.9985,11159.9078,108.65116666666664,118.455,0.0,673.952625,2163.028,85.0664,31.747,236.2166666666667
Malaysia,2008,0.512,217.23,1624.06,746.04,583.95,682.25,0.0,1317.95,0.0,14.09,0.0,22808.76,5138.47,41552.97433333333,8124.277250000001,4196.9492,32003.574350000003,94821.75575,69673.48705,24.9327,156.933,27855.1504,26739.9244,1115.226,4994.841533333333,2282.041866666667,30014.711366666663,71484.5,1631.4648,17323.6884,1261.2358,37.75913333333333,2679.8572,2445.59645,0.0,,1590.0713,1666.8448,37.92313333333333,35779.5895,7364.428033333334,5203.549999999999,,-38875.143800000005,12691.022966666666,509.1256333333333,406.0065,648.6935,32600.0771,388.43086666666665,752.6,991.6248666666664,9492.540825,3289.3672,1.5662,4011.093,5951.733333333333
Myanmar,2008,0.495,64.88,4524.59,16832.4,1262.15,480.4,1.31,12773.67,60.25,3.73,1.15,29204.68,2011.58,82165.6873,8802.505,4776.598766666667,66480.14199999999,68771.091925,44588.6071,310.2464,2383.198,14773.4399,14172.5524,600.8875,25726.138266666665,23349.97133333333,83049.90776666667,6562.333333333333,23574.0204,54746.38646666667,174.86045,4769.879533333334,1279.04995,65.84855,0.2440666666666666,0.0,382.565125,85.18226666666666,5768.873466666667,-5350.1588,49922.3742,232.62645,,32243.3131,28303.5213,3983.936066666666,1725.4945,3749.538,68042.8254,99.82813333333335,707.55,13.797933333333331,4192.711175,35397.2528,445.6729333333333,343.387,2184.9
Philippines,2008,0.439,111.32,2118.86,6739.61,1451.69,673.88,0.0,1393.51,0.0,152.74,0.0,11476.8,6257.33,37615.7061,6664.2995,6946.524666666667,46644.5442,57480.334325,60570.30755,337.2286,1423.474,0.0,0.0,0.0,30615.857333333333,11108.802266666666,50109.01896666666,29334.7,9595.39,42303.0604,190.4666,15.0116,0.0,991.08585,102.4823,1249.9030333333333,1132.920775,840.009,17.257933333333334,-35784.5076,41735.6704,2577.87975,,-4119.964300000001,7805.958566666667,2694.1656,960.7575,2065.834,23372.8409,567.39,699.6,49.28993333333333,9062.779975,41780.2616,10.975466666666668,2214.234,5786.466666666667
Singapore,2008,,17.76,4.62,17.37,8.69,4.12,0.0,1.16,0.0,0.08,0.0,9.54,2.9,4.465233333333333,12.031,161.0845666666667,1683.4409500000002,16522.838425,16527.42175,,,0.0,0.0,0.0,0.212,10.417333333333334,10.576333333333332,16037.413333333336,0.3584,10.576333333333332,,0.0,0.0,338.42102500000004,8.0101,,1035.213875,233.4037,0.0,-18.3333,10.576333333333332,3180.682,,-6.1111,0.0,2.316733333333333,4.9025,6.9165,0.0,,91.69,,1675.5087,,0.0,0.212,1655.9733333333334
Thailand,2008,0.327,189.73,4059.17,24321.06,975.13,359.98,0.0,5240.77,12.75,30.97,0.18,10894.89,5453.76,54078.19176666666,12554.958,11764.655133333334,60355.97715,128521.643825,126502.8075,477.3036666666667,2522.005,1022.8,979.5785,43.2215,38459.13653333333,12690.6874,58103.3145,86482.66666666667,11868.5224,55998.72073333333,579.6977,1199.245,0.0,2365.3689,461.2199666666667,3897.643633333333,305.8915,2027.3093666666664,1386.2556000000002,220.9537,51386.41,13242.05,,2691.781766666667,2104.593766666667,2523.575933333333,1119.837,2262.305,2716.0463,4285.784566666667,1749.0,465.5806666666667,16778.491275,47843.1548,207.7736,6607.5895,11979.266666666668
Viet Nam,2008,0.201,143.14,2062.3,8460.75,874.24,193.8,0.0,5801.85,58.98,6.18,18.41,10709.98,4466.12,52170.96193333333,11022.4365,5092.0513,44165.518575,88719.0809,84216.7779,356.90079999999995,2497.7575,4141.2033,3979.2353,161.968,29076.149266666664,16866.7544,48519.33179999999,51074.06666666667,13882.6828,48329.42173333333,899.0305,189.9100666666667,0.0,1989.8984,0.0,0.0,1324.66145,913.3546666666666,380.5478,12888.3333,46167.891266666666,5550.09195,,6003.0706666666665,189.9100666666667,4709.458533333333,1634.2285,2719.0325,0.0,835.1187,1001.7,306.8299,7776.019725,36571.6652,117.00893333333332,4009.45,6979.156666666667
Brunei Darussalam,2009,0.858,4.26,9.76,19.1,13.76,20.08,0.0,6.94,0.0,0.24,0.0,506.86,28.65,455.7320666666667,57.505,111.47596666666668,679.487225,3648.3047,3351.11335,0.055,0.1855,282.0274,270.8709,11.1565,5.2378,46.73726666666667,503.0744,4280.953,8.9936,149.76723333333334,,0.7332666666666667,8.6807,117.561925,0.0,,67.00335,43.28856666666667,0.7332666666666667,-142.027,59.476933333333335,42.2404,,396.2551333333333,353.30716666666666,10.619866666666669,18.3645,26.8445,1040.3603,0.0,18.921,2.0571,302.181425,6.6612,0.0288666666666666,0.954,58.78666666666666
Cambodia,2009,0.403,9.64,1240.43,6730.05,429.07,42.93,0.0,1619.83,643.49,0.27,2.01,7282.26,234.15,20933.600366666666,2080.621,1044.4247666666668,15528.98305,18733.137725,14383.4432,106.777,615.1445,0.0,0.0,0.0,8372.184066666667,5917.401133333333,19340.40723333333,2718.14,6008.5004,15134.131533333331,,2343.4104666666667,0.0,75.87726666666667,,,101.412875,98.2191,4350.037133333333,-1239.929,13996.940500000002,261.0199333333333,,5799.5927,4206.2757,998.7208666666668,406.139,963.381,5588.5957,0.1238666666666666,612.15,11.165399999999998,1023.677625,11687.0096,844.4224666666668,95.9565,656.6566666666666
Indonesia,2009,0.552,1038.67,9741.75,18745.67,5429.82,4415.18,0.0,7266.01,0.0,1772.58,0.0,120803.9,21941.87,284071.9544666666,40604.095,47886.909933333336,308126.25450000004,406610.82585,264902.37055,685.7589333333334,4358.402,271895.262,267327.8545,9134.815,60874.17826666666,27582.20293333333,344846.929,214674.3333333333,24086.0172,168184.58663333333,7898.5336,1697.6542,184962.0215,5407.242875,414.76276666666666,742.5952666666667,1249.49815,2504.473933333333,1717.9048,-298967.33335,95127.3474,11601.81,,188944.60706666668,176662.34236666665,4250.044666666667,3270.047,7642.176,199222.0,444.3362333333334,4213.5,2930.835766666667,49491.05775,69725.572,581.0876666666667,16198.655,25123.4
Lao People's Democratic Republic,2009,0.558,7.12,1470.71,2942.26,235.63,0.0,0.0,7354.46,88.99,0.0,0.0,10791.11,233.65,-14171.633466666666,1232.9125,331.4948,8368.131300000001,-12181.5548,7757.391866666668,41.857800000000005,253.7905,0.0,0.0,0.0,1742.6703333333337,3878.8248,10232.815866666666,1521.2333333333331,3851.764,5893.665333333333,,619.1812666666666,0.0,24.72043333333333,,,381.825975,59.1342,1094.2755333333332,-74259.5744,5767.3132000000005,198.013,,-19938.946666666667,4339.150533333333,688.6384666666667,280.5555,652.9865,11159.9078,126.35213333333331,134.885,0.2417666666666666,693.5194,2251.8748,145.78273333333334,45.58,246.91333333333333
Malaysia,2009,0.742,223.54,1638.44,718.98,583.62,683.67,0.0,1340.19,0.0,15.49,0.0,22747.14,5181.74,48252.72433333334,7796.18075,4225.607466666666,36846.72865,100045.04825,69298.39065,25.357533333333333,164.9625,29140.5278,27974.8988,1165.629,4180.150333333333,2287.4346,36618.81683333334,71456.23333333334,1640.7048,16875.80086666667,1643.1623,146.30073333333334,13095.0343,2294.320775,0.0,,1640.2983,1633.2821333333334,147.33213333333333,35779.5895,6655.500433333334,5282.805,,-32104.0824,19743.01596666667,495.3296,412.7905,665.7595,32600.0771,293.6537333333333,749.95,857.3855,9382.616025,3381.1736,12.492266666666666,2688.6635,6140.733333333333
Myanmar,2009,0.93,67.19,4550.38,16784.26,1258.92,476.1,1.31,12793.06,61.82,4.36,1.16,29137.04,2085.2,89290.71616666667,8995.637,4842.231533333333,70388.155425,74478.138875,45636.1704,309.9955333333333,2395.653,14779.6443,14178.5978,601.0465,25659.0886,23992.14253333333,88222.38923333334,6705.666666666667,24061.1616,55634.0806,176.4574,8173.126066666667,2601.36115,51.370775,0.2735,0.0,392.29975,70.43730000000001,11097.9624,-5350.1588,50834.7582,237.22675,,38455.95796666667,32588.30863333333,4164.341466666667,1795.6665,3884.9,68042.8254,73.12313333333333,1086.5,6.343366666666667,4221.3635,35309.6156,782.8117333333333,318.371,2267.1666666666665
Philippines,2009,0.569,117.11,2113.43,6718.27,1452.09,675.1,0.0,1390.5,0.0,152.9,0.0,11526.69,6229.67,38284.78103333333,6835.6485,7008.342199999999,47387.453725,58435.182325,61527.44055,341.39753333333334,1413.192,0.0,0.0,0.0,31163.68113333333,11217.723133333331,50917.12373333333,29612.0,9617.9832,43113.94816666667,140.246,12.2286,0.0,1054.41995,93.30833333333334,1207.8420333333331,1190.331425,852.9986333333335,14.211266666666669,-35784.5076,42407.792,2764.54655,,-4123.010966666667,7803.175566666666,2765.6583333333333,978.8835,2081.2305,23372.8409,706.1561666666666,707.55,63.90623333333334,9199.610925,42457.8644,26.4054,2362.3425,5859.033333333333
Singapore,2009,,18.27,4.63,16.93,8.62,4.02,0.0,1.14,0.0,0.08,0.0,9.72,2.82,5.1071,12.773,164.85163333333333,1443.80505,16369.152825,16373.73615,,,0.0,0.0,0.0,0.265,11.0434,11.2182,15512.703333333331,0.3612,11.2182,,0.0,0.0,332.15775,2.590733333333333,,793.659725,245.3229,0.0,-18.3333,11.2182,3386.74,,-6.1111,0.0,2.4620666666666664,5.194,7.314,0.0,,104.94,,1435.3914,,0.0,0.265,1687.1333333333332
Thailand,2009,0.429,200.37,4061.71,23815.78,973.45,361.31,0.0,5233.6,12.79,30.97,0.18,10898.02,5950.21,57226.00226666667,14283.5,11775.5909,62527.7248,135164.2517,132622.05785,493.3217333333334,2596.0725,1022.7985,979.577,43.2215,40994.7524,12569.817266666669,61061.43513333334,91054.0,11756.6988,58489.536166666665,604.8802,1666.5502,0.0,2468.893125,388.0876333333333,3683.7909,257.81565,2171.116833333333,2084.0661333333333,220.9537,53836.41046666666,13456.075,,3389.5918,2571.898966666667,2477.4706,1120.5525,2261.2715,2716.0463,4326.600033333333,1809.95,453.0399,16731.64845,49893.718,243.0069333333333,8262.382,12790.933333333334
Viet Nam,2009,0.689,152.31,2069.8,8438.07,873.22,194.2,0.0,5811.03,60.28,6.19,18.44,10685.31,4486.91,55335.80733333333,15583.696,5184.181466666666,46820.520825,95255.8134,90673.071,335.95273333333336,2489.3305,4141.2033,3979.2353,161.968,32210.08,16756.0358,51536.377133333335,54895.533333333326,13562.8444,51400.143,936.5096,113.0762,34.7369,2164.559366666667,0.0,0.0,1351.947225,1095.7307666666668,464.6424,12888.3333,49225.48413333334,6600.0929,,6110.3232,136.23413333333335,4804.1234,1666.6645,2698.3625,0.0,848.2471,1081.2,331.7462,8168.237975,36754.5164,151.37013333333334,8567.3705,7255.486666666667
Brunei Darussalam,2010,0.933,4.76,9.75,18.87,13.75,20.05,0.0,6.9,0.0,0.24,0.0,507.02,28.3,458.2347333333334,36.00025,111.9867,671.517925,4025.1187,3729.449650000001,0.0624666666666666,0.212,280.2265,269.1495,11.077,7.6154,49.02133333333334,505.5770666666667,4162.7570000000005,8.7808,153.72583333333333,,0.0,7.5967,106.6863,0.0,,65.9333,45.34626666666667,0.0,-142.027,42.23163333333333,507.2004,,-423.36595,351.8512333333333,10.84748,19.3715,28.3285,1040.3603,0.0,16.2445,2.2877,292.335125,7.7784,0.0056,3.339,58.73633333333333
Cambodia,2010,1.136,10.31,1246.19,6748.84,429.02,42.91,0.0,1621.67,655.73,0.27,2.21,7236.76,240.23,20001.47583333333,2099.5685,1054.4235333333334,15230.202200000002,18124.559475,14534.26015,109.98713333333336,647.7395,0.0,0.0,0.0,8713.341,5732.116466666666,18875.004666666668,2892.35,5780.4838,15214.657833333333,,1797.4816,0.0,102.70133333333332,,,104.77337500000002,120.3904,3337.5102,-1239.929,14179.968366666668,268.0201333333334,,4787.065766666667,3660.3468333333335,901.5674333333332,393.472,933.33,5588.5957,0.2477666666666667,492.9,14.7183,1073.9487,12132.2908,768.9368,125.027,675.6333333333333
Indonesia,2010,0.755,1056.18,9823.49,18877.64,5428.69,4417.15,0.0,7331.5,0.0,1790.67,0.0,120333.7,22096.34,119727.31663333334,40217.5925,48330.35453333333,186371.6857,280345.852475,262186.48975,684.4019333333334,4387.234,278455.0173,273805.5658,9298.903,60410.84646666667,28867.327666666664,180375.6679,209887.3333333333,25492.4348,169756.18396666666,7452.7913,81.89393333333334,27665.256666666668,6242.398625000001,395.4692333333333,849.8437333333335,1035.545425,3169.348833333333,85.072,-286289.33335,95514.833,11678.465,,24212.483633333333,10619.483933333331,4427.655466666666,3306.405,7860.6685,88679.5,300.6404333333333,3471.5,3186.707666666667,51089.934775,69838.0508,37.3902,15364.382,26294.2
Lao People's Democratic Republic,2010,1.262,7.59,1476.37,2966.78,235.73,0.0,0.0,7352.7,91.01,0.0,0.0,10778.55,215.21,-11599.387733333337,1258.538,336.72883333333334,9534.4421,-9351.975566666666,8399.1635,43.4974,249.577,0.0,0.0,0.0,1809.9007333333327,3983.897533333333,11786.8074,1635.2700000000002,3935.484,6271.883333333334,,1794.9548000000002,0.0,28.553966666666668,,,375.7384,59.51473333333333,3282.083133333333,-74259.5744,6151.751333333334,236.5133,,-17751.139066666667,5514.9240666666665,719.3125333333334,290.8905,670.503,11159.9078,120.132,296.8,0.0,694.33655,2352.434,357.9707333333333,47.5675,256.6
Malaysia,2010,0.968,229.67,1662.71,718.05,583.57,683.2,0.0,1366.93,0.0,16.73,0.0,22618.73,5253.21,45499.68106666666,8446.35825,4276.341066666667,36657.26405,98679.9808,70582.33785,25.821066666666667,163.4255,30117.6792,28913.5722,1204.107,4903.548066666667,2321.1494,34973.8151,72324.36666666665,1608.0386,19075.1862,1669.6389,88.37486666666666,7415.342500000001,2833.866625,0.0,,1927.772525,1684.4954333333335,88.88266666666668,35779.5895,7143.155233333334,5168.469999999999,,-37577.91705,15898.628899999998,515.7638000000001,436.773,692.8425,32600.0771,1401.1716666666669,787.05,1036.3019333333334,10426.902725,3395.9828,8.721666666666666,3760.5355,6333.266666666666
Myanmar,2010,1.228,69.38,4563.51,16704.25,1257.84,474.63,1.31,12765.35,62.3,5.09,1.17,29143.53,2172.43,92014.8187,9201.8335,4914.2164,72744.2318,77318.319175,47132.75685,309.6812,2396.501,14777.9585,14176.912,601.0465,25501.4086,24983.639866666665,91201.6197,7607.5,24916.7296,56730.57253333333,163.6033,9249.156066666666,3811.42395,72.237675,0.5199333333333334,0.0,372.26025,155.0205,12083.274266666667,-5350.1588,51767.40226666667,250.60515,,40247.41643333333,34471.04716666667,4424.9938,1899.785,4021.4545,68042.8254,237.5329333333333,1166.0,19.19983333333333,4343.017025,35108.0464,881.6542666666666,283.0465,2357.3
Philippines,2010,0.902,123.11,2113.9,6468.34,1450.51,675.22,0.0,1390.93,0.0,153.06,0.0,11532.33,6468.34,37744.598300000005,7657.2015,7071.873666666666,46968.80130000001,60264.364025,63260.4865,321.6442,1347.4455,0.0,0.0,0.0,30594.75733333333,11094.6124,50135.86923333333,32358.966666666664,9509.0128,42292.868,30.8836,52.05426666666667,0.0,1089.49445,103.524,1280.6355333333331,1210.083525,884.4034333333333,142.39226666666667,-35784.5076,41739.42826666666,2861.6903,,-3994.829966666666,7843.001233333332,2730.9355333333333,971.702,2064.827,23372.8409,553.4397333333334,760.55,72.36396666666667,9366.899375,40788.9972,50.040866666666666,3273.227,5926.3
Singapore,2010,,18.86,4.68,16.57,8.56,3.94,0.0,1.13,0.0,0.08,0.0,9.82,2.59,5.428966666666667,13.144,167.85826666666665,1501.208,16949.949225,16954.53255,,,0.0,0.0,0.0,0.265,11.3476,11.540066666666666,14820.29,0.364,11.540066666666666,,0.0,0.0,342.82085,3.026,,828.4755,257.4578333333333,0.0,-18.3333,11.540066666666666,4277.65,,-6.1111,0.0,2.534733333333333,5.353,7.526,0.0,,112.18333333333334,,1492.55295,,0.0,0.265,1958.496666666667
Thailand,2010,1.236,211.19,4065.24,23675.9,972.73,361.49,0.0,5226.87,12.97,31.01,0.18,10901.06,6079.75,59613.91016666667,15060.6125,11819.945866666669,64771.601475,142107.277625,139788.6308,526.1413333333334,2813.346,1023.4016,980.1536,43.248,43936.86133333333,12273.175,63577.60693333333,97242.66666666669,11433.5424,61203.5224,578.2506,1271.93,295.20865,2567.3937,419.2237333333333,3967.6004666666654,232.248375,2202.3847666666666,1589.0054666666667,220.9537,56522.38106666666,13636.794999999998,,3091.5291,2374.084533333333,2426.3504,1104.414,2232.2805,2716.0463,4354.423466666667,1865.6,449.767,17088.396275,53435.41,283.5127333333333,8867.324,13193.666666666666
Viet Nam,2010,1.101,162.55,2076.05,8221.6,871.34,196.22,0.0,5816.38,61.26,6.31,18.44,10664.77,4700.85,54228.569266666665,16970.7325,5238.015666666666,46354.640125,98654.58325,93811.66465,951.5699,2551.9235,4144.6272,3982.5267,162.1005,31116.51913333333,16345.143266666666,50279.97143333333,58723.66666666666,12880.3948,49905.98156666666,924.6022,246.621,191.0533,2600.0123333333336,5.752466666666667,30.669666666666668,1364.603675,1168.4240333333332,706.2359333333334,12888.3333,58298.41206666666,7715.093800000001,,-243.97890000000007,373.9898666666666,5178.5343,1642.417,2629.5685,0.0,807.1282000000001,1163.35,355.6692,8644.66155,37012.4888,201.61506666666665,6600.0105,7524.849999999999
Brunei Darussalam,2011,0.597,5.18,9.72,18.67,13.7,20.07,0.0,6.87,0.0,0.25,0.0,507.16,28.01,152.9231,58.459,112.9706,450.358075,4491.688825,4421.18195,0.0587333333333333,0.2385,274.9693,264.1043,10.865,6.034400000000001,45.61666666666667,201.4813333333333,4852.109666666667,6.6192,146.9487,,0.1872666666666666,8.6807,108.533025,0.0,,67.26235,49.45406666666667,0.1872666666666666,-145.6747,58.91393333333334,684.4004,,94.00916666666669,54.53263333333333,10.607066666666666,18.7355,27.1625,145.6747,0.0,16.6155,2.177633333333333,299.247075,7.294,0.0,1.4575,60.274800000000006
Cambodia,2011,0.385,11.2,1256.96,6780.8,429.86,42.75,0.0,1635.38,662.6,0.27,2.21,7166.47,245.64,47195.2354,2185.031,1067.0141666666666,39265.844675,38648.6369,15129.8654,114.31833333333331,680.891,0.0,0.0,0.0,9350.0474,5627.254933333334,50894.149,2945.146666666667,5699.6128,15837.121166666666,,2816.065533333333,0.0,99.15836666666668,,,109.878875,127.22986666666668,5009.695333333333,-17676.8869,14659.2967,289.35380000000004,,31358.362000000005,35057.02783333333,958.9667333333332,387.748,915.045,96722.8869,0.2477666666666667,604.2,20.4032,1095.232925,12971.3556,859.5887333333334,201.347,698.98
Indonesia,2011,0.3,1075.2,9887.62,18502.79,5421.13,4421.26,0.0,7381.98,0.0,1819.8,0.0,119956.7,22688.89,294568.7911333333,41932.6725,48764.01513333333,280370.16325,451471.31335,303382.4375,662.6089333333333,4297.6905,285457.29585,280733.51185,9447.568,60310.03160000001,30226.649266666664,303475.2976333333,260717.0,26309.486,175375.7359666667,8094.1045,570.9106666666667,149268.58616666668,7562.9753,251.13156666666669,676.293,1136.68125,4124.7042,591.6848666666666,-195745.26395,97116.95666666668,12250.044999999998,,197451.83446666668,128099.56166666666,4687.3151333333335,3616.879,8382.639,161012.09725,3127.438066666666,4319.5,2237.8658666666665,52763.690025,68985.574,281.8776,16187.896,27462.9
Lao People's Democratic Republic,2011,0.041,8.06,1482.48,2963.48,236.35,0.0,0.0,7342.96,91.15,0.0,0.0,10772.46,227.0,12054.098666666669,1293.889,342.83796666666666,10118.86555,14243.390933333334,8092.601933333334,42.53026666666667,248.676,0.0,0.0,0.0,1742.6698666666668,4076.3718666666655,12557.436833333331,1678.88,4040.974,6033.1567,,470.7488,0.0,30.4055,,,376.134025,59.19416666666667,628.789,-1594.594,5903.309666666667,253.5134,,6150.789,6524.280133333334,721.0905333333334,297.3565,694.5915,18160.594,129.84703333333334,114.215,0.4344666666666666,700.787925,2248.2684,84.26793333333333,53.265,265.26
Malaysia,2011,0.576,236.19,1673.36,715.53,620.05,684.17,0.0,1376.18,0.0,18.07,0.0,22535.36,5273.89,-30049.1473,7898.65625,4314.0877666666665,27652.731525000003,42670.514525,71284.05725,26.1209,168.752,30542.1729,29321.3709,1220.802,5029.7802,2256.1481333333336,23323.1246,72705.83333333333,1497.9706,19071.63853333333,1821.7784,30.6344,6331.2775,2661.87165,0.0,,1977.322725,1692.4112666666667,30.6344,-199558.095,7123.3615,5400.15,,-93727.727725,4251.486066666666,502.74556666666666,450.023,706.7285,1780.215,1195.6052333333334,795.0,747.8329333333332,10160.388075,3444.2352,2.448533333333333,3895.818,6507.133333333334
Myanmar,2011,0.512,72.1,4574.84,16626.33,1256.95,476.87,1.31,12718.87,62.27,6.03,1.17,29167.33,2256.72,79828.99106666667,9669.7175,4972.144566666667,65171.8536,68659.68985,46811.891650000005,295.714,2217.3875,14773.3536,14172.4661,600.8875,24306.296466666667,25560.38813333333,80965.50833333335,8465.666666666666,25493.1852,55603.90263333333,222.0317,4910.652466666666,1336.315,81.581075,2.5739666666666667,0.0,396.9662,143.7859,5851.81,-5689.563,50698.593466666665,258.32155,,29130.3976,25361.6057,4424.253333333333,1936.3285,4274.715,58680.2297,181.1538,728.75,25.707866666666664,4447.72235,33158.0844,431.3014,640.399,2421.333333333333
Philippines,2011,0.472,129.57,2115.09,6548.06,1448.41,676.48,0.0,1391.84,0.0,153.07,0.0,11533.37,6379.85,35211.42426666667,7213.4855,7165.6084,41504.65725,58988.83395,64154.419,334.2693333333333,1425.1435,0.0,0.0,0.0,31523.744733333337,10551.118133333332,42603.1059,32779.5,9067.3492,42591.52483333333,389.0452,11.581066666666668,0.0,1096.9594,99.35806666666667,1268.1678,1230.2431,869.8105999999999,13.219933333333332,-20702.0,42098.871,2876.7157500000003,,-6887.446733333333,11.581066666666668,2554.4053333333336,936.3245,1991.3955,0.0,492.6538333333333,720.8,100.8737,9552.327825,42498.4448,24.01,2860.622,6344.7
Singapore,2011,,19.39,4.72,16.03,8.55,3.9,0.0,1.13,0.0,0.08,0.0,9.9,2.54,35.75483333333333,12.8525,170.79610000000002,1527.912125,14696.021125,14677.6878,,,0.0,0.0,0.0,0.265,11.133733333333334,35.28496666666667,11802.696666666665,0.364,11.3104,,0.0,0.0,343.420725,2.1030333333333333,,821.4105,275.92393333333337,0.0,1.4096,11.3104,4246.42,,24.444433333333333,23.974566666666664,2.4994,5.2205,7.367,71.9237,,116.07,,1501.4484,,0.0,0.265,1978.28
Thailand,2011,0.194,224.32,4069.32,23662.49,972.46,362.94,0.0,5198.44,12.87,31.14,0.17,10929.32,6074.92,57734.97556666667,14918.069,11992.624933333334,64619.1755,140532.436675,139003.2953,536.2669999999999,2912.085,1023.4016,980.1536,43.248,44019.73046666667,11548.1098,62216.79383333333,95947.0,10586.2316,60758.05263333333,595.6863,553.649,0.0,2736.666375,481.96886666666666,4492.6227,253.640625,2257.125333333333,807.6928666666666,-1.9433,55696.12039999999,14059.155,,2038.855166666667,1458.7412000000002,2361.3470666666667,1072.826,2121.0865,2715.2766,4735.214366666667,1746.35,532.1271,17956.580125,53544.3132,99.43046666666667,8768.8235,13784.833333333334
Viet Nam,2011,0.124,171.67,2085.67,8218.63,869.03,200.33,0.0,5847.77,61.9,6.31,18.45,10606.39,4709.6,39565.55873333333,12600.2465,5301.264633333333,45710.71309999999,91647.3138,97240.15045,346.1782,2667.861,4141.2036,3979.2356,161.968,30986.49253333333,15787.4488,49393.93863333333,62171.23333333334,12381.068,49158.98536666667,963.7375,217.5854,26.0518,2511.215633333333,14.180966666666665,46.636433333333336,1357.259225,1156.3847,461.1047333333333,-27786.0,47022.67426666667,8825.09475,,-7457.115533333334,234.95326666666665,4659.5138,1681.796,2629.065,0.0,809.8992333333334,1134.2,393.0715333333333,8665.259125,37833.0568,140.73473333333334,5459.5565,7936.7
Brunei Darussalam,2012,0.768,5.56,9.76,18.55,13.7,20.06,0.0,6.87,0.0,0.25,0.0,507.05,27.83,153.25946666666667,65.932,113.66566666666668,464.675625,4548.04955,4482.4389,0.0624666666666666,0.2385,273.2546,262.4426,10.812,6.484733333333334,52.08586666666667,201.8177,4741.753,6.4344,153.25946666666667,,0.0,0.0,118.773,0.0,,68.675525,51.7669,0.0,-145.6747,65.7786,822.1004,,87.48086666666667,48.55823333333333,12.286266666666668,21.783,31.482,145.6747,0.0,17.1985,2.3858333333333333,313.31235,7.7784,0.0,1.6165,61.45406666666668
Cambodia,2012,0.81,13.0,1263.48,6789.48,429.81,42.74,0.0,1638.69,662.67,0.25,2.21,7133.81,257.99,45257.94206666667,2179.1745,1076.8083666666666,38234.49815,37276.1947,14829.6891,118.47793333333334,714.811,0.0,0.0,0.0,9557.9804,5027.025933333333,49510.56053333334,3037.69,5038.4264,15329.515699999998,,1940.0825333333328,0.0,90.42013333333333,,,107.676975,134.1738,3580.0074666666665,-17676.8869,14570.330633333331,310.6875333333333,,29928.67413333333,34181.04483333333,893.5506666666666,351.655,810.1315,96722.8869,0.2477666666666667,559.15,23.79883333333333,1101.57775,13141.842,744.2774,302.577,722.5066666666667
Indonesia,2012,0.407,1099.99,9950.16,18597.65,5415.52,4423.48,0.0,7429.35,0.0,1837.31,0.0,119596.7,22805.21,303315.17633333337,43117.62,49118.51033333334,288512.716975,468214.38725,315270.721,666.6006666666666,4411.296,293507.8903,288726.6013,9562.578,60193.704666666665,32544.990533333334,312272.2179666666,272738.0,28432.7596,178653.72086666667,8908.1414,866.5606666666666,160499.87159999998,7945.03175,302.9556666666667,716.3720333333332,1078.599275,4622.447966666667,909.0603333333332,-176775.76395,99390.288,12984.905,,203924.8883333333,133618.4971,5001.2028,3869.8745,9013.0475,198462.09725,3199.698666666667,4266.5,2650.230133333333,54308.5535,68618.5332,276.54266666666666,16260.824,28075.13333333333
Lao People's Democratic Republic,2012,0.886,8.51,1484.95,2969.91,236.76,0.0,0.0,7337.73,91.41,0.0,0.0,10770.06,224.59,13353.474333333334,1480.449,346.0344,10679.6989,15655.7934,8803.668266666666,45.43166666666667,277.0045,0.0,0.0,0.0,2051.0437333333334,4273.0228,13280.619933333335,1731.5833333333333,4233.852,6608.516666666666,,618.5719333333333,0.0,35.03906666666666,,,383.59465,66.09286666666667,1330.1251333333332,-1594.594,6501.349200000001,290.5136,,6852.125133333332,6672.103266666666,756.5611333333333,312.3555,728.485,18160.594,107.16746666666668,153.7,0.3527,719.23395,2568.8096,177.28266666666664,162.604,274.5933333333333
Malaysia,2012,0.721,245.95,1689.74,693.75,635.72,684.16,0.0,1389.91,0.0,18.8,0.0,22441.62,5333.17,-31989.6652,6590.179,4345.598166666667,26702.160875,43586.6661,73714.09845,23.817733333333337,169.388,30944.2853,29707.6363,1236.649,5073.490866666667,2280.2126000000003,21544.686466666662,75432.03333333333,1456.2128,19440.998633333333,1893.6857,24.514066666666665,3118.76065,2805.794675,0.0,,2066.59575,1696.097066666667,25.037666666666667,-156530.0,7409.988966666667,5555.99,,-40169.9098,2103.6878333333334,516.6711,473.608,734.7655,0.0,1358.2086,789.7,888.7503333333334,10543.646025,3429.3532,2.126133333333333,3975.7685,6738.733333333333
Myanmar,2012,0.952,76.3,4580.52,16584.15,1254.91,477.48,1.31,12711.83,62.44,6.36,1.29,29164.23,2299.97,83432.27223333334,9955.997,5014.026800000001,66837.082975,70648.201225,46204.025250000006,276.3337333333333,2078.978,14771.6214,14170.7869,600.8345,22560.51353333333,27230.60453333333,83036.7663,7253.600000000001,26885.824,55671.2749,240.50845,6709.226933333332,1644.28185,96.0621,3.914333333333333,111.1828,406.7466,100.82743333333332,9108.895533333334,-5689.563,50840.0376,311.32205,,32592.234633333337,27365.4914,4937.8082,2112.0765,4441.294,58680.2297,107.64166666666668,943.4,18.642366666666664,4559.508250000001,30624.4512,648.3808666666666,722.814,2467.7000000000003
Philippines,2012,0.778,136.14,2117.13,6597.5,1445.77,678.21,0.0,1393.31,0.0,153.07,0.0,11529.04,6325.56,35777.3358,6975.1445,7238.4935,42084.482475,60202.2049,65371.41590000001,342.4066,1510.924,0.0,0.0,0.0,32368.997333333333,10277.759533333334,43208.3454,33847.833333333336,8828.414,43201.761066666666,424.2003,6.584333333333333,0.0,1122.03275,121.3247,1239.5227,1268.24375,903.5032,8.385333333333334,-20702.0,42669.61713333333,3131.72805,,-6892.281333333332,6.584333333333333,2478.2142,920.08,1950.824,0.0,532.1439333333334,739.35,73.01863333333333,9678.223425,43935.6484,22.8584,2593.3165,5975.900000000001
Singapore,2012,,20.04,4.78,15.42,8.53,3.82,0.0,1.14,0.0,0.08,0.0,9.99,2.45,36.2535,13.409,173.57223333333332,1498.684725,18815.137625000003,18796.804300000003,,,0.0,0.0,0.0,0.265,11.634266666666669,35.783633333333334,17370.17,0.364,11.809066666666666,,0.0,0.0,332.111575,2.9997000000000003,,803.1437,272.21686666666665,0.0,1.4096,11.809066666666666,4181.105,,-41.474175,23.974566666666664,2.6270666666666664,5.459,7.685,71.9237,,107.06,,1471.8469999999998,,0.0,0.265,1998.56
Thailand,2012,0.857,243.39,4071.32,23510.01,971.8,363.03,0.0,5189.98,12.87,31.15,0.15,10940.81,6203.88,58622.07249999999,14949.604,12062.9249,66803.31945000001,146386.774375,143973.93015,536.9432,2907.633,1023.4016,980.1536,43.248,44130.7896,10964.305733333336,63219.69706666668,101472.0,9901.4132,60601.0204,586.4306,1713.5844666666665,0.0,3042.210025,534.7372333333333,4987.0823666666665,990.18365,2339.1936333333333,1985.9633333333331,-1.9433,55404.946866666665,14616.945,,3217.125633333333,2618.6766666666667,2322.9872666666665,1046.008,2014.5565,2715.2766,4869.355666666667,1931.85,355.4558333333334,19388.54665,53544.9516,281.0372,8938.1585,14311.133333333331
Viet Nam,2012,0.759,186.77,2089.57,8144.59,868.36,200.91,0.0,5850.4,63.44,6.3,18.45,10595.7,4771.25,40250.61146666667,13568.689,5374.8274,46304.613575,89972.82955,95517.1745,352.8204666666666,2729.341,4141.2036,3979.2356,161.968,32105.80873333333,15245.543666666666,49924.89573333333,58502.9,11929.2012,49749.5044,1392.8935,175.39133333333334,0.0,2553.9913333333334,22.66113333333333,71.40603333333333,1384.85595,1135.1246,543.1282,-27786.0,47643.07139999999,9105.09595,,-7392.459933333334,175.39133333333334,4537.060866666667,1615.2015,2518.3215,0.0,780.0211333333333,1128.9,345.8059333333333,8860.941775,38356.2844,183.74033333333333,6543.857,8317.533333333333
Brunei Darussalam,2013,0.962,6.29,9.7,18.06,13.68,20.05,0.0,6.78,0.0,0.25,0.0,507.73,27.09,153.53366666666668,69.7215,114.22396666666668,446.37235,3442.2694,3378.4745,0.0531333333333333,0.212,265.7001,255.1796,10.5205,4.656733333333333,56.80526666666666,202.0919,4042.749,6.2972,153.53366666666668,,0.0,0.0,105.245175,0.0093,,63.76604999999999,51.17113333333334,0.0,-145.6747,68.4738,240.35045,,85.05986666666666,48.55823333333333,13.528466666666668,24.009,34.5825,145.6747,0.0,15.5025,2.3185,294.803425,6.3196,0.0,0.3975,62.60763333333333
Cambodia,2013,0.908,19.05,1276.93,6768.54,429.83,42.8,0.0,1659.63,662.96,0.25,2.21,7075.78,296.16,45464.02853333333,2144.327,1088.2484000000002,38073.819075,37451.0148,14735.883699999998,117.5266,712.1345,0.0,0.0,0.0,9426.760666666669,5006.3242,49305.43406666667,3058.4666666666667,5013.904,15177.434833333333,,1887.0369333333333,0.0,66.96743333333333,,,105.663575,137.08473333333333,3938.1748,-17676.8869,14544.7102,322.35453333333334,,30286.841466666665,34127.99923333333,894.4795333333333,349.482,804.381,96722.8869,0.2477666666666667,516.75,26.4725,1094.743525,12973.4136,744.0845333333333,278.3295,745.3366666666667
Indonesia,2013,0.75,1150.55,9972.41,18391.96,5413.72,4422.72,0.0,7442.55,0.0,1851.78,0.0,119444.2,23065.55,287314.7907333333,41840.479,49367.94383333335,273196.4522,426911.66805,282687.0355,660.5935333333333,4386.7305,299490.06355,294681.85055,9616.426,59755.585066666674,28640.0676,293615.05600000004,232774.3333333333,23776.4324,172023.9478,5181.3752,474.6759333333334,148206.36743333333,6685.3145,501.3187666666667,1289.3898333333334,1033.3377,4354.244333333333,482.6867333333333,-184333.76395,95015.28066666667,13430.325,,192299.51006666667,121591.10820000002,4497.863333333334,3785.0215,8651.879,264078.59725,508.43343333333337,3789.5,3115.3218999999995,52985.1602,68855.3348,208.65966666666668,15400.422,28693.0
Lao People's Democratic Republic,2013,1.081,10.06,1487.43,2882.63,236.81,0.0,0.0,7325.05,91.46,0.0,0.0,10777.74,312.75,13489.109066666666,1448.3045,351.62086666666664,10987.63705,16120.618266666666,9126.654333333334,44.6548,274.0365,0.0,0.0,0.0,1938.8081333333328,4333.481866666666,13656.8693,1938.043333333333,4274.116,6622.511300000001,,980.8266666666668,0.0,38.56583333333333,,,395.011375,75.42873333333334,1471.9639333333334,-1594.594,6495.1451333333325,420.0138,,6993.9639333333325,7034.358,778.2172,319.6165,739.138,18160.594,127.36616666666669,192.655,1.0163,744.985075,2451.68,222.8728,115.5135,285.02
Malaysia,2013,0.958,265.68,1699.06,622.39,636.24,684.13,0.0,1397.33,0.0,19.69,0.0,22402.76,5405.54,-31417.190166666667,5757.5225,4381.131166666666,28046.661725,51906.102375,81190.88695,23.3048,168.3015,31123.1635,29879.4655,1243.698,4421.4278,2376.3123333333333,22120.2504,85667.03333333333,1464.7136,18949.785,1937.0418,30.531,4709.9016,3013.0114,0.0,,2162.6945,2233.713733333333,30.531,-156530.0,7018.554633333333,5682.17,,-39046.379433333335,3170.4654000000005,542.1328333333333,506.8125,774.7275,0.0,1360.7739,813.55,1113.8319333333334,11456.473925,3364.8972,2.320866666666667,3063.983,6839.7
Myanmar,2013,0.991,85.1,4585.23,16557.73,1255.34,477.76,1.31,12700.36,62.47,6.37,1.29,29168.36,2319.5,83437.46693333333,10578.3495,5047.9045,67507.846625,70875.8818,47138.268,277.0761333333333,2105.7165,14764.6486,14164.0791,600.5695,22672.8702,28232.8078,83887.2991,7509.899999999999,27763.4252,56862.54133333333,226.3704,5623.7588,2761.3836,98.397175,6.5398,107.61926666666666,415.083675,106.58266666666668,7424.314066666667,-5689.563,51787.315200000005,339.1566,,31650.15173333333,27024.757766666666,5156.354866666667,2208.616,4642.6145,58680.2297,353.8664333333333,837.4,18.96193333333333,4592.3723,30467.1416,481.2733333333333,1020.833,2543.333333333333
Philippines,2013,0.905,151.4,2120.34,6577.47,1444.49,677.91,0.0,1395.51,0.0,153.15,0.0,11526.27,6329.2,36293.44133333333,7293.1445,7312.897333333333,42799.901425,63178.521250000005,68335.5267,342.595,1530.64,0.0,0.0,0.0,32943.61533333333,10204.546666666669,43763.2694,36301.76666666666,8752.2456,43750.95506666667,348.5328,12.314333333333332,0.0,1204.283275,142.1992,1291.2538333333334,1351.276625,934.5084,24.6594,-20702.0,43169.4486,3284.24025,,-6876.007266666667,12.314333333333332,2468.305933333333,915.522,1936.62,0.0,581.5064666666666,789.7,98.8161,9977.449375,44460.5252,21.2708,2910.3625,6737.366666666666
Singapore,2013,,20.69,4.83,14.6,8.47,3.75,0.0,1.15,0.0,0.08,0.0,10.1,2.56,36.23583333333333,13.3825,175.95746666666665,1672.84235,20892.646875,20874.31355,,,0.0,0.0,0.0,0.2385,11.634266666666669,35.765966666666664,18809.88,0.364,11.7914,,0.0,0.0,334.233875,2.1659,,979.255625,265.24780000000004,0.0,1.4096,11.7914,4903.44,,24.444433333333333,23.974566666666664,2.6270666666666664,5.459,7.685,71.9237,,99.28666666666668,,1646.017875,,0.0,0.2385,2373.54
Thailand,2013,1.072,272.11,4072.52,23346.85,971.37,363.65,0.0,5185.72,12.82,31.18,0.12,10952.55,6329.52,56129.66076666667,12438.79525,12101.634866666667,65364.191475,148879.455575,147190.04744999998,999.5976,2823.681,1023.4016,980.1536,43.248,43345.96173333334,10315.793933333332,60910.5326,106789.66666666669,8592.6764,59224.99146666667,569.708,780.4489333333332,0.0,3911.5824666666663,654.8748333333334,5461.8912666666665,1159.870375,2369.216233333333,1021.3818666666666,-1.9433,47240.691633333336,14892.785,,-19937.276875000003,1685.5411333333334,2301.774433333333,1022.1845,1922.1775,2715.2766,5021.157,1839.1,6.1266,19681.292025,52324.7928,186.54846666666663,9075.7995,14503.5
Viet Nam,2013,0.911,211.75,2093.18,8106.86,868.53,201.0,0.0,5849.59,64.06,6.27,18.45,10594.85,4781.21,42991.274333333335,18663.2875,5442.281766666667,49883.512675000005,94270.00275,99149.5509,1038.7441,2761.724,4141.2036,3979.2356,161.968,34226.71226666666,15072.498733333334,52914.91329999999,60182.033333333326,11687.9784,51637.36883333333,5556.8829,131.21646666666666,1719.492,2800.027700000001,53.555600000000005,72.32413333333334,1382.420275,1102.6552,283.19593333333336,-27786.0,55798.90926666666,9845.097000000002,,-13469.42065,1277.5444666666667,4758.4221,1581.0165,2454.6685,0.0,813.6184333333334,1123.6,430.0713333333333,10197.3277,39055.5704,90.16466666666668,8984.348,8644.166666666666
Brunei Darussalam,2014,0.917,6.88,9.74,17.82,13.67,20.15,0.0,6.8,0.0,0.22,0.0,507.62,26.73,185.8667,65.084,113.57143333333332,480.803675,4161.536725,4070.33825,0.0531333333333333,0.212,263.0535,252.639,10.4145,5.2927333333333335,52.006,234.4249333333333,4381.427,6.4652,148.48173333333332,,1.2112,54.26065,108.087225,0.0334333333333333,,70.8131,52.1436,1.2112,-145.6747,64.26873333333333,680.75045,,121.59796666666666,85.9432,12.2742,21.73,31.376,145.6747,0.0,15.5555,2.3643666666666667,304.984975,6.3196,0.0288666666666666,1.3515,63.38433333333334
Cambodia,2014,0.59,22.36,1280.93,6751.35,432.77,42.63,0.0,1669.45,662.86,0.25,2.11,7057.5,311.93,45267.917,2200.4805,1089.5003,38296.923925,37681.4114,15225.7057,115.03833333333334,697.8775,0.0,0.0,0.0,9639.759866666667,4989.162533333333,49536.05299999999,3532.966666666667,4989.18,15327.223833333332,,1967.8668666666665,0.0,89.36176666666665,,,119.8174,149.81026666666668,3592.274266666667,-17676.8869,14325.8047,335.0215333333333,,29940.94093333333,34208.82916666667,897.0688666666666,348.846,800.1145,96722.8869,0.2477666666666667,500.85,38.08336666666667,1144.884175,13235.5916,698.0341333333334,353.6425,772.0766666666667
Indonesia,2014,0.762,1213.88,10008.16,18279.51,5344.47,4460.58,0.0,7472.24,0.0,1883.8,0.0,119262.6,23230.18,433446.00296666665,43490.528,49514.601,385071.92805,540395.717225,289201.0457,656.1868000000001,4365.133,292039.35995,287176.84845,9725.023,59548.372266666665,31811.5136,439778.5868,236210.3333333333,27025.74,176486.67890000003,8280.8615,1969.1600666666664,386517.0163333334,7998.930025000001,1335.1181333333332,425.8285,1214.24215,4479.932633333334,2019.4245333333336,-183047.26395,98519.77426666667,13874.965,,334926.22870000004,263291.9079,4896.218933333334,4043.317,9303.885,189598.09725,583.0056666666667,4876.0,2850.6536666666666,55237.98795,67919.9752,676.5397333333334,16053.17,29120.666666666668
Lao People's Democratic Republic,2014,0.67,11.3,1490.08,2814.49,243.11,0.0,0.0,7313.87,92.45,0.0,0.0,10779.3,379.33,13529.299533333333,1537.636,356.6782666666666,10953.919625,16246.702133333334,9353.014666666668,49.7386,312.276,0.0,0.0,0.0,2117.3016,4378.284733333333,13548.210833333333,2021.1266666666663,4294.178,6679.9113,,814.7682,0.0,42.983,,,427.3109,87.58229999999999,1371.6874666666663,-1594.594,6635.612066666668,428.0139,,6893.687466666667,6868.299533333334,801.2890666666667,326.5065,744.809,18160.594,44.299233333333326,164.035,0.0241333333333333,792.7615000000001,2635.024,140.0257333333333,154.0445,301.57666666666665
Malaysia,2014,0.95,277.34,1727.99,614.72,646.84,693.95,0.0,1425.35,0.0,22.28,0.0,22275.24,5449.1,-23873.362933333334,6068.182,4372.8226,33754.029125,58891.9728,82547.48705,21.23153333333333,172.2765,31956.8924,30680.1224,1276.77,4402.5256,2401.1863333333336,29632.81373333333,86772.5,1453.0012000000002,19225.179066666667,2027.017,119.74066666666666,15431.841,2965.386975,0.0,,2200.50755,2438.113733333333,121.37953333333331,-211838.885,7201.268033333334,5955.67,,-31540.685666666668,10407.634666666669,557.9942,516.1935,782.0945,1658.575,1331.148866666667,919.55,998.0903666666668,11529.418825,3078.8464,12.428933333333331,3320.8475,7069.566666666667
Myanmar,2014,0.81,95.5,4586.34,16548.39,1262.3,478.16,1.31,12679.5,62.84,6.35,1.29,29188.53,2310.29,86270.76419999999,11235.841,5054.155900000001,69713.97542500001,74007.78115,49109.313,275.6529333333333,2077.5205,14748.7139,14148.8069,599.907,22596.39413333333,29471.185866666667,86687.67253333333,8618.666666666666,28781.9812,58150.03116666668,233.16425,7302.8488,2512.074,137.27055,6.7318,104.05573333333332,427.1949,151.49450000000002,9143.417,-5689.563,53072.80666666667,372.983,,33197.957533333334,28537.641366666667,5445.817733333333,2350.2055,4905.8655,58680.2297,360.9555333333333,1009.65,39.79336666666666,4698.221025,30101.2488,605.2886666666667,1302.3425,2617.2000000000003
Philippines,2014,0.737,166.4,2124.21,6534.05,1393.95,700.13,0.0,1401.15,0.0,155.4,0.0,11579.13,6321.31,36490.1326,7699.628,7336.899833333333,43169.66465,64820.052,69966.8043,345.1523333333334,1566.839,0.0,0.0,0.0,33180.63993333333,10134.981133333333,43978.8632,38318.56666666667,8669.3852,43950.8916,355.1844,27.9716,0.0,1251.646975,117.58706666666669,1288.9225,1490.151975,959.4432,38.33026666666667,-20702.0,43352.469000000005,3501.75255,,-6862.3364,27.9716,2457.5316666666668,915.681,1931.108,0.0,598.4226,824.15,103.71053333333332,10185.51725,44400.3952,36.846066666666665,3286.0,6399.599999999999
Singapore,2014,,21.1,4.87,14.21,8.37,3.75,0.0,1.16,0.0,0.08,0.0,10.15,2.54,36.2377,13.3825,177.69186666666667,1681.3163,20705.308275,20686.97495,,,0.0,0.0,0.0,0.2385,11.634266666666669,35.767833333333336,17898.766666666666,0.364,11.793266666666668,,0.0,0.0,334.814425,1.788266666666667,,1002.455225,243.48083333333335,0.0,1.4096,11.793266666666668,5300.78,,24.444433333333333,23.974566666666664,2.6289333333333333,5.459,7.685,71.9237,,98.75666666666666,,1654.490425,,0.0,0.2385,2505.61
Thailand,2014,0.665,296.67,4065.6,22890.46,976.74,369.17,0.0,5160.75,12.54,31.46,0.11,11019.0,6715.9,53734.857266666666,13944.353,12091.707233333333,69154.347175,146599.89794999998,143539.5619,494.4334666666667,2558.7075,1027.9127,984.4792,43.4335,39717.58786666667,9668.103866666666,58399.08673333334,104552.33333333331,8437.3492,55035.87476666667,567.641,2162.9134,442.80955,3903.8802,660.1112666666667,6253.408733333334,6295.026875,2296.8619,2552.637533333333,-1.9433,49654.4092,15868.905,,4080.4480666666655,3363.211966666667,2159.2487333333333,996.612,1829.3215,2715.2766,5053.305833333334,1934.5,18.15726666666667,25355.032125,47759.7428,239.7636666666667,8516.2785,14731.133333333331
Viet Nam,2014,0.577,243.18,2097.85,8048.56,872.42,201.3,0.0,5855.58,65.56,6.26,18.44,10586.96,4799.63,41456.38166666667,14580.141,5383.896333333333,49177.29905,101218.2093,106522.52,356.2563333333333,2789.5225,4137.638,3975.829,161.809,32985.532466666664,15273.539933333332,51264.7148,69511.53333333333,11912.2248,50723.3832,5642.5837,188.16406666666668,529.7513,3147.156966666667,41.53713333333334,73.26443333333334,1523.6613,1169.9089,511.14186666666666,-27786.0,48528.795933333335,10690.09805,,-7072.414266666667,541.3316,4596.514733333333,1611.3325,2491.9805,0.0,869.3109333333333,1229.6,576.8440666666667,10728.76295,38628.8924,161.85273333333333,7525.4965,8916.5
Brunei Darussalam,2015,1.124,7.04,9.75,17.74,13.67,20.14,0.0,6.8,0.0,0.22,0.0,507.65,26.62,155.40779999999998,65.4285,113.29873333333336,453.74895,3554.5938,3486.95325,0.0531333333333333,0.2385,263.0535,252.639,10.4145,5.3104000000000005,52.8152,203.9660333333333,3769.293666666667,7.252,149.4334,,0.1872666666666666,8.6807,102.79455,0.0283666666666666,,72.106375,52.389633333333336,0.1872666666666666,-145.6747,65.2204,555.25045,,90.1874,54.53263333333333,12.3822,21.8095,31.6145,145.6747,0.0,15.105,2.1144000000000003,300.774425,6.3196,0.1183333333333333,1.3515,64.353
Cambodia,2015,1.059,23.72,1281.01,6710.35,432.77,42.62,0.0,1669.45,662.86,0.25,2.11,7057.75,351.24,45619.111800000006,2286.3935,1098.3359,38663.115375,38428.9803,15889.4031,111.78713333333332,691.65,0.0,0.0,0.0,9685.311133333336,4975.6128,49927.98466666666,4019.466666666667,4828.978,15566.589966666666,,2120.4324,0.0,111.8906,,,148.22485,168.73663333333334,3704.1029333333336,-17676.8869,14344.014433333332,405.6886,,30052.7696,34361.3947,836.4000666666667,347.097,801.4925,96722.8869,0.2477666666666667,593.6,46.23953333333333,1217.126875,13222.482,905.4006,446.154,798.64
Indonesia,2015,0.78,1245.23,10009.96,18175.13,5343.68,4460.07,0.0,7471.72,0.0,1881.91,0.0,119267.6,23300.15,451290.7828,43528.0255,49594.4955,396780.068225,571522.0120999999,307475.46795,649.4783333333334,4456.823,308999.9376,304138.6716,9722.532,58937.24866666666,33040.6566,457190.59023333335,258612.3333333333,28152.3648,176905.3435333333,8203.4331,2855.8604666666665,503783.9880666667,8452.533824999999,170.9976333333333,40.90566666666667,1256.44375,3104.3965666666663,3068.7342000000003,-193716.26395,99228.72393333334,14202.425,,352062.05886666663,280285.2467,5074.6874,4173.22,9623.3425,433155.59725,312.8385333333334,4902.5,3258.924066666667,53887.12555,67422.698,769.166,15552.108,29921.33333333333
Lao People's Democratic Republic,2015,1.319,11.95,1490.13,2780.68,243.1,0.0,0.0,7313.87,92.45,0.0,0.0,10779.43,412.33,13620.402066666667,1580.354,360.7665666666667,11188.866475,18016.9248,11245.459133333332,50.73933333333333,321.2595,0.0,0.0,0.0,2137.9386,4502.043733333333,13773.747166666668,3547.7700000000004,4405.8924,6901.2857,,818.9301333333333,0.0,48.1204,,,473.069375,104.69093333333336,1249.4656666666667,-1594.594,6848.9364,600.0141000000001,,6771.465666666666,6872.461466666667,828.3118,336.974,767.7315,18160.594,52.3493,205.64,0.4043666666666667,858.5561,2655.1504,208.95406666666668,154.389,311.65000000000003
Malaysia,2015,1.139,282.99,1728.33,603.39,646.8,693.83,0.0,1425.29,0.0,22.24,0.0,22276.16,5453.79,-31115.201099999995,5748.38,4380.132533333333,28599.24815,51725.694175,80786.7243,23.594866666666665,174.7145,31939.0976,30663.0431,1276.0545,4396.2736,2379.0796666666665,22243.901166666667,84126.16666666667,1442.182,19036.371033333333,2019.8887,36.5498,4756.4705,3207.2068,5.867633333333333,,2282.5883000000003,2321.8169666666668,36.6318,-156530.0,7135.132866666667,6142.870000000001,,-38748.040166666666,3207.5301333333337,544.1708333333333,525.018,802.685,0.0,1182.5176,842.7,1187.5897,11916.322275,3414.3928,6.784666666666666,2969.908,7204.333333333333
Myanmar,2015,1.192,103.16,4586.75,16562.01,1262.19,478.14,1.31,12679.37,62.84,6.35,1.29,29189.92,2287.45,88579.47406666668,11074.8535,5083.920266666667,71365.7854,77333.60305,51450.50045,272.2114666666667,2067.7685,14739.8238,14140.2613,599.5625,21856.28713333333,31227.604466666668,88883.70763333334,10666.133333333331,30149.35,59143.93526666667,219.88285,7580.3064,3899.0841,136.674125,3.2083,100.49216666666666,408.54905,151.89623333333336,9534.438066666668,-5689.563,54068.670600000005,349.7475,,34510.803466666664,29739.772366666668,5952.941133333334,2576.383,5186.262,58680.2297,361.8442333333333,1057.35,57.60293333333333,4703.004675,29663.494,585.053,644.8775,2694.633333333333
Philippines,2015,0.953,174.89,2124.72,6511.81,1393.81,699.8,0.0,1401.06,0.0,155.4,0.0,11580.66,6333.58,35774.5038,7292.853,7345.3757,43045.74525,67728.4676,72861.85855,338.7385333333333,1515.7205,0.0,0.0,0.0,32366.5424,10213.877533333334,43328.0282,42083.13333333333,8713.4656,43296.63353333333,217.6894,31.394666666666662,0.0,1392.58685,132.15416666666667,1317.570066666667,1617.5167,1121.2027666666663,56.1454,-20702.0,42619.02506666667,3879.26475,,-6844.521266666668,31.394666666666662,2491.673,926.705,1943.139,0.0,677.6084666666667,885.1,63.96176666666667,10549.7241,43618.6968,38.60326666666666,2907.2885,6684.566666666667
Singapore,2015,,21.18,4.88,14.15,8.37,3.75,0.0,1.16,0.0,0.08,0.0,10.15,2.53,36.34183333333333,13.515,179.00996666666666,1713.3013500000002,23502.421375,23484.08805,,,0.0,0.0,0.0,0.2385,11.718866666666663,35.87196666666667,21220.466666666664,0.3388,11.8974,,0.0,0.0,343.2641,1.5732333333333333,,1027.324975,240.49456666666663,0.0,1.4096,11.8974,5519.21,,24.444433333333333,23.974566666666664,2.6615333333333333,5.512,7.7645,71.9237,,101.58333333333331,,1686.397375,,0.0,0.2385,2619.2233333333334
Thailand,2015,1.244,310.0,4066.42,22697.77,976.65,369.01,0.0,5160.71,12.54,31.44,0.11,11021.61,6892.14,48611.95263333333,12088.7435,11891.8937,65934.9493,144535.209475,142101.129,463.6908666666666,2268.718,1027.9127,984.4792,43.4335,35645.6694,9489.215333333334,53291.06340000001,105497.33333333331,8210.2804,50710.308,539.8121,1675.6632,0.0,3826.6707,616.1922666666666,6417.339333333333,6938.546725,2438.7732666666666,2012.8364666666664,-1.9433,45366.512,16794.745,,3245.4406333333336,2580.7554,2154.7237333333333,993.008,1798.449,2715.2766,5015.636266666667,1889.45,0.0,25966.65175,43519.112,202.67346666666663,6985.135,14951.7
Viet Nam,2015,1.234,255.72,2098.53,7810.61,872.19,201.24,0.0,5855.45,65.55,6.26,18.44,10589.34,5022.45,42746.17413333333,16562.871,5394.025733333333,50867.29995,109823.62335,115454.6096,354.9674,2797.4195,4137.638,3975.829,161.809,34250.32853333333,15728.095133333334,52681.0269,78869.0,12201.2128,52529.42383333333,5233.133,151.60306666666665,0.0,3709.306333333333,42.1555,108.6728,1749.078,1180.3396333333333,428.742,-27786.0,50254.1558,11154.067749999998,,-7507.981666666667,151.60306666666665,4762.693266666666,1667.91,2578.9535,0.0,949.9917,1091.8,631.0581,11356.529775,38688.8432,167.87713333333332,9356.779,9216.366666666669
Brunei Darussalam,2016,1.556,7.28,9.82,17.73,13.67,20.12,0.0,6.87,0.0,0.22,0.0,507.32,26.6,190.23836666666668,67.098,113.0725,469.554925,3886.020475,3793.4786,0.0568666666666666,0.2385,266.1339,255.6134,10.5205,5.637066666666667,54.137,205.7207,3954.204666666667,7.1988,152.05366666666666,,0.5636666666666666,56.43155,111.960125,0.0316333333333333,,78.30955,51.6709,0.5636666666666666,-46.447,66.8492,721.25045,,123.38916666666668,53.667033333333336,12.679466666666668,22.419,32.5685,46.447,0.0,14.893,1.8845333333333332,315.2644,6.8068,0.0438,1.3515,65.32166666666667
Cambodia,2016,1.462,23.72,1282.33,6665.05,432.83,42.8,0.0,1682.43,656.29,0.44,2.32,7062.24,383.69,33570.150733333336,2185.9055,1108.0831,25285.208525,30051.60975,16490.60085,114.79866666666668,728.4055,0.0,0.0,0.0,9835.679933333333,4980.5996000000005,31991.025566666667,4660.5,4846.0468,15489.1967,,1587.3209333333334,0.0,162.9454,,,172.821575,183.2577,3414.678533333333,-743.5238,14433.602766666663,681.3556,,18081.3452,16501.828866666667,837.1037666666666,347.574,802.844,44743.5238,0.3911666666666666,498.2,37.87083333333333,1291.93935,13545.8344,672.5436666666667,307.082,824.6733333333333
Indonesia,2016,1.405,1253.49,10079.0,18112.39,5347.51,4445.94,0.0,7524.54,0.0,2053.64,0.0,118614.4,23724.49,124636.5475,44589.6685,49784.67886666666,212002.766625,343094.575625,322074.2497,663.1461333333333,4260.6965,314185.4759,309257.3504,9856.251,56241.18273333333,33716.46546666667,208178.3433,279075.3333333333,23166.8192,176161.6539,7900.9299,225.967,55012.47583333333,9936.480075,280.8634666666666,68.17626666666668,1350.9191,3126.3436333333334,226.83626666666663,-312860.03655,90480.38526666666,15699.665,,28027.10123333333,32016.6894,3816.09076,4344.94,9773.2265,225381.86985,1110.307366666667,3339.0,3548.4411333333337,55869.00915,62751.8304,80.9464,16354.5545,30588.666666666668
Lao People's Democratic Republic,2016,1.348,11.96,1487.87,2759.86,248.56,0.0,0.0,7330.85,93.18,0.0,0.0,10768.52,423.12,16690.26066666667,1611.5975,364.6124333333334,10977.044150000002,23743.32353333333,14199.241733333334,51.31946666666666,325.42,0.0,0.0,0.0,2145.5794666666666,4702.2027333333335,13333.6854,6088.086666666667,4566.408,7202.717099999999,,1205.6746666666666,0.0,97.48216666666669,,,543.59725,114.4886,2049.4151333333334,7708.1191,7146.178866666666,660.0143,,9544.0818,6130.9683,892.7167333333333,354.411,793.4365,14775.8809,56.53823333333333,310.05,0.9937333333333332,976.7801,2677.64,298.379,138.33,318.26666666666665
Malaysia,2016,1.558,296.68,1756.13,611.25,653.5,693.07,0.0,1448.31,0.0,24.39,0.0,22124.34,5525.13,31813.3189,5704.337,4407.1913,43766.7949,100210.994175,82031.56240000001,23.842,175.3505,32366.6555,31073.8265,1292.829,4380.552266666667,2318.7854,41887.736,84729.13333333335,1420.2552,18533.0704,2159.5637,75.87886666666667,6194.3384,3324.6817,6.451233333333334,,2432.7419,2401.7226333333333,79.0746,-143787.8567,7115.1649333333335,6805.129999999999,,24239.242366666665,23354.665600000004,509.5689,520.6455,806.3155,37624.4817,601.0517,821.5,1256.2060333333334,12350.9929,3450.5184,12.852866666666666,2909.1965,7451.033333333333
Myanmar,2016,1.418,103.26,4523.76,16406.76,1269.16,483.53,1.31,12592.69,63.29,6.49,1.93,29505.71,2262.9,84917.20103333333,11481.5225,5107.5328,69511.685625,74436.718825,52095.23675,271.6080666666667,2039.387,14699.4093,14101.5958,597.8135,21824.471,32474.81653333333,86248.30500000001,10394.566666666666,31339.938,60353.10926666667,209.6057,4292.149466666667,3064.83495,156.59145,5.170966666666667,105.35996666666666,417.61025,210.0598666666667,5378.8875333333335,-5681.4689,55128.55826666667,534.06805,,29788.642766666668,25895.195733333338,6235.838533333333,2641.838,5376.691,58679.4689,524.0190666666666,723.45,100.4795,4825.456875,29464.1172,430.7265333333333,825.793,2742.8
Philippines,2016,1.416,178.92,2129.76,6495.14,1393.84,698.89,0.0,1405.85,0.0,155.79,0.0,11566.48,6351.06,35634.89696666667,7839.336,7405.584466666667,43601.3437,71842.961075,76966.5247,329.95866666666666,1472.234,0.0,0.0,0.0,32075.460666666662,10352.8298,43260.3924,47611.0,8785.9128,43219.199,265.0524,41.1934,0.0,1581.963575,148.92729999999997,1445.8380333333334,1844.23015,1211.2080666666668,66.80406666666667,-20694.6667,42466.31513333333,3989.26335,,-6831.418166666666,41.1934,2561.3921333333333,943.4795,1957.767,0.0,752.8838666666667,895.7,6.565633333333333,11156.0494,42680.19,38.00513333333333,3465.8555,6628.566666666667
Singapore,2016,,21.87,4.88,13.36,8.37,3.81,0.0,1.12,0.0,0.08,0.0,10.37,2.39,-14.730066666666668,13.833,180.8822,1753.0701749999998,17754.567450000002,17774.7341,,,0.0,0.0,0.0,0.2385,11.982133333333332,24.7877,14005.4,0.3528,12.1588,,0.0,0.0,362.070975,1.0592666666666666,,1055.77635,240.2345,0.0,-87.23165,9.41528,5332.28,,-26.88886666666667,12.6289,2.7016,5.6445,7.95,63.98335,,100.7,,1734.4794,,0.0,0.2385,2471.68
Thailand,2016,1.547,311.99,4051.99,22594.64,976.6,368.49,0.0,5129.62,12.5,31.2,0.11,11128.94,6932.31,45881.94673333334,13576.9835,11884.171333333332,68317.5935,141373.56005,144125.78905,491.2177333333333,2513.048,1027.9127,984.4792,43.4335,39596.842533333336,9690.7724,55140.88563333333,101408.0,8411.3904,53717.2498,551.9335,1412.0591333333332,17.36505,3959.2702666666655,635.9333333333333,6142.307233333334,7911.0748,2594.726133333333,2023.5138,-18098.6667,49551.5854,18569.325,,-3669.638666666667,1423.6358333333335,2186.0438,1009.5705,1836.132,0.0,3837.504666666667,1823.2,0.7531666666666667,26961.929275,47970.5632,235.03246666666664,8174.7995,15233.566666666666
Viet Nam,2016,1.202,256.53,2090.47,7748.43,878.01,205.0,0.0,5833.05,64.52,6.26,18.58,10676.69,5018.21,-8904.641866666663,15784.9105,5450.761066666667,52385.077175,73082.5246,117028.82415,349.7726,1726.104,2095.9718000000003,3885.1531,153.39524999999998,33335.679200000006,16137.4686,52874.61943333333,79994.0,12404.084,52706.711566666665,5052.997,167.90786666666665,0.0,4901.1984,30.3816,83.27313333333333,2044.7632,1397.5380666666667,524.3273333333333,-117955.55665,49690.4242,12082.031,,-58595.06606666666,167.90786666666665,4952.883066666666,1730.927,1454.75725,4618.865,1721.2363333333333,1176.6,698.3146333333334,12729.1126,43958.9332,111.86126666666668,5802.26775,9460.233333333332
Brunei Darussalam,2017,1.223,7.52,9.85,17.63,13.67,20.12,0.0,6.88,0.0,0.22,0.0,507.31,26.45,147.93493333333333,64.3155,113.02230000000002,441.1216500000001,4144.08485,4081.0275,0.0531333333333333,0.212,262.6174,252.2294,10.388,5.2927333333333335,51.6246,163.41726666666668,4515.181333333334,6.7284,147.93493333333333,,0.0,0.0,108.047025,0.0346333333333333,,85.7371,51.42883333333333,0.0,-46.447,63.858466666666665,589.70045,,84.07646666666666,15.482333333333337,12.229666666666668,21.3855,30.9785,46.447,0.0,14.628,1.8802,318.5587,6.3196,0.0,1.3515,66.31093333333332
Cambodia,2017,1.059,26.49,1280.13,6570.69,433.59,42.94,0.0,1683.09,656.0,0.43,2.29,7072.91,465.55,33957.736066666665,2571.1625,1117.9681666666663,26103.025025000003,30782.5515,17477.16315,125.15093333333334,788.322,0.0,0.0,0.0,10366.442933333334,4967.5054666666665,33024.4203,4869.7,4972.3884,16217.609433333331,,1892.3029333333332,0.0,163.07250000000002,,,192.1903,193.1569,3073.8511333333336,-743.5238,16217.218266666669,994.6892666666666,,17740.5178,16806.810866666667,887.0320666666667,347.2295,801.095,44743.5238,0.3911666666666666,553.85,49.16183333333333,1334.7098,13939.1,883.268,634.516,852.0433333333334
Indonesia,2017,0.949,1258.79,10104.34,17130.33,5349.55,4442.01,0.0,7545.37,0.0,2080.91,0.0,118418.9,24825.18,115262.36053333334,49005.814,50029.79913333334,205386.94785,336624.5454,326894.7398,691.5758000000001,4377.217,314849.17755,309899.2028,9899.9495,57487.01686666667,38145.01093333333,198252.34516666667,277391.0,29360.786,181651.1626,8873.9581,40.626,13863.976666666667,10843.006225,198.1555666666667,0.0,1442.85745,3178.5361666666668,51.406733333333335,-294835.03655,102289.2864,16783.025,,12973.074133333334,16601.182566666666,6277.4837333333335,6100.6445,12339.8575,234457.86985,568.4076666666666,3312.5,2851.2902,56697.688975,64527.8256,57.27646666666666,16288.1455,31593.666666666668
Lao People's Democratic Republic,2017,1.139,12.06,1488.47,2734.89,249.95,0.0,0.0,7332.36,93.62,0.0,0.0,10762.88,449.69,15207.956533333336,1620.846,367.4437,10400.01195,23297.24953333333,15124.7788,47.1916,303.372,0.0,0.0,0.0,2095.2212,4825.200133333333,12446.5023,7102.166666666667,4674.2472,7091.078399999999,,430.1302666666666,0.0,109.86506666666668,,,618.73165,116.38613333333336,677.8040666666667,7708.1191,7035.4858,760.0145,,8172.470733333333,5355.423900000001,922.9412,365.1965,813.9475,14775.8809,55.5926,230.55,1.5098333333333331,1065.135225,2630.3396,115.06446666666666,138.33,326.75
Malaysia,2017,1.11,305.8,1768.47,614.9,653.51,693.11,0.0,1458.13,0.0,25.8,0.0,22054.98,5558.11,27559.930966666667,5435.0175,4425.6711,41345.499325,97569.788225,82418.84634999999,23.740333333333336,168.3545,32536.5731,31237.1191,1299.454,4179.860933333333,2312.391333333333,38409.02166666666,87115.46666666667,1253.1148,19143.57773333333,2584.0011,0.4602666666666666,173.6338,3475.8263500000003,4.717533333333334,,2610.322375,2321.839266666667,0.4602666666666666,-28429.6834,7358.675133333333,5479.09,,20201.255833333333,19265.44393333333,586.4773333333334,529.4965,806.236,57447.6834,1372.5295666666668,792.35,989.8839333333334,12538.733075,3434.3764,0.1183333333333333,2631.4765,7583.966666666667
Myanmar,2017,1.339,103.45,4508.51,16378.74,1273.57,485.69,1.31,12567.59,63.49,6.49,2.07,29594.05,2235.83,87488.51153333334,12752.277,5130.895766666667,71455.752375,77213.04925000001,55055.6982,272.592,2022.056,14683.6241,14086.4731,597.151,22268.855666666663,34786.65893333333,88714.56233333335,11013.4,33318.0512,63066.55506666666,220.26645,5146.634333333333,1412.3249500000002,212.135675,16.839233333333333,100.84086666666666,431.358825,160.04313333333332,6240.093733333334,-5681.4689,57945.3768,822.0406,,29543.134733333336,25648.007266666667,6761.900933333333,2870.798,5848.285,58679.4689,425.6872333333333,845.35,146.3182666666667,4919.8306250000005,29558.3288,491.7792,1413.987,2789.2000000000003
Philippines,2017,1.016,179.93,2132.11,6476.6,1394.11,698.55,0.0,1408.05,0.0,155.82,0.0,11558.25,6372.32,37765.006166666666,8718.606,7461.451300000001,45783.123175,77563.716575,82725.5173,344.1702666666667,1590.2915,0.0,0.0,0.0,34255.49226666667,10369.281933333334,45497.134366666665,52227.66666666666,8791.2972,45485.280300000006,281.4482,11.854066666666666,0.0,1706.794325,170.99476666666666,1474.4498666666668,2105.577875,1257.9624333333334,15.821266666666666,-20694.6667,44647.40713333333,4456.76195,,-6882.400966666667,11.854066666666666,2556.5684666666666,952.463,1975.31,0.0,837.8731666666666,930.15,5.192533333333333,11660.2724,45076.15,22.63293333333333,4200.5415,6863.166666666667
Singapore,2017,,22.24,4.9,12.99,8.37,3.78,0.0,1.11,0.0,0.08,0.0,10.44,2.32,-14.246466666666668,14.416,181.5464333333333,1777.830875,18776.46015,18796.6268,,,0.0,0.0,0.0,0.2385,12.465733333333333,25.2713,13940.166666666666,0.3528,12.6424,,0.0,0.0,344.8271,1.4999333333333331,,1083.03615,258.306,0.0,-118.5533,12.6424,6199.695,,-26.88886666666667,12.6289,2.796533333333333,5.883,8.2945,37.8867,,108.29666666666668,,1758.8774,,0.0,0.2385,2734.8033333333333
Thailand,2017,1.127,321.45,4049.07,22407.27,977.71,369.75,0.0,5132.19,12.23,31.09,0.11,11146.2,7091.33,46916.08443333333,14972.9505,11908.453999999998,69827.403,144044.688325,146671.4646,493.1632,2573.097,1027.9127,984.4792,43.4335,40563.65293333333,9665.181266666666,55938.91033333333,102053.0,8387.4168,54171.28893333334,559.3139,1767.6214,0.0,3981.601433333333,586.1621,5877.928233333333,8835.04135,2835.488233333333,2202.3608,-18098.6667,50418.4528,19694.4,,-3502.368366666667,1767.6214,2187.7064,1003.7405,1825.0815,0.0,3424.6764,1823.2,8.166733333333333,27873.22025,48005.0368,160.64713333333333,9527.598,15615.833333333334
Viet Nam,2017,1.156,267.36,2087.75,7714.52,878.38,207.82,0.0,5844.74,64.83,6.24,18.64,10695.36,5010.14,-9191.844266666669,15970.3045,5508.4008,52408.7237,74999.2503,119163.2483,346.57553333333334,2680.952,3975.2445,3819.7955,155.449,33281.21826666667,16221.277066666667,52807.526966666665,79759.66666666667,12625.3708,52753.36236666667,5393.953,54.1646,0.0,4582.224266666666,60.84836666666666,155.1264,2250.562825,1513.8409,255.8486,-181243.3333,49693.4864,14171.6335,,-58885.33066666667,54.1646,4798.803866666666,1743.9915,2764.374,0.0,1786.6108000000002,1152.75,451.59563333333335,12803.078475,38095.4448,87.36026666666667,8625.538,9767.166666666666
Brunei Darussalam,2018,1.101,7.64,10.02,17.72,13.67,20.1,0.0,7.05,0.0,0.22,0.0,506.63,26.58,151.0401,67.84,113.28013333333332,470.76565,4376.2879250000005,4312.654,0.0336,0.212,265.0032,254.5357,10.4675,4.966066666666666,54.25046666666666,166.52243333333334,4569.8240000000005,6.0256,151.0401,,0.0,0.0,120.6067,0.0406666666666666,,99.411825,52.26793333333333,0.0,-46.447,66.19486666666667,777.25045,,84.84523333333333,15.482333333333337,13.0274,22.8695,32.9395,46.447,0.0,15.847,2.2184000000000004,345.873825,5.8352,0.0,1.3515,67.28783333333332
Cambodia,2018,0.756,28.25,1281.46,6507.02,442.79,43.0,0.0,1693.95,656.84,0.39,2.22,7049.56,528.65,33647.51906666667,2660.0965,1126.908233333333,26070.63985,30957.93655,18079.159625,126.00433333333332,809.522,0.0,0.0,0.0,10597.5238,4953.8052,32889.4055,5034.3,4956.07,16476.2077,,1498.6898666666666,0.0,189.04476666666665,,,211.281625,209.8574,2505.0358666666666,-743.5238,16475.816533333335,1363.3563333333334,,17171.702533333333,16413.197799999998,886.168,346.62,798.763,44743.5238,0.3911666666666666,532.65,63.92836666666667,1403.585725,14192.5392,924.5070666666668,705.1915,876.9733333333334
Indonesia,2018,0.87,1265.52,10149.24,16956.67,5350.05,4437.55,0.0,7582.72,0.0,2110.93,0.0,118110.5,25192.28,196530.35393333333,51154.3015,50158.358166666665,266576.868775,441209.85045,372928.7697,632.5713999999999,4353.2875,316777.5394,311794.25415,9966.5705,60347.01286666666,38221.893,279527.5918333333,332228.0,28795.1468,185408.4789,8839.0153,376.8023333333333,127315.7307,11232.352175,308.9066,0.0,1675.888575,2610.7434666666663,401.9853333333333,-289258.53655,105488.91293333333,18058.585,,91041.441,94119.11293333334,6376.3056,6340.708,12632.5235,289614.86985,590.0632,4293.0,2672.898866666667,56931.1749,67357.1864,275.6128,17861.212,32581.33333333333
Lao People's Democratic Republic,2018,0.854,12.09,1496.21,2685.11,250.17,0.0,0.0,7333.23,98.16,0.0,0.0,10722.58,526.38,14977.554133333331,1658.953,371.14630000000005,10373.365025,23516.540666666668,15443.267466666666,40.91493333333333,266.0335,0.0,0.0,0.0,1898.1161333333328,4913.303733333333,12294.1621,7316.383333333334,4769.3744,6962.6429333333335,,406.2255333333333,0.0,105.63259999999998,,,704.250025,119.38526666666668,578.6065333333333,7708.1191,6904.2809333333325,925.0148,,8073.2732,5331.519166666666,929.3751333333332,372.113,834.379,14775.8809,58.362,226.31,1.8269,1152.74345,2333.3408,92.87873333333332,186.4275,455.0533333333333
Malaysia,2018,1.078,310.3,1781.28,621.35,653.47,692.28,0.0,1467.57,0.0,26.67,0.0,21963.54,5616.36,29887.16026666667,4829.7575,4452.440766666667,43258.11195,104266.4202,87071.2352,24.2188,172.462,32658.5992,31354.3752,1304.224,3900.0994666666666,2188.4072666666666,40725.29603333333,92903.06666666664,1204.4424,18774.04956666667,2664.7221,23.320533333333334,4168.0472,3420.58735,6.005966666666666,,2810.399475,2332.0702,24.09013333333333,-28429.6834,6960.246933333333,5856.15,,22926.91333333333,21951.246466666667,573.1872,484.1815,734.209,57447.6834,1362.3442333333337,861.25,965.4466333333334,12714.139925,3506.678,2.255666666666667,2134.681,7849.3
Myanmar,2018,1.12,103.66,4514.4,16368.67,1276.75,487.02,1.31,12583.27,65.09,6.49,2.31,29581.14,2230.69,71359.55106666667,8202.757,5155.9283,60683.087225,67667.8154,45193.79565,288.28926666666666,2126.1745,14670.3,14073.7055,596.5945,23588.897200000003,17029.09346666667,74090.7963,14648.433333333334,17293.1416,47710.86783333333,228.2479,4413.0454666666665,3610.59005,296.1716,13.439299999999998,96.529,429.10735,317.99666666666667,5201.064466666667,-5681.4689,41394.1914,733.5271,,29965.359666666667,26379.928466666668,2844.9794,1216.5355,2766.494,58679.4689,1625.4412666666667,771.15,116.88963333333334,5114.99,31327.7524,378.48873333333336,1496.9585,2723.633333333333
Philippines,2018,1.03,180.81,2136.13,6466.26,1394.06,697.73,0.0,1411.8,0.0,155.79,0.0,11544.4,6388.76,37321.85436666667,8091.9605,7516.748433333333,46840.74855,79299.089725,84458.95765,341.1979333333333,1574.5505,0.0,0.0,0.0,33760.262533333334,10408.726,44962.89353333334,54285.66666666666,8808.9904,44950.11893333334,390.0954,12.7746,0.0,1847.123,104.84873333333331,2759.57,2362.3048,1301.6511333333333,18.398333333333333,-20694.6667,44201.67826666666,4851.77395,,-6879.8239,12.7746,2580.9292,955.749,1976.953,0.0,748.4406666666665,938.1,66.01766666666667,13118.5784,44969.3384,32.6916,3584.708,7030.166666666667
Singapore,2018,,22.43,4.91,12.79,8.37,3.78,0.0,1.11,0.0,0.08,0.0,10.48,2.28,-14.047400000000003,14.6545,182.51110000000003,1779.994025,21543.59195,21563.7586,,,0.0,0.0,0.0,0.2385,12.682466666666665,25.470366666666667,17286.899999999998,0.35,12.841466666666667,,0.0,0.0,337.58535,0.8496333333333334,,1112.6349,230.86723333333336,0.0,-118.5533,12.841466666666667,6464.56,,-26.88886666666667,12.6289,2.8384666666666667,5.989,8.427,37.8867,,96.10666666666668,,1760.89125,,0.0,0.2385,2736.4166666666665
Thailand,2018,0.883,327.1,4053.1,22391.83,977.98,369.81,0.0,5134.79,14.09,31.23,0.11,11151.36,7087.0,44354.33493333333,13268.7355,11943.4917,69595.07355,139651.3912,143129.8026,509.9031333333333,2553.9375,1029.4364,985.9499,43.4865,39235.05466666666,9638.216133333332,53932.24123333333,96326.0,8340.794,53077.21223333333,379.2348,855.029,0.0,4160.227966666666,634.8855,5610.95,9982.83125,3068.013333333333,1066.3570666666667,-18098.6667,48992.2168,21256.54,,-4637.881866666667,855.029,2196.893466666667,1004.3765,1816.8135,0.0,3756.345466666666,1717.2,6.768533333333333,29145.892625,47683.6948,89.93733333333334,7850.1215,16034.666666666666
Viet Nam,2018,0.849,274.49,2093.55,7677.19,878.44,210.28,0.0,5870.77,65.36,6.23,18.56,10680.3,5020.58,-9297.576,16165.583,5564.750466666667,53755.749025,84171.0855,128310.24475,337.1568,2707.028,3968.2748,3813.0908,155.184,32870.394733333334,16483.595866666667,52845.81473333333,88714.0,12735.3408,52737.845433333336,5156.2687,96.3894,17.36985,5315.0534,167.36036666666666,51.458266666666674,2598.3264,1469.2812666666669,279.62193333333335,-181243.3333,49554.636333333336,16324.4425,,-58852.21233333333,107.96930000000002,4910.023,1796.382,2828.6365,0.0,1912.1788333333332,1468.1,1077.4221333333332,14121.387975,37414.4736,97.1916,8678.3525,10067.033333333333
Brunei Darussalam,2019,1.348,7.65,10.25,18.0,13.67,20.05,0.0,7.24,0.0,0.22,0.0,505.57,26.99,164.8201,63.918,113.4316,485.5544,4618.897525,4541.9914,0.0298666666666666,0.1855,261.1763,250.8413,10.335,4.619866666666667,50.72493333333333,180.30243333333337,4915.87,5.8576,145.89236666666667,,0.1872666666666666,28.1107,118.487825,0.2442333333333333,,106.0139,51.116866666666674,0.1872666666666666,-46.447,62.2786,749.70045,,102.54149999999998,34.410066666666665,12.122533333333337,21.3325,30.7135,46.447,0.0,14.9725,2.9748,350.327575,5.348,0.0438,1.3515,68.25766666666668
Cambodia,2019,1.529,28.61,1283.86,6415.56,453.55,43.1,0.0,1704.68,656.17,0.39,2.25,7028.29,617.7,33056.992333333335,2552.5065,1134.688133333333,25940.875,31593.23175,19018.7117,125.01106666666668,794.1255,0.0,0.0,0.0,10575.158,4925.926133333333,32513.45656666667,5904.633333333334,4923.926,16291.356766666666,,1307.5918666666666,0.0,259.3536,,,239.360675,251.4504333333333,2099.3600666666666,-743.5238,16290.9656,1952.0233333333333,,16766.026733333332,16222.099799999998,883.4831333333333,345.348,794.3905,44743.5238,0.3911666666666666,463.75,109.7371,1555.7825749999995,14262.4524,789.8814666666667,618.6425,901.4933333333332
Indonesia,2019,1.033,1272.43,10201.05,16981.29,5347.22,4432.27,0.0,7628.34,0.0,2134.85,0.0,117817.6,25340.38,293641.58913333336,49863.0625,50328.817500000005,339713.3956,540020.4268499999,397141.1075,586.222,4074.6665,323822.354,318808.925,10026.858,56216.1566,39570.49213333333,376504.9818333333,363864.0,29867.7176,183562.16406666665,8632.8563,1873.8496,336344.0549333333,11751.801625,145.6847,0.0,1831.719,2213.0053666666668,2055.865333333333,-301254.53655,103135.83,19577.485,,190505.7591333333,192942.81776666667,6589.216066666667,6562.0095,13042.2135,220838.36985,613.0507333333334,5194.0,2769.7253,57334.659225,63212.9204,664.5916,16157.315,32955.666666666664
Lao People's Democratic Republic,2019,2.085,12.1,1504.42,2657.54,250.3,0.0,0.0,7310.29,98.7,0.0,0.0,10713.67,576.9,15905.945000000002,1734.213,374.5636666666667,10870.504975,24087.048333333336,15373.235466666663,39.9748,256.5465,0.0,0.0,0.0,1920.8872,5084.143,12848.5662,6937.756666666665,4907.028,7238.9587,,684.3138666666667,0.0,129.73226666666667,,,782.0871749999999,96.413,1219.1462,7708.1191,7192.1321333333335,1000.015,,8713.812866666667,5609.607499999999,977.3501333333334,389.7355,863.3965,14775.8809,46.82656666666667,267.65,1.9486,1234.080325,2340.2904,187.1196,224.5345,398.2366666666667
Malaysia,2019,1.338,312.13,1800.97,627.32,654.87,691.22,0.0,1485.26,0.0,28.17,0.0,21862.51,5670.35,30391.3235,4292.7615,4469.342033333333,43984.828875,106155.077625,88228.78115,23.244200000000003,158.4435,32979.104,31662.5575,1316.5465,3399.642,2205.579533333333,41120.45663333333,94743.13333333336,1163.5148,18297.30396666667,2650.5597,36.92433333333333,5455.5008,3469.809,36.035833333333336,,3091.662625,2552.473033333333,37.8756,-28429.6834,6489.594866666666,5880.31,,23901.72863333333,22823.152666666665,577.5393333333333,511.662,766.8835,57447.6834,1253.5232666666666,863.9,835.9823666666666,13144.4864,3366.9272,6.675666666666667,1539.226,7989.3
Myanmar,2019,1.776,103.78,4515.59,16297.96,1282.01,488.1,1.31,12495.81,66.12,6.49,2.31,29722.1,2239.22,71385.83263333332,8691.576,5170.7718,60515.545525,67795.049125,45281.976,280.2051333333333,2048.3175,14682.4779,14085.6714,596.8065,23163.7426,17394.269,73691.0907,14590.466666666664,17610.74,47766.94963333334,292.06295,5036.765066666667,1991.32955,380.614225,18.50743333333333,101.21516666666666,460.756075,237.00173333333336,6328.654,-5681.4689,41368.4018,805.99965,,30017.43083333333,25924.141066666663,2922.562,1254.934,2841.8865,58679.4689,1703.324033333333,855.95,152.2711666666667,5247.227525,30327.3572,412.5192,1949.6315,2771.8
Philippines,2019,1.118,183.06,2143.34,6458.42,1393.99,696.37,0.0,1418.46,0.0,155.94,0.0,11518.58,6407.59,36648.449700000005,8448.9685,7582.589266666667,46870.648825,80775.684825,85916.28325,334.01473333333337,1558.041,0.0,0.0,0.0,33032.38333333333,10435.472066666667,44324.10903333333,56471.0,8778.4732,44303.91716666667,136.4101,20.191866666666662,0.0,1992.5679,98.67916666666666,2809.042,2593.351225,1345.7601666666667,44.091,-20694.6667,43502.58093333334,5066.77255,,-6854.1312333333335,20.191866666666662,2599.3312666666666,975.1205,2000.644,0.0,801.3362333333333,959.3,173.9898333333333,13627.56705,43574.3224,34.72553333333333,3915.163,7186.233333333334
Singapore,2019,,22.88,4.94,12.32,8.37,3.75,0.0,1.11,0.0,0.08,0.0,10.57,2.2,-14.5916,14.0185,183.36976666666664,1820.1566,18316.5938,18336.76045,,,0.0,0.0,0.0,0.2385,12.138266666666668,24.926166666666663,11828.033333333336,0.3472,12.297266666666667,,0.0,0.0,351.34635,0.9111333333333334,,1141.308275,227.4624333333333,0.0,-118.5533,12.297266666666667,7261.995000000001,,-26.88886666666667,12.6289,2.720133333333333,5.724,8.056,37.8867,,95.4,,1801.461975,,0.0,0.2385,2830.623333333333
Thailand,2019,1.782,327.85,4055.27,22289.57,978.61,368.78,0.0,5104.45,14.21,31.6,0.11,11203.43,7164.51,43143.2333,12127.884,11970.504833333334,69520.0211,142058.334975,144056.8445,479.1549333333333,2303.91,1069.5326,1024.4826,45.05,35946.200333333334,9614.321933333333,52283.47636666667,98935.66666666669,8293.796,49998.0225,388.8662,2285.4538666666667,0.0,4279.823166666666,621.6204,5576.372033333333,10998.826325,3159.531166666666,3026.715333333333,-18098.6667,45807.91266666667,22386.635,,-2664.6793666666667,2285.4538666666667,2201.681266666667,1008.6165,1816.5485,0.0,3848.615633333333,1958.35,7.309633333333334,30307.413825,43942.9256,217.3394,6953.759,16177.799999999996
Viet Nam,2019,1.819,275.27,2098.68,7281.86,878.61,212.2,0.0,5869.1,65.4,6.23,18.56,10763.7,5326.15,-10472.724066666668,16235.7285,5609.2084,55745.5152,106238.30695,150315.5945,328.7826,2665.7145,3991.5257,3835.4407,156.085,32441.76513333333,15660.037266666666,53462.96483333333,116009.0,12777.6012,53356.59649999999,5175.3903,100.57833333333332,8.684999999999999,6746.203233333334,268.4424,36.42703333333333,3032.072175,1384.6835666666666,360.4574666666667,-181243.3333,48296.992666666665,18492.225,,-58769.716733333335,106.36833333333333,3984.6031333333335,1739.301,2996.2755,0.0,3781.1236,1688.05,1051.5312,15648.291575,36825.404,91.1178,8678.3525,10333.133333333331
Brunei Darussalam,2020,1.372,7.74,10.47,18.18,13.67,20.03,0.0,7.44,0.0,0.22,0.0,504.62,27.28,195.65233333333333,71.179,113.3981,520.1188500000001,4874.93395,4780.24015,0.0531333333333333,0.2915,266.0582,255.5377,10.5205,5.345733333333333,56.94606666666666,211.13466666666667,5130.466666666667,5.852,154.57316666666668,,0.5636666666666666,60.77325,122.756625,1.403433333333333,,114.927325,46.53383333333333,0.5636666666666666,-46.447,69.39393333333334,818.80045,,126.2584,56.5615,13.6992,24.221,34.7945,46.447,0.0,19.239,4.1099000000000006,361.76785,6.3196,0.0745333333333333,1.3515,69.233
Cambodia,2020,1.401,28.65,1283.57,6311.4,453.57,43.14,0.0,1706.04,655.98,0.39,2.25,7032.46,716.71,33176.55446666666,2538.5145,1142.8417333333334,26246.91985,31909.4411,19162.27825,124.29106666666668,797.4645,0.0,0.0,0.0,10584.0216,4885.541466666667,32756.41733333333,6051.566666666667,4894.708,16455.3482,,1386.5612,0.0,358.72436666666664,,,245.18145,269.694,2329.5504666666666,-743.5238,16180.337333333337,2090.690333333333,,16996.217133333335,16301.069133333333,866.9250000000001,342.3535,790.866,44743.5238,275.0108666666667,447.85,141.30706666666666,1679.60685,14284.3008,710.7724,607.8305,928.5433333333334
Indonesia,2020,1.225,1309.96,10247.79,16956.67,5346.68,4418.09,0.0,7664.73,0.0,2143.39,0.0,117587.4,25480.69,125508.53103333332,52653.539,50485.43863333333,213713.488175,395715.178275,379967.2097,538.6191333333334,3944.4455,251162.233,241068.436,10093.797,58254.1996,39468.288466666665,208603.2677333333,339278.6666666667,30539.9528,185537.4486,9405.8465,101.2296,24146.01445,12378.178175,96.72013333333332,0.0,1561.4517,1996.9554333333333,108.91426666666666,-247297.0731,104511.2396,19685.53,,20997.291433333336,23065.81913333333,6390.157266666666,6305.145,12772.099,20601.7397,670.0636666666667,3710.0,2047.4805,57261.037375,63090.8964,59.537733333333335,19538.0525,34112.333333333336
Lao People's Democratic Republic,2020,1.618,12.11,1509.4,2609.71,249.96,0.0,0.0,7293.05,99.26,0.0,0.0,10717.67,632.76,17901.425333333333,1753.558,378.2335,12047.20675,26204.485466666665,15898.777,41.0604,258.3485,0.0,0.0,0.0,2038.0562666666667,5234.048333333333,14289.0504,6855.363333333332,5038.7988,7640.566433333333,,1723.1903333333332,0.0,143.18046666666666,,,866.206875,95.58686666666668,2811.0418000000004,7708.1191,7595.716866666667,1180.0151999999998,,10305.708466666663,6648.483966666667,1012.4154666666668,403.595,890.082,14775.8809,44.84956666666667,384.25,1.9486,1330.41895,2535.6128,323.5946,201.5325,404.8533333333333
Malaysia,2020,1.337,316.95,1808.06,629.27,655.12,688.58,0.0,1491.17,0.0,28.45,0.0,21827.27,5687.94,27847.985,4620.116,4484.808466666666,41988.252125,104217.72375,88288.50395,22.319,155.926,33149.4355,31826.211,1323.2245,3502.9408666666664,2222.6378,38506.5466,93624.26666666668,1159.6284,18399.84473333333,2582.9521,11.3882,1419.1288,3808.873125,52.45243333333334,,3132.804,2052.9389,11.4702,-28429.6834,6609.0252666666665,6571.01,,21238.959733333333,20106.701866666663,578.3893333333333,522.3415,784.4,57447.6834,1182.0824666666667,779.1,771.0362,13108.342175,3230.7828,1.2988,1834.224,8203.966666666667
Myanmar,2020,1.589,104.0,4536.15,16292.29,1277.7,487.64,1.31,12491.62,66.83,6.48,2.31,29715.95,2238.52,76888.31270000001,9454.9615,5140.9447,63395.617775,72329.260575,46248.14895,278.22606666666667,2025.395,14675.4092,14078.9472,596.462,23319.0956,17815.462066666667,77245.99783333333,14783.933333333334,17988.1576,46945.62296666667,335.85565,8053.637866666667,4030.37105,424.330975,7.707866666666668,100.1179,466.78295,516.2245333333334,9728.919066666667,-5681.4689,42113.4972,905.47605,,34774.815500000004,30300.374866666665,3006.1596666666665,1297.97,2927.826,58679.4689,139.14336666666668,1089.15,104.44203333333331,5461.1194,29928.6008,581.2982000000001,2607.3085,2833.3666666666663
Philippines,2020,1.289,187.85,2146.26,6444.48,1393.99,693.95,0.0,1420.94,0.0,155.88,0.0,11512.11,6420.27,37264.9817,8701.699,7620.969233333334,47232.16725,78434.021475,83566.5518,339.47906666666665,1589.6555,0.0,0.0,0.0,33630.26586666666,10445.766933333334,44880.242966666665,52857.66666666666,8787.0328,44847.65476666667,365.0198,32.5882,0.0,2098.595125,103.41756666666669,2531.206833333333,2683.039525,1065.0548333333334,54.84846666666667,-20694.6667,44108.35546666667,4915.0352,,-6843.373766666667,32.5882,2606.887733333333,972.4175,1998.8685,0.0,739.2993,850.65,278.14576666666665,13571.985025,44205.7672,32.32266666666667,4140.7575,7335.566666666667
Singapore,2020,,23.91,5.02,11.54,8.37,3.54,0.0,1.1,0.0,0.05,0.0,10.64,2.06,-14.514733333333334,14.2305,182.0867,1859.379825,23705.30645,23725.4731,,,0.0,0.0,0.0,0.265,12.197466666666664,25.00303333333333,18804.3,0.35,12.374133333333331,,0.0,0.0,371.674225,0.8162333333333334,,1158.169425,231.47553333333332,0.0,-118.5533,12.374133333333331,7489.915000000001,,-26.88886666666667,12.6289,2.6538,5.8035,8.162,37.8867,,92.39666666666666,,1840.62755,,0.0,0.265,2738.34
Thailand,2020,1.543,329.66,4056.27,22239.23,978.56,367.59,0.0,5094.93,14.19,31.66,0.11,11219.24,7206.96,47620.85966666666,13432.903,11985.323799999998,74518.675875,144083.80975,145898.73195,518.102,2557.8595,1071.4944,1026.4179,45.0765,40236.632,9578.0006,56086.03413333333,95605.66666666669,8263.2032,53422.26673333333,427.2782,2663.7674,0.0,4460.397933333333,498.6917666666666,6633.302633333333,12283.6644,3158.665766666667,3270.853333333333,-18098.6667,50040.75593333333,23645.565,,-2419.896266666667,2663.7674,2189.0569333333333,1006.1255,1814.084,0.0,3039.3715,1799.35,15.173166666666669,32454.150275,49010.1752,196.07606666666663,8009.7575,16158.233333333332
Viet Nam,2020,1.498,278.73,2101.32,7281.56,878.5,212.22,0.0,5862.97,65.41,6.23,18.55,10799.96,5290.32,-10436.712000000003,16363.5115,5649.690866666667,54604.9589,111319.1485,155220.16615,315.873,2605.0295,3988.8739,3832.8949,155.979,31633.457266666665,16263.511066666666,51571.030300000006,120655.33333333331,13000.7444,51209.99903333333,5654.5288,129.45553333333334,347.3636,6909.438033333333,431.5429,35.46853333333333,3303.20145,1247.976,370.5468666666666,-181243.3333,48097.978200000005,19780.0075,,-58534.690200000005,361.0312666666667,4313.581133333333,1841.0345,3083.116,0.0,1834.3892,1764.9,672.3539333333334,15926.686175,35692.9944,97.02386666666666,8678.3525,10656.966666666667
Brunei Darussalam,2021,1.083,8.09,10.55,18.13,13.67,19.98,0.0,7.46,0.0,0.22,0.0,504.34,27.19,160.35366666666667,76.956,113.4458,496.0149,4520.56125,4455.5178,0.0587333333333333,0.318,270.8798,260.1738,10.706,6.016733333333334,60.45733333333334,169.85420000000002,4867.0,3.7492,160.35366666666667,,0.0,0.0,123.418275,1.4265,,122.6452,44.567933333333336,0.0,-28.5016,73.62906666666667,688.2505,,86.72460000000001,9.500533333333331,14.9042,26.659,37.9215,28.5016,0.0,17.9935,3.974166666666667,368.62425,7.294,0.0,1.3515,70.39833333333333
Cambodia,2021,0.887,30.03,1283.25,6260.13,453.55,43.22,0.0,1705.92,655.78,0.39,2.25,7036.21,763.4,42668.96406666667,2644.8855,1149.1449666666667,33780.940775,39009.74855,19707.29915,129.26946666666666,861.0115,0.0,0.0,0.0,11340.966933333337,4789.2478,42669.7104,5772.333333333333,4810.3384,17199.899633333334,,1585.7296,0.0,438.7502666666667,,,264.2281,277.31686666666667,2394.5992,-1626.2435,16932.364866666667,2297.3573333333334,,25736.5992,25469.810766666666,840.8502,334.854,777.4305,71652.2435,267.53476666666666,482.3,154.02773333333332,1778.6579500000005,15284.9452,802.1324666666666,671.5895,952.81
Indonesia,2021,1.007,1335.83,10250.66,16931.04,5364.01,4398.94,0.0,7670.79,0.0,2151.49,0.0,117550.0,25502.69,178542.82773333334,52417.424,50632.1551,202241.333125,440517.9433,384164.82105,523.8675999999999,3951.044,251518.7046,241407.9211,10110.7835,57747.20453333334,38894.81593333333,190811.8028333333,344442.3333333333,30990.0444,184575.17136666668,10163.1967,65.427,9256.8067,12972.1809,208.8954,0.0,1616.6403,2326.096833333333,66.54039999999999,-34708.6667,103405.3314,20659.3225,,75137.49633333333,6236.631466666667,6161.863333333334,5900.3045,12209.0535,0.0,700.5329333333333,3763.0,2836.6668333333328,59132.481,61637.6964,22.823933333333333,20246.2385,34317.666666666664
Lao People's Democratic Republic,2021,1.156,13.06,1516.67,2606.21,249.15,0.0,0.0,7262.74,100.77,0.0,0.0,10745.6,629.71,11385.714466666666,1780.5085,380.683,11780.17885,20382.3014,16404.064000000002,37.5378,245.0985,0.0,0.0,0.0,1909.2442666666664,5389.9492666666665,13786.605466666668,6623.613333333332,5204.7268,7457.274966666667,,492.2832666666666,0.0,139.77376666666666,,,976.428925,95.9893,685.5707333333334,-7633.1417,7407.477066666666,2755.0154,,3978.2374,6329.330499999999,1030.720733333333,414.1155,920.0005,17511.1417,49.797900000000006,234.79,1.9486,1440.22475,2361.1672,108.28353333333332,201.294,379.77
Malaysia,2021,1.114,322.35,1807.53,629.34,656.3,685.76,0.0,1493.81,0.0,29.34,0.0,21819.78,5688.6,28971.018033333337,5303.71,4486.4091,42184.539475,106863.463525,90437.22775,22.43933333333333,159.6095,33268.6487,31941.0517,1327.597,3980.9174666666654,2202.1639333333333,37970.7886,95606.46666666667,1187.8272,19123.89243333333,2686.1437,11.848466666666669,1849.173,4065.0782,66.822,,3407.5493,2014.3585,11.848466666666669,-22776.7971,7069.370333333333,6756.75,,21901.6477,18846.896166666666,554.0464666666667,510.284,774.065,52806.7971,1407.5048666666669,747.3,848.7898333333334,13706.448025000002,3245.9532,1.2242666666666666,2532.1545,8399.933333333332
Myanmar,2021,1.636,107.05,4546.73,16264.95,1278.18,487.64,1.31,12521.43,67.1,6.48,2.31,29702.85,2234.77,74850.6223,8858.2345,5128.3071666666665,61680.69245,70279.620275,46239.9487,289.5921333333333,2099.7805,14656.3088,14060.6153,595.6935,23424.755466666666,18478.51773333333,75164.88976666667,14008.266666666668,18585.2968,47629.0583,296.92355,6796.457666666666,1769.3467500000002,418.455875,6.1789,79.42256666666667,471.444025,397.73696666666666,8518.014733333333,-5674.0946,42797.72686666667,981.37855,,32052.89543333333,27535.831466666667,3139.6295333333333,1364.6175,3058.418,58679.4279,144.45966666666666,985.8,79.90586666666665,5307.025125,30863.266,497.307,1739.725,2881.566666666667
Philippines,2021,1.141,192.63,2143.16,6422.02,1395.66,692.17,0.0,1418.16,0.0,156.34,0.0,11530.14,6425.47,35187.2843,8523.407,7624.350666666666,47950.191025,80040.022875,86761.57425,343.99493333333334,1630.81,0.0,0.0,0.0,34073.36146666667,10057.173666666667,45345.39230000001,56185.333333333336,8772.7696,45330.19343333333,380.1025,15.198866666666667,0.0,2136.522175,106.8844,2736.6499666666664,2908.7658,1193.6765333333333,18.8204,-26942.6667,44149.3528,5457.73465,,-8962.0685,15.198866666666667,2247.0088,923.8165,2018.664,0.0,1180.8406333333337,906.3,72.88256666666668,13941.1468,45013.0968,18.833466666666663,3950.1165,7466.233333333334
Singapore,2021,,24.09,5.05,11.42,8.37,3.49,0.0,1.12,0.0,0.04,0.0,10.62,2.04,11.659733333333334,13.409,180.7577333333333,1892.708375,24343.4298,24343.4298,,,0.0,0.0,0.0,0.265,11.483066666666666,11.659733333333334,19022.266666666663,0.3444,11.659733333333334,,0.0,0.0,372.74285,0.8579666666666667,,1202.634075,229.83316666666664,0.0,0.0,11.659733333333334,7815.52,,0.0,0.0,2.4908,5.459,7.685,0.0,,95.75333333333332,,1883.963575,,0.0,0.265,2907.5333333333333
Thailand,2021,1.053,350.83,4058.22,22223.99,978.3,367.12,0.0,5092.67,14.21,31.62,0.08,11229.36,7192.02,67833.4916,13298.23,11966.528733333333,88127.567425,159144.1587,146085.0218,508.2272,2622.122,1083.2822,1037.7022,45.58,40804.7386,9480.5566,73071.5682,93409.0,8152.41,53698.243166666674,446.2121,1566.8309333333334,0.0,4483.203466666667,501.2551666666668,6530.014833333334,13381.960425,2959.501366666667,2094.0596,-8502.8157,50421.30906666667,24720.565,,17412.182533333333,19373.32503333333,2175.2838,1003.555,1801.9735,53419.4823,2931.0333666666666,1587.35,0.0,33323.891275,49997.6484,105.6058,7824.9995,16930.733333333334
Viet Nam,2021,1.12,296.41,2101.91,7254.83,878.3,213.25,0.0,5846.97,65.43,6.23,18.55,10835.14,5278.73,48135.89473333334,16489.0685,5726.814166666667,58764.04925,152323.38605,152476.59,312.54813333333334,2641.838,3995.7206,3839.4766,156.244,31646.084733333333,16512.737866666666,55580.74093333333,115140.33333333331,13065.6344,53879.04896666666,5254.9818,74.8186,8.6848,7713.734266666667,592.8496,29.66913333333333,3453.160175,1177.155,314.11266666666666,-10275.2505,48340.16666666666,20792.79,,-204.27193333333332,1701.6919666666663,4460.558933333333,1885.7135,3126.9205,4863.2505,4259.056766666668,1783.45,1175.2285333333334,17078.49355,35680.1144,77.1814,8678.3525,10908.933333333332
Brunei Darussalam,2022,1.125,8.63,10.63,17.99,13.66,19.98,0.0,7.48,0.0,0.22,0.0,504.06,26.98,159.48873333333333,76.267,113.8982,490.759475,3945.7353,3880.801,0.0587333333333333,0.2915,270.4432,259.7372,10.706,5.999066666666667,59.73793333333333,168.98926666666668,4832.366666666666,3.6176,159.48873333333333,,0.0,0.0,122.1344,1.4117666666666666,,118.101325,46.26083333333333,0.0,-28.5016,72.90966666666667,139.2505,,86.57906666666666,9.500533333333331,14.731866666666669,26.394,37.524,28.5016,0.0,18.1525,3.4718,364.017525,7.294,0.0,1.3515,71.356
Cambodia,2022,0.902,31.36,1266.71,6252.46,454.32,43.38,0.0,1678.39,655.03,0.39,2.25,7099.14,750.71,40564.52213333334,2400.0255,1156.6876,32535.627975000003,37584.76475,19133.46565,127.213,838.301,0.0,0.0,0.0,10619.472,4718.529666666666,41005.28196666667,5916.333333333333,4715.648,16238.5934,,882.6074,0.0,480.6045333333333,,,271.9248,285.9090333333333,1259.7321333333332,-1626.2435,15962.79,2370.0242,,24601.732133333328,24766.688566666664,845.0798666666666,331.7005,762.8025,71652.2435,275.8034,424.0,89.78763333333332,1781.6664999999998,14432.8688,624.8022666666667,467.2215,979.4733333333334
Indonesia,2022,0.97,1395.84,10234.73,16725.11,5370.63,4389.1,0.0,7655.15,0.0,2155.95,0.0,117641.4,25587.54,173951.36866666665,49853.3105,50769.77359999999,200228.16715,504207.924,450857.05765,554.3406666666666,4136.3585,251461.7181,241353.5846,10108.1335,55544.97,40515.3618,186172.6919333333,433725.3333333333,31946.152,183921.1378333333,10163.1967,35.440133333333335,3324.17095,13209.292125,799.9158666666666,0.0,1932.83195,2628.5469666666663,36.7352,-34708.6667,102816.8802,20710.3975,,71134.48846666668,2251.5541,6458.6718,6285.482,12853.401,0.0,653.0627666666667,3948.5,3022.729933333333,60598.6482,61879.65,17.792733333333334,16469.9355,34354.333333333336
Lao People's Democratic Republic,2022,0.981,14.74,1526.28,2499.94,248.43,0.0,0.0,7226.83,106.02,0.0,0.0,10786.77,714.93,11126.1124,1834.436,383.3526,11671.803675,20460.4328,16767.708466666667,35.31346666666667,241.892,0.0,0.0,0.0,1845.668,5521.724666666666,13622.748266666667,7165.706666666668,5327.9184,7491.483966666667,,294.21706666666665,0.0,153.82926666666663,,,977.015875,97.83836666666669,400.05766666666665,-7633.1417,7433.388066666666,2450.0156,,3692.724333333333,6131.2643,1056.5714,425.2985,944.4865,17511.1417,58.0959,234.26,1.9486,1454.742475,2250.8808,66.01306666666666,222.759,379.0966666666666
Malaysia,2022,1.053,337.85,1798.97,626.15,656.74,684.41,0.0,1488.2,0.0,29.9,0.0,21850.81,5659.77,27716.127233333333,4754.153,4513.013333333333,41369.9868,112570.805425,96782.9152,22.090533333333337,152.3485,32831.576,31521.363,1310.213,3561.0580666666665,2231.0679333333333,36779.91003333333,104107.33333333331,1202.11,18644.245033333333,2686.1437,0.9205333333333332,798.71815,4113.31665,55.78906666666666,,3538.955025,2185.1559,0.9205333333333332,-22776.7971,6665.6069333333335,6850.81,,21050.5203,18135.665,542.0349333333334,526.5285,804.911,52806.7971,1471.5171,813.55,527.7039666666667,13785.054275,3195.9508,0.0056,1960.152,8594.166666666666
Myanmar,2022,1.38,109.89,4557.73,16229.17,1281.56,491.13,1.31,12492.89,67.54,6.48,2.55,29750.71,2229.85,70337.19189999999,7805.4425,5129.958066666667,59374.138000000006,67268.877025,46247.5921,290.51546666666667,2127.632,14618.4339,14024.4894,593.9445,22778.34993333333,18829.721133333333,71840.89816666667,14457.5,18853.9904,47133.2286,296.92355,3963.905666666667,1775.9319,430.5865500000001,9.309633333333334,70.90563333333334,527.682175,530.9731666666667,4501.151066666666,-5674.0946,42308.812,1121.1831,,28028.3799,24707.669566666664,3227.751866666667,1410.6745,3138.289,58679.4279,149.5868,739.35,107.83203333333334,5493.464375,31069.2172,304.7779333333333,534.9025,2909.333333333333
Philippines,2022,1.107,201.41,2140.98,6416.83,1396.04,691.35,0.0,1415.18,0.0,156.49,0.0,11537.18,6420.27,35284.86083333333,8967.494,7665.2534,47943.307575,81817.23177500001,88543.86185,340.74933333333337,1620.74,0.0,0.0,0.0,34366.10666666667,9874.077066666669,44937.33736666667,57788.66666666666,8614.2504,44927.615033333335,380.1025,9.722333333333331,0.0,2177.6785,97.54233333333332,2829.4838,2907.40015,1326.0989333333334,12.0488,-26942.6667,44253.70093333333,5827.961149999999,,-8968.8401,9.722333333333331,2172.5578,920.0535,2017.9485,0.0,673.9141,903.65,161.8884,14240.30455,45008.544,13.534866666666666,4408.752,7643.066666666667
Singapore,2022,,24.69,5.1,10.97,8.29,3.44,0.0,1.12,0.0,0.02,0.0,10.65,1.96,9.357533333333334,10.706,183.43786666666665,1893.5261,24658.29315,24658.29315,,,0.0,0.0,0.0,0.212,9.2162,9.357533333333334,18967.3,0.3472,9.357533333333334,,0.0,0.0,359.02067500000004,0.8712333333333334,,1220.414225,225.12160000000003,0.0,0.0,9.357533333333334,8087.355,,0.0,0.0,1.9887333333333328,4.346,6.148,0.0,,97.16666666666669,,1886.50795,,0.0,0.212,3020.76
Thailand,2022,0.943,379.97,4060.9,22146.73,978.67,369.45,0.0,5077.72,14.23,31.79,0.07,11311.84,7167.02,67764.80503333332,15959.201,11966.623333333331,89307.1012,161482.508775,149791.2111,508.4268,2645.76,1087.5756,1041.6511,45.9245,42725.639,9386.2332,73340.44189999999,94827.66666666669,8034.5972,55340.40873333334,446.2121,193.53906666666668,0.0,4531.21,637.1530666666666,7312.898566666667,13471.429325,3177.164933333333,268.9576666666667,-8502.8157,52176.40813333334,25889.705,,15588.396900000002,18000.033166666664,2166.1077333333333,1003.3695,1792.2215,53419.4823,2816.783566666667,1582.05,0.0,34301.769775,50208.1328,33.9196,10471.9255,17143.233333333334
Viet Nam,2022,1.036,327.29,2095.02,7206.27,878.12,215.73,0.0,5808.69,65.36,6.22,18.54,10925.06,5249.46,48542.78113333334,17593.509,5761.189666666666,58003.314525,150938.78334999998,151166.78535000002,307.206,2580.093,3975.058,3819.609,155.449,31873.9656,16822.44193333333,53813.00973333333,114280.66666666669,13125.9408,52143.95189999999,5254.9818,47.97433333333333,0.0,7615.6365,791.6331999999999,29.66913333333333,3705.97425,1356.2467666666666,226.79433333333336,-10275.2505,48846.7838,19570.5725,,-304.00266666666664,1669.0578333333335,4657.8532000000005,1941.602,3179.311,4863.2505,2023.9651,1685.4,1277.4081,17643.557225,35032.9924,46.763133333333336,9737.054,11210.566666666666
